Store_ID,Product_ID,Current_Stock,Reserved_Stock,available_stock,avg_daily_demand,demand_std,Min_Lead_Time_Days,safety_stock_used,reorder_point,needs_reorder,recommended_order_qty,is_overstocked,Maximum_Capacity
BST-001,PROD-001,2581,140,2441,16.824103284286338,2.2146555615382844,1,1493.0,1509.8,False,0,True,6175
BST-001,PROD-002,10,3,7,22.31157950531758,2.4115870573557294,1,9.0,31.3,True,256,False,266
BST-001,PROD-003,2118,242,1876,12.38614105799417,1.7039714730921152,1,705.0,717.4,False,0,True,6404
BST-001,PROD-004,21,0,21,14.902326129250863,2.04446775846345,1,6.0,20.9,False,133,False,175
BST-001,PROD-005,4257,310,3947,19.13526658864956,3.685793457056849,1,653.0,672.1,False,0,True,5398
BST-001,PROD-006,1861,140,1721,17.578823939760657,2.6365070149680063,1,465.0,482.6,False,0,True,2810
BST-001,PROD-007,1776,387,1389,14.52416129898428,1.9319818613600686,1,368.0,382.5,False,0,True,2368
BST-001,PROD-008,39,3,36,12.184491609403468,1.617153717055399,1,5.0,17.2,False,108,False,147
BST-001,PROD-009,16,3,13,13.550954496898296,2.0624701302041344,1,6.0,19.6,True,145,False,161
BST-001,PROD-010,18,1,17,4.814756824086942,0.6029323803069179,1,4.0,8.8,False,42,False,60
BST-001,PROD-011,304,11,293,6.225650554748406,0.99745642214294,1,487.0,493.2,True,281,True,2409
BST-001,PROD-012,485,18,467,7.3156709203723285,0.8420204835592949,1,460.0,467.3,False,0,True,3073
BST-001,PROD-013,8,4,4,7.425836001306474,1.1639715370676837,1,4.0,11.4,True,80,False,88
BST-001,PROD-014,26,5,21,9.659549063542602,1.3062621081725203,1,4.0,13.7,False,93,False,119
BST-001,PROD-015,11,2,9,5.040505375628918,0.735487832621279,1,4.0,9.0,False,49,False,60
BST-001,PROD-016,12,4,8,3.8189030011768397,0.5057530220901741,1,4.0,7.8,False,40,False,52
BST-001,PROD-017,6,4,2,1.0975560378471394,0.16818312394465398,1,4.0,5.1,True,17,False,52
BST-001,PROD-018,4153,426,3727,2.416892191277689,0.34911588659510684,1,915.0,917.4,False,0,True,4935
BST-001,PROD-019,50,5,45,23.6158304223656,2.9355145451742155,1,10.0,33.6,False,244,False,294
BST-001,PROD-020,72,4,68,31.43775880704734,4.202049544038029,1,13.0,44.4,False,296,False,368
BST-001,PROD-021,66,4,62,21.6436590087611,2.9319487829396955,1,9.0,30.6,False,200,False,266
BST-001,PROD-022,208,20,188,17.046688441918096,2.258482867991924,1,152.0,169.0,False,203,False,2015
BST-001,PROD-023,15,0,15,14.284622212841914,1.653868052099526,1,6.0,20.3,True,160,False,175
BST-001,PROD-024,2113,28,2085,12.106828345239817,1.6027577911820141,1,967.0,979.1,False,0,True,4046
BST-001,PROD-025,445,94,351,7.156905850780545,1.0842774855383392,1,913.0,920.2,True,662,True,4343
BST-001,PROD-026,1740,284,1456,5.910518558407864,0.861876050074295,1,1004.0,1009.9,False,0,True,8013
BST-001,PROD-027,17,0,17,4.792600791921575,0.7338223808402533,1,4.0,8.8,False,43,False,60
BST-001,PROD-028,10,0,10,4.922389226830897,0.7969294297259713,1,4.0,8.9,False,50,False,60
BST-001,PROD-029,5782,391,5391,3.783211353165688,0.436817806654662,1,1488.0,1491.8,False,0,True,6174
BST-001,PROD-030,9,3,6,4.863720616297541,0.6213782918759225,1,4.0,8.9,True,51,False,60
BST-001,PROD-031,7,3,4,1.0115344617766069,0.011315525878086699,1,4.0,5.0,True,14,False,52
BST-001,PROD-032,15,1,14,1.0040958035760348,0.01015538446058573,1,4.0,5.0,False,4,False,52
BST-001,PROD-033,1008,286,722,1.005085133041015,0.009815043566778038,1,1110.0,1111.0,True,402,True,7818
BST-001,PROD-034,13,5,8,1.0037491559871257,0.00977197216138649,1,4.0,5.0,False,10,False,52
BST-001,PROD-035,39,1,38,0.002043103133709115,0.0002212000980103732,1,4.0,4.0,False,0,True,52
BST-002,PROD-001,1397,113,1284,42.15030018638794,9.777362204753324,1,164.0,206.2,False,0,False,4734
BST-002,PROD-002,3116,309,2807,54.40492291417406,12.069977590829213,1,405.0,459.4,False,0,True,6508
BST-002,PROD-003,26,2,24,31.44326536671124,7.189699650242734,1,11.9,43.3,True,163,False,189
BST-002,PROD-004,243,73,170,15.64263354106976,4.61616683581341,1,288.0,303.6,True,337,False,1236
BST-002,PROD-005,16,2,14,18.449729538809947,5.389444161610227,1,10.0,28.4,True,254,False,287
BST-002,PROD-006,4864,461,4403,16.640409516824374,4.6187564876731,1,1911.0,1927.6,False,0,True,9393
BST-002,PROD-007,66,3,63,14.992211768495265,3.8495123886919775,1,8.0,23.0,False,155,False,228
BST-002,PROD-008,49,3,46,11.740833058725682,2.9955834312291243,1,7.0,18.7,False,125,False,189
BST-002,PROD-009,1496,430,1066,13.66879261238431,3.8939901986722925,1,438.0,451.7,False,0,True,6713
BST-002,PROD-010,20,5,15,4.872010133874727,1.3930821085772038,1,4.0,8.9,False,57,False,77
BST-002,PROD-011,7612,475,7137,6.026325279183892,1.3587498070508126,1,909.0,915.0,False,0,True,7875
BST-002,PROD-012,28,0,28,7.274314639598807,1.7035129947288257,1,4.0,11.3,False,78,False,116
BST-002,PROD-013,8,4,4,7.172862900840472,2.0388012085450127,1,4.0,11.2,True,100,False,116
BST-002,PROD-014,18,5,13,10.013425144752846,2.6860757134346014,1,5.0,15.0,True,132,False,154
BST-002,PROD-015,3057,277,2780,5.070114426730167,1.296835892304473,1,1111.0,1116.1,False,0,True,4575
BST-002,PROD-016,2597,118,2479,3.614779722189655,1.039598086368483,1,1500.0,1503.6,False,0,True,8256
BST-002,PROD-017,4,3,1,1.2338462795232528,0.30816337239692076,1,4.0,5.2,True,20,False,52
BST-002,PROD-018,9,4,5,2.5304978784341357,0.714136847809522,1,4.0,6.5,True,34,False,52
BST-002,PROD-019,4988,323,4665,52.55936818961056,12.134921457153405,1,350.0,402.6,False,0,True,6018
BST-002,PROD-020,28,0,28,63.75706701002872,14.732740292106218,1,24.3,88.1,True,448,False,476
BST-002,PROD-021,4282,352,3930,47.885588572583735,11.548779803468419,1,138.0,185.9,False,0,True,6149
BST-002,PROD-022,79,5,74,16.574390077922168,4.463486496817859,1,9.0,25.6,False,167,False,266
BST-002,PROD-023,45,1,44,14.781547335002687,4.1204974168227,1,8.0,22.8,False,171,False,228
BST-002,PROD-024,19,4,15,12.206913678729629,3.7048219338517825,1,7.0,19.2,True,163,False,189
BST-002,PROD-025,1896,430,1466,7.265947515215571,1.9076301260946515,1,235.0,242.3,False,0,True,3523
BST-002,PROD-026,15,4,11,6.180530247861735,1.716652181430103,1,4.0,10.2,False,79,False,94
BST-002,PROD-027,15,4,11,5.069805345285029,1.4132093276507947,1,4.0,9.1,False,62,False,77
BST-002,PROD-028,2750,82,2668,4.834765892031636,1.3235189237235137,1,433.0,437.8,False,0,True,4077
BST-002,PROD-029,12,1,11,3.6493695550591005,0.9485692457890612,1,4.0,7.6,False,44,False,56
BST-002,PROD-030,4037,374,3663,4.756832951828988,1.3624846297682485,1,422.0,426.8,False,0,True,4748
BST-002,PROD-031,1086,242,844,1.012688342811574,0.012182388026225729,1,506.0,507.0,False,0,True,2453
BST-002,PROD-032,1509,194,1315,1.0052630618240628,0.01131307529770147,1,214.0,215.0,False,0,True,4948
BST-002,PROD-033,6,2,4,1.0056202140928892,0.010394190659662345,1,4.0,5.0,True,14,False,52
BST-002,PROD-034,286,6,280,1.0042589719757484,0.010298090555284236,1,1849.0,1850.0,True,1583,True,8925
BST-002,PROD-035,39,1,38,0.0021467606363188355,0.00023256432558900133,1,4.0,4.0,False,0,True,52
BST-003,PROD-001,34,2,32,34.579697237659865,7.416387612088637,1,12.2,46.8,True,183,False,217
BST-003,PROD-002,38,3,35,41.66902647015102,9.060159319922679,1,14.9,56.6,True,238,False,276
BST-003,PROD-003,105,25,80,24.49375621122807,6.015693220243455,1,719.0,743.5,True,982,False,3464
BST-003,PROD-004,47,5,42,12.38039596856693,3.718500058430283,1,7.0,19.4,False,138,False,186
BST-003,PROD-005,0,0,0,15.743759698925473,4.841988768659701,1,8.0,23.7,True,228,False,231
BST-003,PROD-006,39,4,35,13.424541616023427,4.263169575932762,1,7.0,20.4,False,160,False,200
BST-003,PROD-007,49,0,49,11.948974053186449,2.9947967945737366,1,7.0,18.9,False,125,False,186
BST-003,PROD-008,456,45,411,9.900968177043724,2.540136544472744,1,487.0,496.9,True,215,True,3066
BST-003,PROD-009,39,0,39,10.895880962800595,3.2473428386479166,1,6.0,16.9,False,120,False,172
BST-003,PROD-010,99,20,79,3.6887312651083057,1.0240800082153025,1,578.0,581.7,True,551,False,4831
BST-003,PROD-011,24,3,21,4.762815452684644,1.3602059525448034,1,4.0,8.8,False,50,False,77
BST-003,PROD-012,679,67,612,5.959160813536097,1.4573263001176986,1,1023.0,1029.0,True,494,True,5683
BST-003,PROD-013,136,27,109,5.99443655027045,1.6443736930867487,1,285.0,291.0,True,260,False,5550
BST-003,PROD-014,109,15,94,8.031301457985634,2.0542683357912876,1,272.0,280.0,True,290,False,3992
BST-003,PROD-015,20,3,17,3.735634487747787,0.7975928893365555,1,4.0,7.7,False,39,False,63
BST-003,PROD-016,16,3,13,2.847985077785132,0.8884982273657462,1,4.0,6.8,False,31,False,52
BST-003,PROD-017,1136,44,1092,1.0412712353984441,0.09490971543568502,1,205.0,206.0,False,0,True,4036
BST-003,PROD-018,1898,341,1557,1.9921244824558626,0.6446517256647865,1,415.0,417.0,False,0,True,1930
BST-003,PROD-019,12,5,7,43.080491081695925,10.211461662036395,1,16.8,59.9,True,296,False,308
BST-003,PROD-020,3617,343,3274,53.949262520934376,12.998500847440212,1,1279.0,1332.9,False,0,True,6622
BST-003,PROD-021,942,161,781,38.26582700497248,9.004974492834219,1,113.0,151.3,False,0,False,1969
BST-003,PROD-022,27,3,24,13.974167768226877,3.995033056844581,1,8.0,22.0,False,180,False,217
BST-003,PROD-023,13,4,9,12.006120378856393,3.375097792493775,1,7.0,19.0,True,166,False,186
BST-003,PROD-024,15,4,11,9.880702783038016,2.7167525192724367,1,5.0,14.9,True,132,False,154
BST-003,PROD-025,7565,85,7480,5.83392164811097,1.4202718807989965,1,1363.0,1368.8,False,0,True,8657
BST-003,PROD-026,2206,341,1865,4.791114527503988,1.3058706908084676,1,503.0,507.8,False,0,True,2426
BST-003,PROD-027,701,40,661,3.9679318085679647,1.0881764491643038,1,176.0,180.0,False,0,True,3925
BST-003,PROD-028,21,3,18,3.8687377048412124,1.150996019806089,1,4.0,7.9,False,40,False,63
BST-003,PROD-029,9,1,8,2.884241026380367,0.9225137317765,1,4.0,6.9,False,36,False,52
BST-003,PROD-030,5,4,1,3.975344058747994,0.9475705535595659,1,4.0,8.0,True,58,False,63
BST-003,PROD-031,2710,258,2452,1.009300276257229,0.013880036484193862,1,449.0,450.0,False,0,True,3525
BST-003,PROD-032,15,2,13,1.0024114321542494,0.0127911596446954,1,4.0,5.0,False,5,False,52
BST-003,PROD-033,5,0,5,1.0018028502218173,0.010457885600785274,1,4.0,5.0,False,13,False,52
BST-003,PROD-034,13,2,11,1.0011165251567165,0.009879803281776841,1,4.0,5.0,False,7,False,52
BST-003,PROD-035,39,3,36,0.0021928555572909287,0.000234145781905477,1,4.0,4.0,False,0,True,52
BST-004,PROD-001,9,1,8,31.7383277720874,6.9900747336845095,1,11.5,43.2,True,194,False,203
BST-004,PROD-002,31,2,29,40.25619655620138,8.455401046514028,1,14.0,54.3,True,231,False,262
BST-004,PROD-003,17,3,14,22.75460438621496,5.217478731061982,1,8.6,31.4,True,127,False,144
BST-004,PROD-004,12,0,12,11.901174026434122,3.1902524783517605,1,6.0,17.9,True,161,False,175
BST-004,PROD-005,36,3,33,14.05248573603728,4.3578765405117865,1,8.0,22.1,False,172,False,217
BST-004,PROD-006,28,0,28,12.60980589989575,4.201294170380034,1,7.0,19.6,False,156,False,189
BST-004,PROD-007,26,1,25,11.021491514348256,3.038878618393204,1,6.0,17.0,False,135,False,175
BST-004,PROD-008,6354,432,5922,8.875608721933641,2.7580407771264785,1,416.0,424.9,False,0,True,7965
BST-004,PROD-009,32,4,28,10.3668960235297,3.2032027201413062,1,6.0,16.4,False,123,False,161
BST-004,PROD-010,13,3,10,3.68671658311892,0.8752274627592181,1,4.0,7.7,False,46,False,60
BST-004,PROD-011,9,5,4,4.57733590616526,1.2514521457474599,1,4.0,8.6,True,64,False,74
BST-004,PROD-012,5159,252,4907,5.599861621766638,1.6270709587033663,1,261.0,266.6,False,0,True,6561
BST-004,PROD-013,22,5,17,5.515126866172018,1.5625276800970063,1,4.0,9.5,False,64,False,88
BST-004,PROD-014,19,0,19,7.5115166730428955,1.9162132352188226,1,4.0,11.5,False,90,False,116
BST-004,PROD-015,4813,52,4761,3.7178643450297835,0.9392387316759692,1,1023.0,1026.7,False,0,True,5437
BST-004,PROD-016,5,5,0,2.7241273079453436,0.7749651301323103,1,4.0,6.7,True,42,False,52
BST-004,PROD-017,9,1,8,1.0404073299465373,0.08761815421556761,1,4.0,5.0,False,11,False,52
BST-004,PROD-018,837,0,837,1.862469199625015,0.6185628832501288,1,231.0,232.9,False,0,True,1359
BST-004,PROD-019,70,2,68,39.29457417315664,9.144953243611749,1,15.1,54.4,False,220,False,290
BST-004,PROD-020,3,3,0,47.28271645848349,10.57946846255261,1,17.5,64.8,True,361,False,364
BST-004,PROD-021,41,5,36,35.76805116198127,8.24266797324224,1,13.6,49.4,True,221,False,262
BST-004,PROD-022,912,272,640,13.235714976343226,3.6762819426238944,1,760.0,773.2,True,305,True,4167
BST-004,PROD-023,5549,117,5432,11.03549988658022,2.6619102081796733,1,811.0,822.0,False,0,True,8080
BST-004,PROD-024,43,5,38,9.292163412507808,2.756452975798728,1,5.0,14.3,False,97,False,144
BST-004,PROD-025,677,147,530,5.470996096358547,1.606237453873359,1,1080.0,1085.5,True,627,True,6715
BST-004,PROD-026,21,0,21,4.85094053961824,1.408988655800664,1,4.0,8.9,False,51,False,74
BST-004,PROD-027,981,91,890,3.6265258219985133,0.9632484543745211,1,209.0,212.6,False,0,True,3128
BST-004,PROD-028,6,1,5,3.737886111918342,1.044547772038453,1,4.0,7.7,True,51,False,60
BST-004,PROD-029,8,5,3,2.9665047110316616,0.7670624173500856,1,4.0,7.0,True,43,False,52
BST-004,PROD-030,599,42,557,3.830674360110958,1.1937664367337666,1,664.0,667.8,True,161,True,2886
BST-004,PROD-031,3974,242,3732,1.0085288731227045,0.015493588353829931,1,1350.0,1351.0,False,0,True,5563
BST-004,PROD-032,17,3,14,1.0025002071060642,0.014940959470173334,1,4.0,5.0,False,4,False,52
BST-004,PROD-033,3080,271,2809,1.0014048704644343,0.01136463954994054,1,968.0,969.0,False,0,True,4723
BST-004,PROD-034,3871,84,3787,1.001012430261716,0.010619067661688101,1,241.0,242.0,False,0,True,5866
BST-004,PROD-035,7873,447,7426,0.002245531303637956,0.00024018695038699673,1,2139.0,2139.0,False,0,True,8825
BST-005,PROD-001,13,0,13,6.986786301922146,0.9088972464208884,1,4.0,11.0,False,89,False,105
BST-005,PROD-002,5120,46,5074,9.037047432735891,1.167166651467698,1,340.0,349.0,False,0,True,5926
BST-005,PROD-003,24,0,24,5.052612810352751,0.42041061317192835,1,4.0,9.1,False,50,False,74
BST-005,PROD-004,1276,300,976,11.311922763134783,1.3850841186200327,1,1120.0,1131.3,True,302,True,4634
BST-005,PROD-005,0,0,0,13.965239587674459,2.0051796818754,1,4.0,18.0,True,112,False,112
BST-005,PROD-006,3121,293,2828,12.663913391429293,1.519088924028085,1,1162.0,1174.7,False,0,True,5532
BST-005,PROD-007,11,5,6,12.821711135246213,1.567390357390687,1,4.0,16.8,True,80,False,91
BST-005,PROD-008,16,0,16,5.088879284025986,0.6186625446537478,1,4.0,9.1,False,58,False,74
BST-005,PROD-009,2633,116,2517,5.506995208053719,0.7877755909504768,1,936.0,941.5,False,0,True,5295
BST-005,PROD-010,2244,194,2050,2.019650602646216,0.32910080194214547,1,315.0,317.0,False,0,True,4037
BST-005,PROD-011,18,4,14,2.42515160753392,0.3968053414121121,1,4.0,6.4,False,24,False,52
BST-005,PROD-012,6878,425,6453,3.0848236144941326,0.42468911857739217,1,1679.0,1682.1,False,0,True,9722
BST-005,PROD-013,11,2,9,8.882971961983134,1.04312239725478,1,4.0,12.9,True,41,False,52
BST-005,PROD-014,3,0,3,11.374006237276339,1.4001821045068796,1,4.0,15.4,True,57,False,60
BST-005,PROD-015,3972,226,3746,6.165266274981855,0.975029232339517,1,573.0,579.2,False,0,True,5025
BST-005,PROD-016,11,0,11,1.4463668917296264,0.34263507005901167,1,4.0,5.4,False,13,False,52
BST-005,PROD-017,13,5,8,1.005732956997092,0.012073591056007754,1,4.0,5.0,False,10,False,52
BST-005,PROD-018,4284,77,4207,1.008192701500423,0.013415374495562576,1,1703.0,1704.0,False,0,True,9090
BST-005,PROD-019,7219,116,7103,9.998561428410081,1.318872445478172,1,1683.0,1693.0,False,0,True,8646
BST-005,PROD-020,1700,436,1264,12.486682940075992,1.5476070326135467,1,1783.0,1795.5,True,694,True,9427
BST-005,PROD-021,35,1,34,9.132387792848473,1.1382721843971966,1,5.0,14.1,False,99,False,136
BST-005,PROD-022,9,2,7,6.675794439883593,0.9273381721425324,1,4.0,10.7,True,90,False,105
BST-005,PROD-023,13,4,9,6.088323188781564,0.9585773241221439,1,4.0,10.1,True,78,False,91
BST-005,PROD-024,23,5,18,4.955982062778372,0.71196134684077,1,4.0,9.0,False,51,False,74
BST-005,PROD-025,3358,93,3265,2.947519163649428,0.3119684499737021,1,1047.0,1049.9,False,0,True,5239
BST-005,PROD-026,3206,141,3065,2.5093504025406763,0.37139695716299215,1,953.0,955.5,False,0,True,6148
BST-005,PROD-027,794,34,760,2.059119842875431,0.13942278052305374,1,214.0,216.1,False,0,True,1275
BST-005,PROD-028,13,4,9,2.10615302643668,0.2699567673046937,1,4.0,6.1,False,24,False,52
BST-005,PROD-029,7,1,6,1.386983102105683,0.33129414495796544,1,4.0,5.4,False,17,False,52
BST-005,PROD-030,13,5,8,2.075531003924964,0.19368879333930686,1,4.0,6.1,False,25,False,52
BST-005,PROD-031,10,0,10,1.0060925900829651,0.010817995389474956,1,4.0,5.0,False,8,False,52
BST-005,PROD-032,1744,396,1348,1.0008605519872533,0.009874054264177447,1,961.0,962.0,False,0,True,8629
BST-005,PROD-033,5968,60,5908,1.0023754859400325,0.009542635422006573,1,229.0,230.0,False,0,True,6595
BST-005,PROD-034,13,1,12,1.0012115730667726,0.009447687595372409,1,4.0,5.0,False,6,False,52
BST-005,PROD-035,2531,300,2231,0.0024820220999658693,0.00026456680187660455,1,1174.0,1174.0,False,0,True,8227
BST-006,PROD-001,23,4,19,6.029605117447626,0.8874659183204616,1,4.0,10.0,False,65,False,88
BST-006,PROD-002,3996,383,3613,7.722755019462591,0.9610079844560655,1,916.0,923.7,False,0,True,9432
BST-006,PROD-003,10,2,8,4.270431803692586,0.5449800253046809,1,4.0,8.3,True,53,False,63
BST-006,PROD-004,0,0,0,9.907853598370663,1.0211004546551454,1,4.0,13.9,True,77,False,77
BST-006,PROD-005,0,0,0,12.88111831463448,1.580617333497681,1,4.0,16.9,True,94,False,94
BST-006,PROD-006,697,197,500,11.183724392706349,1.4180946077340435,1,889.0,900.2,True,546,True,3589
BST-006,PROD-007,4,4,0,10.978355437343112,1.5128319555233307,1,4.0,15.0,True,73,False,77
BST-006,PROD-008,8,1,7,4.2817627999622685,0.5971232981382811,1,4.0,8.3,True,55,False,63
BST-006,PROD-009,14,1,13,4.648873058785298,0.7021340965357495,1,4.0,8.6,False,56,False,70
BST-006,PROD-010,888,28,860,1.836415604107614,0.3194109612594248,1,1100.0,1101.8,True,266,True,9591
BST-006,PROD-011,18,1,17,2.1069657615584623,0.22406459813206234,1,4.0,6.1,False,16,False,52
BST-006,PROD-012,15,5,10,2.5994601199443466,0.29564877142796964,1,4.0,6.6,False,30,False,52
BST-006,PROD-013,2908,141,2767,7.347408843578445,0.8602049167243945,1,1101.0,1108.3,False,0,True,5476
BST-006,PROD-014,5754,480,5274,10.221772742023862,1.2243278218665836,1,815.0,825.2,False,0,True,6000
BST-006,PROD-015,14,4,10,5.330735424589641,0.8279231834444091,1,4.0,9.3,False,38,False,52
BST-006,PROD-016,6,5,1,1.025121915363289,0.06679235072021099,1,4.0,5.0,True,17,False,52
BST-006,PROD-017,13,0,13,1.003580321267916,0.012594926317310002,1,4.0,5.0,False,5,False,52
BST-006,PROD-018,1103,94,1009,1.0057082379765039,0.013920455610431244,1,422.0,423.0,False,0,True,6500
BST-006,PROD-019,2555,244,2311,8.505635335370528,1.1957484056609986,1,894.0,902.5,False,0,True,4445
BST-006,PROD-020,1845,276,1569,10.341161179177245,1.249673308096647,1,381.0,391.3,False,0,True,5200
BST-006,PROD-021,26,5,21,7.742490292398736,1.1077752305300648,1,4.0,11.7,False,90,False,116
BST-006,PROD-022,7,5,2,5.960939076586337,0.8728992442094634,1,4.0,10.0,True,81,False,88
BST-006,PROD-023,1706,16,1690,5.090654412627971,0.6133549438202149,1,1447.0,1452.1,False,0,True,6541
BST-006,PROD-024,19,5,14,4.337505609394063,0.45941910801585184,1,4.0,8.3,False,44,False,63
BST-006,PROD-025,5324,437,4887,2.3401053537848178,0.406510198417223,1,1356.0,1358.3,False,0,True,8096
BST-006,PROD-026,1800,225,1575,2.2135342289633297,0.32593316832538083,1,867.0,869.2,False,0,True,5113
BST-006,PROD-027,2039,93,1946,1.6555938688418617,0.3720179147409332,1,1265.0,1266.7,False,0,True,5117
BST-006,PROD-028,2191,124,2067,1.7604904859846038,0.31704711758262705,1,501.0,502.8,False,0,True,4703
BST-006,PROD-029,12,5,7,1.1138635187068402,0.17716300467643833,1,4.0,5.1,False,13,False,52
BST-006,PROD-030,16,3,13,1.5952327877253245,0.34224924714222665,1,4.0,5.6,False,13,False,52
BST-006,PROD-031,1678,208,1470,1.0043836369116856,0.011407065346827326,1,356.0,357.0,False,0,True,2310
BST-006,PROD-032,10,4,6,0.9988400698427983,0.010739103195584418,1,4.0,5.0,False,12,False,52
BST-006,PROD-033,3285,32,3253,1.0002960984631801,0.010310039631932494,1,373.0,374.0,False,0,True,3348
BST-006,PROD-034,13,5,8,0.9992050977379306,0.009929684188835485,1,4.0,5.0,False,10,False,52
BST-006,PROD-035,39,3,36,0.0024160372344975505,0.00025716432028501015,1,4.0,4.0,False,0,True,52
BST-007,PROD-001,46,4,42,18.782181860440385,2.1423292918457664,1,8.0,26.8,False,188,False,234
BST-007,PROD-002,2204,381,1823,23.688368381637883,2.926180349402374,1,305.0,328.7,False,0,True,2451
BST-007,PROD-003,9,1,8,14.271959061033355,1.894401953876061,1,6.0,20.3,True,159,False,168
BST-007,PROD-004,2254,499,1755,17.2427774049137,2.191123297260559,1,149.0,166.2,False,0,True,6591
BST-007,PROD-005,25,4,21,22.417641997278405,3.865776715953266,1,9.0,31.4,True,227,False,252
BST-007,PROD-006,1165,160,1005,19.952041106797346,3.0276458585370145,1,516.0,536.0,False,0,True,2142
BST-007,PROD-007,29,1,28,16.99254808819624,2.342121601786989,1,7.0,24.0,False,174,False,203
BST-007,PROD-008,38,0,38,14.05904597111495,2.15425146176887,1,6.0,20.1,False,130,False,168
BST-007,PROD-009,31,2,29,15.564397737424091,2.319402048279332,1,7.0,22.6,False,155,False,186
BST-007,PROD-010,804,103,701,5.3496333477003315,0.82440403266203,1,164.0,169.3,False,0,True,1022
BST-007,PROD-011,4,3,1,6.887730026346825,0.9198756546662862,1,4.0,10.9,True,80,False,84
BST-007,PROD-012,3240,123,3117,8.083993464192664,1.3068057481437954,1,523.0,531.1,False,0,True,3492
BST-007,PROD-013,1667,256,1411,8.359947761028971,1.108158651677508,1,1287.0,1295.4,False,0,True,9468
BST-007,PROD-014,7024,143,6881,11.3775671206065,1.4436747303121638,1,129.0,140.4,False,0,True,9057
BST-007,PROD-015,10,0,10,5.519090113897948,0.7221843555989418,1,4.0,9.5,False,56,False,66
BST-007,PROD-016,4,1,3,4.330886745200963,0.5411337470326707,1,4.0,8.3,True,48,False,52
BST-007,PROD-017,1893,91,1802,1.3813180295630099,0.3130602253057082,1,904.0,905.4,False,0,True,5204
BST-007,PROD-018,2726,14,2712,2.9334184699691126,0.44696793397299694,1,443.0,445.9,False,0,True,4769
BST-007,PROD-019,1943,442,1501,28.0752800151847,3.886786930009246,1,316.0,344.1,False,0,True,2747
BST-007,PROD-020,40,2,38,35.3185685665219,5.396972053154178,1,15.0,50.3,True,380,False,420
BST-007,PROD-021,2719,298,2421,24.358798407268495,2.889026928800932,1,343.0,367.4,False,0,True,4075
BST-007,PROD-022,1490,446,1044,18.87519434365029,2.5339950671258085,1,125.0,143.9,False,0,True,4758
BST-007,PROD-023,2344,452,1892,16.273068769089413,2.2417864087978545,1,582.0,598.3,False,0,True,3635
BST-007,PROD-024,18,5,13,13.696874069773012,1.9720691768305119,1,6.0,19.7,True,150,False,168
BST-007,PROD-025,19,4,15,8.419729573377156,1.3079877299259552,1,4.0,12.4,False,83,False,102
BST-007,PROD-026,25,2,23,6.905963051741526,0.9998472997177145,1,4.0,10.9,False,59,False,84
BST-007,PROD-027,4692,293,4399,5.645079483436925,0.7726837246433395,1,1937.0,1942.6,False,0,True,9845
BST-007,PROD-028,20,5,15,5.569979765742671,0.7911333953976094,1,4.0,9.6,False,46,False,66
BST-007,PROD-029,15,4,11,4.1146613457298065,0.6167915240288598,1,4.0,8.1,False,37,False,52
BST-007,PROD-030,13,2,11,5.655220832362436,0.7554257947461162,1,4.0,9.7,False,53,False,66
BST-007,PROD-031,10,3,7,1.0139171056958314,0.011696882954429626,1,4.0,5.0,False,11,False,52
BST-007,PROD-032,2047,279,1768,1.0062612331928942,0.010604701645163599,1,603.0,604.0,False,0,True,3366
BST-007,PROD-033,6,4,2,1.0072399075602871,0.010253824880206515,1,4.0,5.0,True,16,False,52
BST-007,PROD-034,13,5,8,1.0057578367709854,0.010259214756580226,1,4.0,5.0,False,10,False,52
BST-007,PROD-035,39,3,36,0.002150146651299789,0.000233653389991041,1,4.0,4.0,False,0,True,52
BST-008,PROD-001,341,105,236,31.612794008452955,6.910050662468734,1,245.0,276.6,True,452,False,3633
BST-008,PROD-002,32,1,31,41.16739616549419,9.354443224008845,1,15.4,56.6,True,220,False,252
BST-008,PROD-003,263,4,259,22.36803216953616,4.912811535646296,1,411.0,433.4,True,465,False,9629
BST-008,PROD-004,5731,340,5391,11.410113658798945,3.235980019102235,1,639.0,650.4,False,0,True,5811
BST-008,PROD-005,27,5,22,14.032822194620904,4.153803988564729,1,7.0,21.0,False,181,False,210
BST-008,PROD-006,7025,300,6725,12.620890469325305,3.2812652322438978,1,983.0,995.6,False,0,True,7079
BST-008,PROD-007,15,4,11,10.816584637771369,2.6630730814468397,1,6.0,16.8,True,146,False,168
BST-008,PROD-008,1210,402,808,9.125042370212121,2.659346494198753,1,222.0,231.1,False,0,True,2894
BST-008,PROD-009,10,5,5,9.98823122952867,3.0071836775088236,1,5.0,15.0,True,140,False,154
BST-008,PROD-010,8381,497,7884,3.4884839958560367,0.9268992016212113,1,1740.0,1743.5,False,0,True,9848
BST-008,PROD-011,792,195,597,4.514299352100705,1.2627343746967243,1,624.0,628.5,True,90,True,2597
BST-008,PROD-012,10,5,5,5.328776260069455,1.4938874257234178,1,4.0,9.3,True,74,False,84
BST-008,PROD-013,22,4,18,5.398198701839696,1.5269987704169175,1,4.0,9.4,False,62,False,84
BST-008,PROD-014,1045,64,981,7.010672760946186,1.8758802892041333,1,572.0,579.0,False,0,True,3473
BST-008,PROD-015,5,1,4,3.6111151601790956,0.9186066705488566,1,4.0,7.6,True,51,False,56
BST-008,PROD-016,11,3,8,2.611421641156716,0.7138489817650506,1,4.0,6.6,False,33,False,52
BST-008,PROD-017,4,0,4,1.0432177886267002,0.0887138200585456,1,4.0,5.0,True,15,False,52
BST-008,PROD-018,19,3,16,1.7440003780116313,0.633429211185033,1,4.0,5.7,False,12,False,52
BST-008,PROD-019,55,3,52,38.651942837917034,9.000024402099978,1,14.9,53.6,True,225,False,280
BST-008,PROD-020,4,4,0,47.986174436748605,11.47223249294382,1,18.9,66.9,True,346,False,350
BST-008,PROD-021,7190,149,7041,35.30769130303498,9.022212828174146,1,180.0,215.3,False,0,True,8698
BST-008,PROD-022,1096,319,777,12.681495582180684,3.5396646429901577,1,332.0,344.7,False,0,True,1594
BST-008,PROD-023,4535,278,4257,10.5544386703996,2.9075058819030337,1,1186.0,1196.6,False,0,True,5028
BST-008,PROD-024,12,1,11,9.079270418651856,2.5203434530193864,1,5.0,14.1,True,121,False,140
BST-008,PROD-025,24,3,21,5.444682498572378,1.556328802420189,1,4.0,9.4,False,59,False,84
BST-008,PROD-026,23,4,19,4.560075076403767,1.3191664728552193,1,4.0,8.6,False,47,False,70
BST-008,PROD-027,1241,156,1085,3.4837258190834057,1.021050772330277,1,261.0,264.5,False,0,True,1356
BST-008,PROD-028,16,2,14,3.611339540463358,1.1386395480381706,1,4.0,7.6,False,40,False,56
BST-008,PROD-029,12,2,10,2.7321115439265973,0.7147657003478625,1,4.0,6.7,False,32,False,52
BST-008,PROD-030,3700,311,3389,3.7435289205751094,1.078050101737635,1,1029.0,1032.7,False,0,True,4690
BST-008,PROD-031,14,3,11,1.0076209930973516,0.0165217661705449,1,4.0,5.0,False,7,False,52
BST-008,PROD-032,17,2,15,1.0021306256725147,0.01567359689746233,1,4.0,5.0,False,3,False,52
BST-008,PROD-033,10,2,8,1.0008385525603904,0.011747122808381751,1,4.0,5.0,False,10,False,52
BST-008,PROD-034,13,5,8,1.0004452023026982,0.010916712870896041,1,4.0,5.0,False,10,False,52
BST-008,PROD-035,39,0,39,0.0024174244966443425,0.0002576751455478332,1,4.0,4.0,False,0,True,52
BST-009,PROD-001,2258,398,1860,10.782561872766225,1.3431512343346468,1,262.0,272.8,False,0,True,3146
BST-009,PROD-002,35,3,32,13.692963961428505,1.6255347333372152,1,7.0,20.7,False,167,False,206
BST-009,PROD-003,15,3,12,7.8092657908573315,1.1126868452725898,1,4.0,11.8,False,101,False,116
BST-009,PROD-004,0,0,0,17.110211336571005,2.147103559692383,1,5.0,22.1,True,136,False,136
BST-009,PROD-005,0,0,0,22.1789136467574,3.4066669541799497,1,6.0,28.2,True,172,False,172
BST-009,PROD-006,1172,136,1036,19.916233008617194,2.99760445307208,1,678.0,697.9,False,0,True,3561
BST-009,PROD-007,1183,247,936,19.587697219313885,1.9587621771749453,1,209.0,228.6,False,0,True,1203
BST-009,PROD-008,35,3,32,7.861585015392142,1.0350141281697605,1,4.0,11.9,False,81,False,116
BST-009,PROD-009,1763,31,1732,8.749953104400243,1.2528222776366866,1,283.0,291.7,False,0,True,2539
BST-009,PROD-010,6295,45,6250,3.0051994171186114,0.5213780199208542,1,401.0,404.0,False,0,True,6959
BST-009,PROD-011,1985,81,1904,3.8778309809732336,0.4398039419253115,1,316.0,319.9,False,0,True,2009
BST-009,PROD-012,23,5,18,4.660801399213801,0.48399185540148365,1,4.0,8.7,False,47,False,70
BST-009,PROD-013,9,0,9,12.625792120889644,1.879310771367846,1,4.0,16.6,True,61,False,70
BST-009,PROD-014,5,4,1,15.970491233403445,2.2654318542141314,1,4.0,20.0,True,86,False,91
BST-009,PROD-015,6,3,3,8.932676131608813,1.2287457424437769,1,4.0,12.9,True,46,False,52
BST-009,PROD-016,6,5,1,2.345746987016043,0.3764942845479102,1,4.0,6.3,True,36,False,52
BST-009,PROD-017,2688,420,2268,1.0144781277010995,0.013415600812357258,1,573.0,574.0,False,0,True,4630
BST-009,PROD-018,14,5,9,1.4443852752397832,0.3388640561430271,1,4.0,5.4,False,15,False,52
BST-009,PROD-019,23,5,18,15.898907843811198,2.0771080422132857,1,8.0,23.9,True,208,False,231
BST-009,PROD-020,31,0,31,19.001578993435775,2.0671630193508834,1,10.0,29.0,False,245,False,287
BST-009,PROD-021,41,4,37,13.507094179720799,1.9202325227404162,1,7.0,20.5,False,159,False,206
BST-009,PROD-022,1508,334,1174,10.968705400602145,1.5027228847813587,1,1821.0,1832.0,True,801,True,7849
BST-009,PROD-023,1474,468,1006,9.263577000454143,1.4270564799400143,1,941.0,950.3,False,65,True,9528
BST-009,PROD-024,3,0,3,7.901776455967779,1.1392950540082785,1,4.0,11.9,True,112,False,116
BST-009,PROD-025,20,4,16,4.68671698696385,0.4995737861008843,1,4.0,8.7,False,50,False,70
BST-009,PROD-026,14,1,13,3.9420973253606917,0.5134826249445759,1,4.0,7.9,False,42,False,56
BST-009,PROD-027,9,3,6,3.1422623668408804,0.515735385651233,1,4.0,7.1,True,42,False,52
BST-009,PROD-028,1578,223,1355,3.0405918808454286,0.6027583126231262,1,211.0,214.0,False,0,True,5157
BST-009,PROD-029,18,4,14,2.3806077410223407,0.35588380371884937,1,4.0,6.4,False,23,False,52
BST-009,PROD-030,17,4,13,3.2168391071176963,0.4400784989101636,1,4.0,7.2,False,35,False,52
BST-009,PROD-031,4378,146,4232,1.0127548774537687,0.011564756302058011,1,1098.0,1099.0,False,0,True,7907
BST-009,PROD-032,17,3,14,1.0058163948970493,0.010347822393389187,1,4.0,5.0,False,4,False,52
BST-009,PROD-033,121,5,116,1.006987118851996,0.01015214044159641,1,590.0,591.0,True,481,True,4286
BST-009,PROD-034,13,4,9,1.0056484018636989,0.010086506181993391,1,4.0,5.0,False,9,False,52
BST-009,PROD-035,1489,378,1111,0.0022595598217059133,0.0002452094790076128,1,275.0,275.0,False,0,True,1640
BST-010,PROD-001,34,5,29,33.38298229682825,7.3747706039102505,1,12.2,45.6,True,176,False,210
BST-010,PROD-002,57,5,52,43.088689575283595,9.675400625935925,1,16.0,59.1,False,188,False,270
BST-010,PROD-003,4209,385,3824,23.8640540361898,5.3576207666737865,1,1014.0,1037.9,False,0,True,5219
BST-010,PROD-004,0,0,0,12.049245532913414,3.7150046238725083,1,6.1,18.1,True,175,False,178
BST-010,PROD-005,3773,441,3332,15.197350198868813,4.957270405148819,1,596.0,611.2,False,0,True,4688
BST-010,PROD-006,1566,431,1135,12.899154443763807,3.606696270543501,1,692.0,704.9,False,0,True,8111
BST-010,PROD-007,60,2,58,11.728102375660354,3.147867613610624,1,6.0,17.7,False,112,False,178
BST-010,PROD-008,12,3,9,9.57766665976939,2.834542742793624,1,5.0,14.6,True,130,False,150
BST-010,PROD-009,32,2,30,10.619166151834788,3.0394694591266824,1,6.0,16.6,False,125,False,164
BST-010,PROD-010,1341,273,1068,3.8851267812298222,0.7988679093322844,1,333.0,336.9,False,0,True,2548
BST-010,PROD-011,21,3,18,4.937136657451734,1.4557801071195877,1,4.0,8.9,False,53,False,74
BST-010,PROD-012,9,4,5,5.811587216958098,1.4799696178588824,1,4.0,9.8,True,80,False,91
BST-010,PROD-013,1724,303,1421,5.5219430581729565,1.3348442596369707,1,335.0,340.5,False,0,True,2866
BST-010,PROD-014,37,5,32,7.71673285220271,2.28798859694015,1,4.0,11.7,False,80,False,119
BST-010,PROD-015,13,1,12,3.823229738506637,1.0098417636427277,1,4.0,7.8,False,46,False,60
BST-010,PROD-016,5,4,1,2.774409317772136,0.7234044785951964,1,4.0,6.8,True,42,False,52
BST-010,PROD-017,11,1,10,1.0409534956379116,0.08690235323161628,1,4.0,5.0,False,9,False,52
BST-010,PROD-018,3593,89,3504,2.045230901093743,0.6185577173436306,1,646.0,648.0,False,0,True,5936
BST-010,PROD-019,41,1,40,42.99224158251595,10.124544489961231,1,16.7,59.7,True,257,False,298
BST-010,PROD-020,64,4,60,50.19914600187568,11.963478528316598,1,19.7,69.9,True,310,False,374
BST-010,PROD-021,576,38,538,36.12846096743986,8.265879641596836,1,348.0,384.1,False,316,False,1927
BST-010,PROD-022,331,32,299,13.34642532329151,3.7041824117941404,1,428.0,441.3,True,316,False,4818
BST-010,PROD-023,63,4,59,11.276938824581674,2.901663953771533,1,400.0,411.3,True,499,False,3370
BST-010,PROD-024,26,1,25,9.470877759720874,2.5943767660046357,1,5.0,14.5,False,113,False,150
BST-010,PROD-025,10,4,6,5.735259782991423,1.2756350377008654,1,4.0,9.7,True,78,False,91
BST-010,PROD-026,6100,496,5604,4.909861123770024,1.4138285241014423,1,1019.0,1023.9,False,0,True,7093
BST-010,PROD-027,964,81,883,3.812270645960696,1.1575438981585087,1,572.0,575.8,False,0,True,3001
BST-010,PROD-028,3723,85,3638,3.9257835189177297,1.062047513038169,1,258.0,261.9,False,0,True,5339
BST-010,PROD-029,17,2,15,2.8074624394552745,0.8417214603400517,1,4.0,6.8,False,28,False,52
BST-010,PROD-030,1950,460,1490,3.9246141006498014,0.8464402381574627,1,208.0,211.9,False,0,True,5340
BST-010,PROD-031,2854,132,2722,1.0088956680251713,0.014720252434639447,1,1292.0,1293.0,False,0,True,7027
BST-010,PROD-032,4180,388,3792,1.0029195994510893,0.014116234188116519,1,471.0,472.0,False,0,True,5194
BST-010,PROD-033,3956,489,3467,1.0020806407924783,0.011358568483761601,1,1131.0,1132.0,False,0,True,4666
BST-010,PROD-034,13,1,12,1.0014228023508411,0.010976970420906665,1,4.0,5.0,False,6,False,52
BST-010,PROD-035,39,4,35,0.002421167347594785,0.0002609852895750592,1,4.0,4.0,False,0,True,52
BST-011,PROD-001,28,3,25,42.6485654047633,9.594015026271627,1,15.8,58.4,True,231,False,259
BST-011,PROD-002,45,0,45,52.470074737633816,11.702530993886947,1,19.3,71.8,True,287,False,332
BST-011,PROD-003,27,3,24,29.326644851569057,6.683924925479836,1,11.0,40.3,True,159,False,186
BST-011,PROD-004,33,1,32,15.01636203609363,4.691996930678788,1,8.0,23.0,False,161,False,224
BST-011,PROD-005,23,0,23,17.859225359421117,5.558496586106114,1,10.0,27.9,True,237,False,280
BST-011,PROD-006,24,5,19,16.55534563531184,4.586884590156622,1,9.0,25.6,True,218,False,242
BST-011,PROD-007,58,2,56,14.528375657455774,3.705010428987816,1,8.0,22.5,False,155,False,224
BST-011,PROD-008,48,2,46,11.698895982299891,2.898507988106959,1,7.0,18.7,False,125,False,186
BST-011,PROD-009,50,0,50,12.988331684634193,3.5633426183563377,1,7.0,20.0,False,139,False,203
BST-011,PROD-010,12,1,11,4.7929395526940795,1.4144030012434907,1,4.0,8.8,False,60,False,74
BST-011,PROD-011,29,0,29,5.916120327007419,1.4880921244918666,1,4.0,9.9,False,58,False,94
BST-011,PROD-012,24,4,20,7.204132535785279,1.9527258156442904,1,4.0,11.2,False,85,False,112
BST-011,PROD-013,9,3,6,7.104665904915268,1.8098559765818536,1,4.0,11.1,True,97,False,112
BST-011,PROD-014,11,4,7,9.350675696421797,2.6948377616235737,1,5.0,14.4,True,129,False,147
BST-011,PROD-015,20,2,18,4.706438206557132,1.281157377515421,1,4.0,8.7,False,52,False,74
BST-011,PROD-016,14,4,10,3.550502122546231,1.1690833075647995,1,4.0,7.6,False,42,False,56
BST-011,PROD-017,15,0,15,1.2343625610299094,0.3105770439660057,1,4.0,5.2,False,6,False,52
BST-011,PROD-018,8,2,6,2.4244802765489637,0.6417834064060777,1,4.0,6.4,True,32,False,52
BST-011,PROD-019,71,2,69,50.96469237385613,12.40275952631863,1,20.5,71.5,True,300,False,371
BST-011,PROD-020,73,5,68,64.75434878757831,16.48926539287588,1,27.2,92.0,True,393,False,466
BST-011,PROD-021,64,5,59,45.85239168272163,11.122453171850566,1,18.4,64.3,True,268,False,332
BST-011,PROD-022,16,1,15,16.038687334142185,4.540014181156157,1,9.0,25.0,True,219,False,259
BST-011,PROD-023,48,1,47,13.882910285565474,3.8513332136596405,1,8.0,21.9,False,155,False,224
BST-011,PROD-024,41,4,37,11.76250108419903,3.2324949021258975,1,7.0,18.8,False,135,False,186
BST-011,PROD-025,16,0,16,7.218973487796786,2.011968187407394,1,4.0,11.2,False,89,False,112
BST-011,PROD-026,31,0,31,5.888562992617078,1.6822218120498516,1,4.0,9.9,False,55,False,94
BST-011,PROD-027,23,5,18,4.757559550428556,1.3081136025056441,1,4.0,8.8,False,51,False,74
BST-011,PROD-028,20,3,17,4.786858500346403,1.2284538094359057,1,4.0,8.8,False,54,False,74
BST-011,PROD-029,12,2,10,3.5663991554932037,1.061473787799708,1,4.0,7.6,False,44,False,56
BST-011,PROD-030,12,2,10,4.772201257194744,0.9598070251545824,1,4.0,8.8,False,61,False,74
BST-011,PROD-031,10,2,8,1.0114605648992103,0.012219490068947939,1,4.0,5.0,False,10,False,52
BST-011,PROD-032,9,3,6,1.004538308809124,0.011905476895726136,1,4.0,5.0,False,12,False,52
BST-011,PROD-033,15,4,11,1.004574803452705,0.01057857585966794,1,4.0,5.0,False,7,False,52
BST-011,PROD-034,13,1,12,1.0034261727537774,0.010374290450129376,1,4.0,5.0,False,6,False,52
BST-011,PROD-035,39,5,34,0.0020413735715986594,0.00022090962687171486,1,4.0,4.0,False,0,True,52
BST-012,PROD-001,11,4,7,14.128090559881217,4.843283624910173,1,8.0,22.1,True,189,False,200
BST-012,PROD-002,26,0,26,18.444146146551788,6.047775973156712,1,10.0,28.4,True,230,False,256
BST-012,PROD-003,19,3,16,10.239042749401174,3.526648439531773,1,5.8,16.0,False,125,False,144
BST-012,PROD-004,0,0,0,19.135909656154556,6.3374876499803285,1,10.5,29.6,True,172,False,172
BST-012,PROD-005,38,0,38,24.264279496843706,8.452724837252095,1,13.9,38.2,False,138,False,214
BST-012,PROD-006,0,0,0,22.0967239750371,7.452548929668814,1,12.3,34.4,True,186,False,186
BST-012,PROD-007,0,0,0,23.5587898110424,7.024447833381501,1,11.6,35.2,True,172,False,172
BST-012,PROD-008,23,3,20,19.7531328831854,6.307650971169065,1,10.4,30.2,True,121,False,144
BST-012,PROD-009,0,0,0,22.00247695560869,7.267671419332092,1,12.0,34.0,True,158,False,158
BST-012,PROD-010,17,2,15,3.9717441812517924,1.3030012728087799,1,4.0,8.0,False,39,False,56
BST-012,PROD-011,16,5,11,5.003940114184848,1.7323634892490003,1,4.0,9.0,False,54,False,70
BST-012,PROD-012,5,1,4,6.007344673695883,1.811980190396423,1,4.0,10.0,True,79,False,84
BST-012,PROD-013,14,5,9,5.918689594198598,1.7510035373876687,1,4.0,9.9,True,70,False,84
BST-012,PROD-014,13,4,9,8.132602157834537,2.552809742246798,1,4.2,12.3,True,99,False,112
BST-012,PROD-015,12,1,11,3.9618134897276525,1.2518128981636907,1,4.0,8.0,False,44,False,56
BST-012,PROD-016,11,3,8,3.0422665578605455,0.984707108125237,1,4.0,7.0,False,39,False,52
BST-012,PROD-017,7,5,2,1.013698798163999,0.014949576050986558,1,4.0,5.0,True,16,False,52
BST-012,PROD-018,10,4,6,1.9685515614823603,0.6170221713935248,1,4.0,6.0,False,26,False,52
BST-012,PROD-019,42,5,37,19.873234762555864,6.709025062958981,1,11.1,31.0,False,242,False,284
BST-012,PROD-020,43,4,39,24.882035605423532,7.960495330610282,1,13.1,38.0,False,311,False,354
BST-012,PROD-021,71,2,69,18.08670844573259,6.051209093713094,1,10.0,28.1,False,185,False,256
BST-012,PROD-022,39,1,38,13.798814036633408,4.5222809043607,1,7.5,21.3,False,161,False,200
BST-012,PROD-023,14,0,14,12.505122408792825,4.108546039878891,1,6.8,19.3,True,158,False,172
BST-012,PROD-024,36,3,33,9.898805670677831,3.073734695899308,1,5.1,15.0,False,108,False,144
BST-012,PROD-025,6,0,6,6.061929808981284,1.9306783773783043,1,4.0,10.1,True,78,False,84
BST-012,PROD-026,18,1,17,5.0334528863147625,1.659905422461696,1,4.0,9.0,False,52,False,70
BST-012,PROD-027,3,1,2,3.9480109171655093,1.28658871786546,1,4.0,7.9,True,53,False,56
BST-012,PROD-028,4,2,2,3.8811449560499547,1.2699316861392822,1,4.0,7.9,True,52,False,56
BST-012,PROD-029,9,5,4,3.0574440118151505,1.0375268918104248,1,4.0,7.1,True,43,False,52
BST-012,PROD-030,2,0,2,4.002911182102327,1.3519414544937323,1,4.0,8.0,True,54,False,56
BST-012,PROD-031,8,4,4,1.0127065988580557,0.015549590959466009,1,4.0,5.0,True,14,False,52
BST-012,PROD-032,7,4,3,1.0053557481759712,0.01383493854491694,1,4.0,5.0,True,15,False,52
BST-012,PROD-033,9,3,6,1.0073129751072634,0.01263667750003665,1,4.0,5.0,False,12,False,52
BST-012,PROD-034,13,5,8,1.005830403957485,0.012600041863292598,1,4.0,5.0,False,10,False,52
BST-012,PROD-035,39,1,38,0.002775486513666377,0.00030049510975525064,1,4.0,4.0,False,0,True,52
BST-013,PROD-001,47,0,47,46.736430789482775,10.62626699862087,1,17.5,64.2,True,243,False,290
BST-013,PROD-002,44,3,41,58.6036187777172,12.860457931043022,1,21.2,79.8,True,327,False,371
BST-013,PROD-003,28,0,28,33.39868464652356,7.6608156077711556,1,12.6,46.0,True,178,False,206
BST-013,PROD-004,38,1,37,16.07318039534841,4.721728399484566,1,9.0,25.1,False,197,False,248
BST-013,PROD-005,44,1,43,21.06996360722865,6.137895777979546,1,11.0,32.1,False,263,False,308
BST-013,PROD-006,57,2,55,17.700538628350532,4.950178788139598,1,9.0,26.7,False,202,False,270
BST-013,PROD-007,73,3,70,15.525848739840217,3.9677011064542156,1,9.0,24.5,False,156,False,248
BST-013,PROD-008,13,1,12,13.431282435299451,3.7219060996896407,1,7.0,20.4,True,183,False,206
BST-013,PROD-009,62,5,57,14.037630638838538,3.949185907538743,1,8.0,22.0,False,148,False,228
BST-013,PROD-010,16,0,16,5.23934289640839,1.4377845968103462,1,4.0,9.2,False,61,False,84
BST-013,PROD-011,8,5,3,6.6853810897090655,1.9221781526295976,1,4.0,10.7,True,94,False,102
BST-013,PROD-012,33,4,29,7.975479917580544,1.9819928017545028,1,4.0,12.0,False,87,False,122
BST-013,PROD-013,21,2,19,7.922932059462434,1.9648659471371732,1,4.0,11.9,False,96,False,122
BST-013,PROD-014,42,1,41,10.442710984494425,2.657791356279951,1,6.0,16.4,False,111,False,164
BST-013,PROD-015,25,5,20,5.246854651213973,1.4048974362178517,1,4.0,9.2,False,57,False,84
BST-013,PROD-016,21,5,16,4.123380472276492,1.0563916725422222,1,4.0,8.1,False,42,False,63
BST-013,PROD-017,18,3,15,1.241359027333175,0.31702776133612687,1,4.0,5.2,False,6,False,52
BST-013,PROD-018,6,3,3,2.5734548450927233,0.7160329995876779,1,4.0,6.6,True,37,False,52
BST-013,PROD-019,10,3,7,57.539999479387845,13.936727879373748,1,23.0,80.5,True,403,False,413
BST-013,PROD-020,89,2,87,71.37722795947973,16.887496717687707,1,27.9,99.3,True,425,False,514
BST-013,PROD-021,61,4,57,51.643714038687854,12.421201129498844,1,20.5,72.1,True,310,False,371
BST-013,PROD-022,33,2,31,18.290363200382142,4.882023198445637,1,10.0,28.3,False,235,False,290
BST-013,PROD-023,41,4,37,15.504977871105538,4.541004661805065,1,9.0,24.5,False,189,False,248
BST-013,PROD-024,39,5,34,13.08153085314247,3.6078780545324483,1,7.0,20.1,False,156,False,206
BST-013,PROD-025,19,1,18,7.902633089158663,2.2807726164897724,1,4.0,11.9,False,97,False,122
BST-013,PROD-026,20,4,16,6.43970114705637,2.0481607070625283,1,4.0,10.4,False,78,False,102
BST-013,PROD-027,25,3,22,5.352498894152026,1.3924915292407647,1,4.0,9.4,False,57,False,84
BST-013,PROD-028,7,5,2,5.158973129247751,1.498095723125276,1,4.0,9.2,True,74,False,84
BST-013,PROD-029,9,0,9,3.734487637992427,1.092534501373094,1,4.0,7.7,False,47,False,63
BST-013,PROD-030,25,1,24,5.202339603949645,1.27813985748291,1,4.0,9.2,False,53,False,84
BST-013,PROD-031,7,3,4,1.0133542415874746,0.012083314454589149,1,4.0,5.0,True,14,False,52
BST-013,PROD-032,14,5,9,1.0061894045985829,0.011225039463677542,1,4.0,5.0,False,9,False,52
BST-013,PROD-033,11,2,9,1.006464915360484,0.010487839685558003,1,4.0,5.0,False,9,False,52
BST-013,PROD-034,13,4,9,1.0049586183437376,0.01038988980880165,1,4.0,5.0,False,9,False,52
BST-013,PROD-035,39,1,38,0.0022019700328554212,0.00023923944907292257,1,4.0,4.0,False,0,True,52
BST-014,PROD-001,36,4,32,46.418826022528776,11.259341258597216,1,18.6,65.0,True,248,False,284
BST-014,PROD-002,51,0,51,57.64842421583235,10.71493036837446,1,17.7,75.3,True,313,False,364
BST-014,PROD-003,25,1,24,32.12877174007018,7.768737963996818,1,12.8,44.9,True,178,False,203
BST-014,PROD-004,1,1,0,15.716090418394787,4.628471758498757,1,9.0,24.7,True,229,False,245
BST-014,PROD-005,5,0,5,19.050595288300435,5.776792064745586,1,11.0,30.1,True,273,False,304
BST-014,PROD-006,0,0,0,17.855956930757632,5.503396459304189,1,9.1,27.0,True,259,False,262
BST-014,PROD-007,62,3,59,15.832942897839434,4.486485539632223,1,9.0,24.8,False,172,False,245
BST-014,PROD-008,17,1,16,12.67897388940621,3.6032686003794923,1,7.0,19.7,True,169,False,203
BST-014,PROD-009,71,2,69,13.884031984092266,3.7651229116207663,1,8.0,21.9,False,133,False,224
BST-014,PROD-010,17,4,13,5.077336634803364,1.7694987035051224,1,4.0,9.1,False,62,False,80
BST-014,PROD-011,12,5,7,6.3817096685763115,1.7571096077285702,1,4.0,10.4,True,86,False,102
BST-014,PROD-012,19,2,17,7.718334708626395,2.1035220729178503,1,4.0,11.7,False,95,False,122
BST-014,PROD-013,32,5,27,7.612461234630578,1.9837899238172343,1,4.0,11.6,False,84,False,122
BST-014,PROD-014,26,4,22,10.504098370374292,2.408967902318119,1,6.0,16.5,False,131,False,161
BST-014,PROD-015,9,0,9,5.232685043482382,1.5871003387755929,1,4.0,9.2,True,68,False,80
BST-014,PROD-016,11,0,11,3.77548441546975,1.1026412279417586,1,4.0,7.8,False,46,False,60
BST-014,PROD-017,13,3,10,1.2546356995447447,0.34168037070462304,1,4.0,5.3,False,12,False,52
BST-014,PROD-018,7,1,6,2.5289857005833167,0.706209842218195,1,4.0,6.5,True,33,False,52
BST-014,PROD-019,6,2,4,56.36121414671866,13.570062262273069,1,22.4,78.8,True,400,False,406
BST-014,PROD-020,111,2,109,68.10758402051518,16.499328493761062,1,27.2,95.3,False,397,False,508
BST-014,PROD-021,83,1,82,50.206871991543444,11.36396519962897,1,18.8,69.0,False,281,False,364
BST-014,PROD-022,17,0,17,17.992796338352438,5.088465319453453,1,10.0,28.0,True,245,False,284
BST-014,PROD-023,11,2,9,15.580668341334517,4.243037421119432,1,9.0,24.6,True,218,False,245
BST-014,PROD-024,48,0,48,12.787631977044848,3.7549239262133147,1,7.0,19.8,False,138,False,203
BST-014,PROD-025,40,1,39,7.820103600486481,2.0333530451851227,1,4.0,11.8,False,74,False,122
BST-014,PROD-026,31,3,28,6.356954068646146,2.070257320218611,1,4.0,10.4,False,65,False,102
BST-014,PROD-027,25,2,23,5.054169776546382,1.5021182013742655,1,4.0,9.1,False,52,False,80
BST-014,PROD-028,19,5,14,5.226188750816645,1.2946189927308098,1,4.0,9.2,False,61,False,80
BST-014,PROD-029,12,4,8,3.7586783545259563,1.0018714257022168,1,4.0,7.8,False,48,False,60
BST-014,PROD-030,24,3,21,5.002556218544953,1.2958379462607488,1,4.0,9.0,False,53,False,80
BST-014,PROD-031,7,3,4,1.0131590813076143,0.012212891029196902,1,4.0,5.0,True,14,False,52
BST-014,PROD-032,15,2,13,1.0067784447268986,0.011750599937511331,1,4.0,5.0,False,5,False,52
BST-014,PROD-033,15,4,11,1.0066255521202008,0.010601629770598184,1,4.0,5.0,False,7,False,52
BST-014,PROD-034,13,3,10,1.0053093253796201,0.010443227219220865,1,4.0,5.0,False,8,False,52
BST-014,PROD-035,39,0,39,0.0022572937910911714,0.00024498635517016134,1,4.0,4.0,False,0,True,52
BST-015,PROD-001,46,5,41,13.864967615350924,4.467390681239673,1,7.4,21.3,False,146,False,192
BST-015,PROD-002,62,5,57,17.76308835746193,5.809518309401278,1,9.6,27.4,False,183,False,245
BST-015,PROD-003,104,4,100,9.51519822471292,3.10464915531467,1,5.1,14.6,False,0,False,136
BST-015,PROD-004,0,0,0,19.069270665750796,5.981856581355241,1,9.9,29.0,True,164,False,164
BST-015,PROD-005,0,0,0,23.906762845731667,8.444237722375796,1,13.9,37.8,True,206,False,206
BST-015,PROD-006,0,0,0,21.60973827486949,7.522411516761268,1,12.4,34.0,True,178,False,178
BST-015,PROD-007,0,0,0,23.207516463007607,7.195963618515372,1,11.9,35.1,True,164,False,164
BST-015,PROD-008,0,0,0,20.135846608603064,6.135727318443332,1,10.1,30.2,True,136,False,136
BST-015,PROD-009,18,2,16,21.299615717030463,6.762646001245883,1,11.2,32.5,True,132,False,150
BST-015,PROD-010,14,5,9,4.042212142383947,1.4082532107773682,1,4.0,8.0,False,42,False,56
BST-015,PROD-011,20,4,16,4.851423589128696,1.6176499664476722,1,4.0,8.9,False,50,False,70
BST-015,PROD-012,2,1,1,5.658627142865318,1.9959911597411324,1,4.0,9.7,True,78,False,80
BST-015,PROD-013,13,5,8,5.756560694023447,1.873234119492484,1,4.0,9.8,True,67,False,80
BST-015,PROD-014,27,2,25,7.6053065373889925,2.3947757303561414,1,4.0,11.6,False,81,False,108
BST-015,PROD-015,17,5,12,3.8672884675223425,1.3160844040059354,1,4.0,7.9,False,39,False,56
BST-015,PROD-016,12,0,12,2.79078036401154,1.0513085983194954,1,4.0,6.8,False,31,False,52
BST-015,PROD-017,13,2,11,1.0118807287242457,0.015033354326741877,1,4.0,5.0,False,7,False,52
BST-015,PROD-018,6,5,1,1.9719827891270256,0.6269235649451439,1,4.0,6.0,True,31,False,52
BST-015,PROD-019,29,2,27,19.24052411821096,6.381172848616298,1,10.5,29.7,True,244,False,273
BST-015,PROD-020,84,2,82,23.57295573236913,7.951893340396715,1,13.1,36.7,False,259,False,343
BST-015,PROD-021,16,4,12,17.34994258781327,5.5088191491478185,1,9.1,26.4,True,229,False,245
BST-015,PROD-022,18,5,13,13.351699754959272,4.327449350310362,1,7.1,20.5,True,174,False,192
BST-015,PROD-023,40,1,39,11.551962228389568,3.9467231376478513,1,6.5,18.1,False,124,False,164
BST-015,PROD-024,4,4,0,9.219094185830974,3.023551772545218,1,5.0,14.2,True,132,False,136
BST-015,PROD-025,11,0,11,5.696862053974229,1.9002355428892834,1,4.0,9.7,False,69,False,80
BST-015,PROD-026,11,1,10,4.78927684183607,1.5694098194510209,1,4.0,8.8,False,59,False,70
BST-015,PROD-027,9,5,4,3.725382232665808,1.1617777776664817,1,4.0,7.7,True,47,False,56
BST-015,PROD-028,9,4,5,3.779610391432096,1.2147517951673406,1,4.0,7.8,True,47,False,56
BST-015,PROD-029,8,5,3,2.8246236579337096,0.9635040252406357,1,4.0,6.8,True,41,False,52
BST-015,PROD-030,4,2,2,4.028185087387308,1.3622796206922467,1,4.0,8.0,True,52,False,56
BST-015,PROD-031,10,1,9,1.0109543540390276,0.01566531569460028,1,4.0,5.0,False,9,False,52
BST-015,PROD-032,7,2,5,1.0032711016163172,0.013923167747461862,1,4.0,5.0,False,13,False,52
BST-015,PROD-033,11,3,8,1.0052199792968974,0.012693759067974687,1,4.0,5.0,False,10,False,52
BST-015,PROD-034,13,2,11,1.0036812178887313,0.01265849484482003,1,4.0,5.0,False,7,False,52
BST-015,PROD-035,39,2,37,0.0021105879823285485,0.00022894984432416426,1,4.0,4.0,False,0,True,52
BST-016,PROD-001,32,5,27,8.079345413272446,0.7421309693290222,1,4.0,12.1,False,90,False,122
BST-016,PROD-002,34,4,30,10.284079297939359,1.1923304771102319,1,6.0,16.3,False,120,False,158
BST-016,PROD-003,8,3,5,5.642229074973619,0.6535397320319554,1,4.0,9.6,True,78,False,88
BST-016,PROD-004,0,0,0,13.599124897291876,1.8913254922368397,1,4.0,17.6,True,105,False,105
BST-016,PROD-005,0,0,0,16.063577167634268,2.735014467386992,1,5.0,21.1,True,130,False,130
BST-016,PROD-006,100,0,100,14.959156518229646,1.9548293966954946,1,4.0,19.0,False,0,False,112
BST-016,PROD-007,0,0,0,15.181771443978674,1.8928916825411444,1,4.0,19.2,True,105,False,105
BST-016,PROD-008,9,2,7,6.007627880544478,0.7844284997609974,1,4.0,10.0,True,79,False,88
BST-016,PROD-009,9,3,6,6.451866934079553,0.8076473805591913,1,4.0,10.5,True,85,False,94
BST-016,PROD-010,18,2,16,2.263893318794756,0.33528375377214376,1,4.0,6.3,False,20,False,52
BST-016,PROD-011,6,4,2,3.0652572504891404,0.4784400758155428,1,4.0,7.1,True,45,False,52
BST-016,PROD-012,15,5,10,3.451777982141256,0.6547316071293439,1,4.0,7.5,False,37,False,52
BST-016,PROD-013,0,0,0,10.286534206886659,1.2046037635506086,1,4.0,14.3,True,52,False,52
BST-016,PROD-014,7,4,3,13.478238804840641,2.048496496377184,1,4.0,17.5,True,63,False,70
BST-016,PROD-015,3,3,0,6.751459036978468,0.7421163625720406,1,4.0,10.8,True,49,False,52
BST-016,PROD-016,6,1,5,1.7919110532893823,0.2537383159745105,1,4.0,5.8,True,24,False,52
BST-016,PROD-017,13,4,9,1.0086072490184368,0.012000625639921825,1,4.0,5.0,False,9,False,52
BST-016,PROD-018,7,1,6,1.0405912379811617,0.07720799930592255,1,4.0,5.0,False,13,False,52
BST-016,PROD-019,46,5,41,12.075067478768675,1.695375684244214,1,6.0,18.1,False,129,False,175
BST-016,PROD-020,37,0,37,14.31633640495379,2.0353538412141257,1,8.0,22.3,False,171,False,217
BST-016,PROD-021,23,4,19,10.69083448276663,1.4481526589676006,1,6.0,16.7,False,135,False,158
BST-016,PROD-022,26,0,26,8.250076908246543,1.0589512935186878,1,4.0,12.3,False,94,False,122
BST-016,PROD-023,5,1,4,6.907587020181761,0.9381108300475751,1,4.0,10.9,True,97,False,105
BST-016,PROD-024,23,0,23,5.888738295979912,0.9423698318573658,1,4.0,9.9,False,63,False,88
BST-016,PROD-025,17,5,12,3.3702593111297783,0.5498899843627381,1,4.0,7.4,False,35,False,52
BST-016,PROD-026,8,5,3,2.9294070187951253,0.42699340636591915,1,4.0,6.9,True,42,False,52
BST-016,PROD-027,5,4,1,2.2362151318912273,0.26766341107028224,1,4.0,6.2,True,34,False,52
BST-016,PROD-028,13,2,11,2.35307761885241,0.3611115944810612,1,4.0,6.4,False,26,False,52
BST-016,PROD-029,14,2,12,1.7900303986153268,0.27413891170390886,1,4.0,5.8,False,17,False,52
BST-016,PROD-030,10,4,6,2.403756879563157,0.3384637097576839,1,4.0,6.4,True,32,False,52
BST-016,PROD-031,7,3,4,1.0084977702304827,0.010653436475001216,1,4.0,5.0,True,14,False,52
BST-016,PROD-032,7,1,6,1.0024991888345582,0.009508455466098237,1,4.0,5.0,False,12,False,52
BST-016,PROD-033,12,4,8,1.0036172906201053,0.00924807972108866,1,4.0,5.0,False,10,False,52
BST-016,PROD-034,13,4,9,1.002414130474357,0.009143547969630145,1,4.0,5.0,False,9,False,52
BST-016,PROD-035,39,4,35,0.0023086562018850157,0.0002477486443590894,1,4.0,4.0,False,0,True,52
BST-017,PROD-001,46,1,45,36.370126328305325,8.217740965712645,1,13.6,50.0,True,185,False,231
BST-017,PROD-002,33,4,29,45.378424751635784,10.176336549629788,1,16.8,62.2,True,265,False,298
BST-017,PROD-003,24,3,21,25.09098284243166,5.239728185058933,1,8.6,33.7,True,140,False,164
BST-017,PROD-004,25,0,25,13.438545350832644,4.404596991310764,1,7.3,20.7,False,145,False,196
BST-017,PROD-005,38,2,36,16.072275010767846,4.684166053878291,1,9.0,25.1,False,198,False,248
BST-017,PROD-006,16,4,12,14.631946187757405,4.69483314408563,1,8.0,22.6,True,198,False,214
BST-017,PROD-007,49,5,44,12.254109813272633,3.1930992766404658,1,7.0,19.3,False,135,False,196
BST-017,PROD-008,37,0,37,10.394505582667788,2.987360518610137,1,6.0,16.4,False,115,False,164
BST-017,PROD-009,25,1,24,11.143187806086644,2.8964023216196524,1,6.0,17.1,False,138,False,182
BST-017,PROD-010,17,5,12,4.24818035339706,1.0848583365519902,1,4.0,8.2,False,49,False,66
BST-017,PROD-011,12,4,8,5.306690175023424,1.4941299493291076,1,4.0,9.3,True,70,False,84
BST-017,PROD-012,16,4,12,6.292164827118907,1.7263724933713211,1,4.0,10.3,False,80,False,98
BST-017,PROD-013,23,3,20,6.394653212310085,1.66783931114415,1,4.0,10.4,False,74,False,98
BST-017,PROD-014,23,2,21,8.47658243375207,2.077307089052513,1,5.0,13.5,False,103,False,133
BST-017,PROD-015,12,2,10,4.2415173582618495,1.0824385080127643,1,4.0,8.2,False,53,False,66
BST-017,PROD-016,5,4,1,3.106823275073936,0.802782949892897,1,4.0,7.1,True,46,False,52
BST-017,PROD-017,5,1,4,1.0438984398788886,0.08200844675514489,1,4.0,5.0,True,15,False,52
BST-017,PROD-018,12,3,9,2.1688495335948046,0.5337431207650041,1,4.0,6.2,False,25,False,52
BST-017,PROD-019,58,4,54,45.942488271751145,10.734427499951732,1,17.7,63.6,True,271,False,329
BST-017,PROD-020,84,4,80,55.92414729854324,13.805549222898472,1,22.8,78.7,False,329,False,413
BST-017,PROD-021,48,5,43,41.482807913133634,10.094929063631652,1,16.7,58.2,True,250,False,298
BST-017,PROD-022,54,4,50,14.427019529441964,3.8469572453612972,1,8.0,22.4,False,160,False,231
BST-017,PROD-023,55,3,52,12.585290547839799,3.574629793906823,1,7.0,19.6,False,131,False,196
BST-017,PROD-024,30,2,28,10.785505864751526,3.2018696879786983,1,6.0,16.8,False,129,False,164
BST-017,PROD-025,33,3,30,6.109846429986561,1.5091536857634973,1,4.0,10.1,False,60,False,98
BST-017,PROD-026,23,5,18,5.388442846331953,1.4056954319265478,1,4.0,9.4,False,61,False,84
BST-017,PROD-027,5,5,0,4.266517013973256,1.0639375243928575,1,4.0,8.3,True,61,False,66
BST-017,PROD-028,23,1,22,4.131064872114026,1.2154073401936811,1,4.0,8.1,False,40,False,66
BST-017,PROD-029,11,0,11,3.2114157515268076,0.8061800835574638,1,4.0,7.2,False,38,False,52
BST-017,PROD-030,21,1,20,4.348139939013739,1.1356781094097521,1,4.0,8.3,False,45,False,66
BST-017,PROD-031,13,4,9,1.011152566664101,0.013616065618694002,1,4.0,5.0,False,9,False,52
BST-017,PROD-032,11,1,10,1.0045235127790133,0.012857284507886963,1,4.0,5.0,False,8,False,52
BST-017,PROD-033,4,3,1,1.0039679421391028,0.010772219260487636,1,4.0,5.0,True,17,False,52
BST-017,PROD-034,13,1,12,1.002838791537,0.010521161495027378,1,4.0,5.0,False,6,False,52
BST-017,PROD-035,39,0,39,0.0021432967965437913,0.0002303095443455724,1,4.0,4.0,False,0,True,52
BST-018,PROD-001,27,1,26,31.52511109336999,6.877044545567088,1,11.3,42.8,True,173,False,200
BST-018,PROD-002,30,0,30,40.53398422475903,9.140627329083483,1,15.1,55.6,True,226,False,256
BST-018,PROD-003,21,4,17,22.69767713467716,4.83281674955865,1,8.0,30.7,True,123,False,144
BST-018,PROD-004,14,5,9,11.488772718750212,3.031723168436819,1,6.0,17.5,True,158,False,172
BST-018,PROD-005,3,3,0,14.485231669022768,4.702204165694139,1,8.0,22.5,True,211,False,214
BST-018,PROD-006,29,0,29,12.504796052765546,2.9814835822587584,1,7.0,19.5,False,153,False,186
BST-018,PROD-007,28,0,28,10.921832834316106,2.940624012094762,1,6.0,16.9,False,131,False,172
BST-018,PROD-008,20,2,18,9.534314586785664,2.85392076770198,1,5.0,14.5,False,120,False,144
BST-018,PROD-009,34,5,29,9.985625533382201,2.6595884443784117,1,6.0,16.0,False,117,False,158
BST-018,PROD-010,18,5,13,3.6852122589748406,1.1451516722686315,1,4.0,7.7,False,38,False,56
BST-018,PROD-011,7,0,7,4.716215060756737,1.2201485073111296,1,4.0,8.7,True,63,False,70
BST-018,PROD-012,19,5,14,5.448154569267817,1.254654142527283,1,4.0,9.4,False,65,False,84
BST-018,PROD-013,12,3,9,5.481114389323486,1.2658564988810272,1,4.0,9.5,True,72,False,84
BST-018,PROD-014,12,0,12,7.161018050471641,1.8319976968503948,1,4.0,11.2,False,92,False,116
BST-018,PROD-015,10,1,9,3.750579683986697,1.0536647486705963,1,4.0,7.8,False,46,False,56
BST-018,PROD-016,13,0,13,2.8449037957991257,0.8464916071761925,1,4.0,6.8,False,31,False,52
BST-018,PROD-017,18,1,17,1.0060090422477723,0.016040953835928337,1,4.0,5.0,False,1,False,52
BST-018,PROD-018,14,0,14,1.8468545577141384,0.5269229475705047,1,4.0,5.8,False,16,False,52
BST-018,PROD-019,64,4,60,38.71915417241776,8.881797931136006,1,14.7,53.4,False,223,False,287
BST-018,PROD-020,62,1,61,48.6189351251311,11.428696288766691,1,18.9,67.5,True,295,False,357
BST-018,PROD-021,0,0,0,35.23987152346182,8.706586427060603,1,14.4,49.6,True,256,False,256
BST-018,PROD-022,23,4,19,12.787349107161145,3.544224997382551,1,7.0,19.8,True,167,False,200
BST-018,PROD-023,26,4,22,10.864099152865416,3.1535516186288386,1,6.0,16.9,False,136,False,172
BST-018,PROD-024,24,2,22,9.213713638185661,2.7836138970822994,1,5.0,14.2,False,112,False,144
BST-018,PROD-025,11,4,7,5.470101234543272,1.5740681048178051,1,4.0,9.5,True,73,False,84
BST-018,PROD-026,18,2,16,4.365236000976909,1.0131592758491796,1,4.0,8.4,False,49,False,70
BST-018,PROD-027,10,0,10,3.7547429566560466,0.91279131844857,1,4.0,7.8,False,46,False,56
BST-018,PROD-028,8,5,3,3.72478626480783,0.9450977010899988,1,4.0,7.7,True,48,False,56
BST-018,PROD-029,7,1,6,2.7275783397691957,0.8578606983729096,1,4.0,6.7,True,36,False,52
BST-018,PROD-030,7,1,6,3.5646777630149304,0.9075714307882949,1,4.0,7.6,True,48,False,56
BST-018,PROD-031,13,2,11,1.0065834175324453,0.015413900938439189,1,4.0,5.0,False,7,False,52
BST-018,PROD-032,6,2,4,1.0011812911446951,0.014884880070702211,1,4.0,5.0,True,14,False,52
BST-018,PROD-033,15,0,15,1.0005666696522488,0.011878248037709082,1,4.0,5.0,False,3,False,52
BST-018,PROD-034,13,5,8,1.0002064805201052,0.010959819644913217,1,4.0,5.0,False,10,False,52
BST-018,PROD-035,39,4,35,0.002357583998437655,0.0002512475149719936,1,4.0,4.0,False,0,True,52
BST-019,PROD-001,27,5,22,31.20967319449144,7.449724670600274,1,12.3,43.5,True,165,False,192
BST-019,PROD-002,43,2,41,38.873465786597095,8.083959576290114,1,13.3,52.2,True,202,False,245
BST-019,PROD-003,9,0,9,22.156069788896797,5.190207354316379,1,8.6,30.8,True,127,False,136
BST-019,PROD-004,18,1,17,11.333907573419767,2.8068899843702404,1,6.0,17.3,True,146,False,164
BST-019,PROD-005,51,3,48,13.565114872231145,3.4639854980447327,1,7.0,20.6,False,149,False,206
BST-019,PROD-006,32,1,31,12.2180622600904,3.0304062877844067,1,6.0,18.2,False,146,False,178
BST-019,PROD-007,53,5,48,10.479128717541878,2.6688111226707725,1,6.0,16.5,False,105,False,164
BST-019,PROD-008,12,3,9,8.585194958334865,2.4800104625458492,1,5.0,13.6,True,116,False,136
BST-019,PROD-009,16,3,13,9.532897875985034,2.454480911771333,1,5.0,14.5,True,125,False,150
BST-019,PROD-010,19,3,16,3.4447148464883877,0.9555713214911952,1,4.0,7.4,False,36,False,56
BST-019,PROD-011,11,3,8,4.52564700777001,1.3014319898379607,1,4.0,8.5,True,59,False,70
BST-019,PROD-012,23,4,19,5.195118099825483,1.2683458310620903,1,4.0,9.2,False,57,False,80
BST-019,PROD-013,16,0,16,5.316367359466859,1.4745651771130668,1,4.0,9.3,False,62,False,80
BST-019,PROD-014,25,2,23,7.136976852617635,2.0848472239034397,1,4.0,11.1,False,81,False,108
BST-019,PROD-015,15,0,15,3.653883259080304,1.085140105137135,1,4.0,7.7,False,40,False,56
BST-019,PROD-016,13,5,8,2.832233576558821,0.9861953931219627,1,4.0,6.8,False,36,False,52
BST-019,PROD-017,10,2,8,1.0390176243321803,0.09079330238494938,1,4.0,5.0,False,11,False,52
BST-019,PROD-018,6,3,3,1.442307282920715,0.4164510905373779,1,4.0,5.4,True,21,False,52
BST-019,PROD-019,67,1,66,36.54911371877574,8.379860316147866,1,13.8,50.3,False,206,False,273
BST-019,PROD-020,66,2,64,46.081863168422736,10.490763343039916,1,17.3,63.4,False,277,False,343
BST-019,PROD-021,45,4,41,34.097892574047464,8.716276707977109,1,14.4,48.5,True,200,False,245
BST-019,PROD-022,54,2,52,11.845063270419605,3.5021486621007325,1,7.0,18.8,False,121,False,192
BST-019,PROD-023,24,3,21,10.127782667032095,2.558562067462042,1,6.0,16.1,False,127,False,164
BST-019,PROD-024,7,0,7,8.879255080821654,2.5546952799379246,1,5.0,13.9,True,122,False,136
BST-019,PROD-025,24,3,21,5.33654856663644,1.4712174344104454,1,4.0,9.3,False,56,False,80
BST-019,PROD-026,16,3,13,4.297354124564476,1.1185535262346407,1,4.0,8.3,False,51,False,70
BST-019,PROD-027,12,2,10,3.4088780555978384,0.9381481035712096,1,4.0,7.4,False,42,False,56
BST-019,PROD-028,18,3,15,3.5587745038258127,1.029236080819678,1,4.0,7.6,False,38,False,56
BST-019,PROD-029,13,1,12,2.5713180882195936,0.6709082402323974,1,4.0,6.6,False,28,False,52
BST-019,PROD-030,12,2,10,3.539026119122154,0.9981653137215526,1,4.0,7.5,False,44,False,56
BST-019,PROD-031,7,0,7,1.006679595289779,0.016796146206536,1,4.0,5.0,False,11,False,52
BST-019,PROD-032,13,1,12,1.001321868139332,0.01586794830812552,1,4.0,5.0,False,0,False,52
BST-019,PROD-033,16,0,16,1.0003628239847402,0.01231933095135518,1,4.0,5.0,False,2,False,52
BST-019,PROD-034,13,1,12,0.9999687905502046,0.0114491091659414,1,4.0,5.0,False,6,False,52
BST-019,PROD-035,39,0,39,0.002476613306271202,0.0002639456101408881,1,4.0,4.0,False,0,True,52
BST-020,PROD-001,43,2,41,11.884016885226703,3.7118569408174857,1,6.1,18.0,False,131,False,178
BST-020,PROD-002,62,0,62,15.6881366201917,5.34606755292746,1,8.8,24.5,False,166,False,228
BST-020,PROD-003,31,1,30,8.738790356123236,2.8925949630192713,1,4.8,13.5,False,95,False,126
BST-020,PROD-004,0,0,0,17.025829299618405,4.716254775398653,1,7.8,24.8,True,154,False,154
BST-020,PROD-005,0,0,0,20.83991561441407,6.579458717067367,1,10.9,31.7,True,189,False,189
BST-020,PROD-006,0,0,0,18.71673067583583,5.733170175692404,1,9.5,28.2,True,164,False,164
BST-020,PROD-007,24,5,19,20.400888772485263,5.0037701044170175,1,8.3,28.7,True,130,False,154
BST-020,PROD-008,19,0,19,17.380762632827487,4.808082233912825,1,7.9,25.3,True,107,False,126
BST-020,PROD-009,17,3,14,19.801483412701476,5.5713047932586575,1,9.2,29.0,True,123,False,140
BST-020,PROD-010,5,2,3,3.5064405115437682,1.013202759218729,1,4.0,7.5,True,47,False,52
BST-020,PROD-011,7,0,7,4.321569755623118,1.1783955519901206,1,4.0,8.3,True,56,False,63
BST-020,PROD-012,17,2,15,5.299703558760056,1.7521558230732286,1,4.0,9.3,False,60,False,77
BST-020,PROD-013,6,1,5,5.176751522625273,1.6178855115569064,1,4.0,9.2,True,71,False,77
BST-020,PROD-014,22,0,22,6.7778773167151245,1.9712927594544927,1,4.0,10.8,False,77,False,102
BST-020,PROD-015,16,1,15,3.400860871174189,1.0108872725136182,1,4.0,7.4,False,36,False,52
BST-020,PROD-016,5,5,0,2.567171003368325,0.8703768055360431,1,4.0,6.6,True,40,False,52
BST-020,PROD-017,13,1,12,1.0130201384261819,0.013256861019916185,1,4.0,5.0,False,6,False,52
BST-020,PROD-018,14,2,12,1.754045081858596,0.38398511018468495,1,4.0,5.8,False,17,False,52
BST-020,PROD-019,2,1,1,17.09211803803456,5.432913656613899,1,9.0,26.1,True,247,False,256
BST-020,PROD-020,27,0,27,20.819642029918406,6.405272424627899,1,11.0,31.8,True,275,False,318
BST-020,PROD-021,50,5,45,15.594490020047576,4.75551540940953,1,8.0,23.6,False,178,False,228
BST-020,PROD-022,35,1,34,11.491964664051862,3.507210810623719,1,6.0,17.5,False,133,False,178
BST-020,PROD-023,27,0,27,10.530383780813375,3.3107109628323155,1,5.5,16.0,False,126,False,154
BST-020,PROD-024,15,0,15,8.790536995240183,2.7496170339053885,1,4.5,13.3,False,111,False,126
BST-020,PROD-025,16,3,13,5.528852068621751,1.7581669191856653,1,4.0,9.5,False,61,False,77
BST-020,PROD-026,8,3,5,4.296947096457361,1.392402837304608,1,4.0,8.3,True,55,False,63
BST-020,PROD-027,18,4,14,3.5281401769684466,1.0894785268383052,1,4.0,7.5,False,34,False,52
BST-020,PROD-028,13,5,8,3.4956424259000762,0.9899369945472873,1,4.0,7.5,False,39,False,52
BST-020,PROD-029,7,0,7,2.611038701702682,0.8516359824479772,1,4.0,6.6,False,34,False,52
BST-020,PROD-030,3,3,0,3.5456333054198828,1.1624738021238523,1,4.0,7.5,True,49,False,52
BST-020,PROD-031,10,2,8,1.0133009313763828,0.011745986646979695,1,4.0,5.0,False,10,False,52
BST-020,PROD-032,14,4,10,1.005854047645317,0.01063990352774014,1,4.0,5.0,False,8,False,52
BST-020,PROD-033,11,2,9,1.0068405342600006,0.010085592576218752,1,4.0,5.0,False,9,False,52
BST-020,PROD-034,13,4,9,1.0053590585257244,0.01009230510780368,1,4.0,5.0,False,9,False,52
BST-020,PROD-035,39,4,35,0.001996051433129505,0.00021643617660188185,1,4.0,4.0,False,0,True,52
BST-021,PROD-001,26,0,26,29.317598977581024,6.57197300556567,1,10.8,40.1,True,166,False,192
BST-021,PROD-002,40,1,39,39.18753639590342,8.486257745009933,1,14.0,53.2,True,208,False,248
BST-021,PROD-003,28,0,28,21.616451914009836,4.643305228627613,1,7.7,29.3,True,108,False,136
BST-021,PROD-004,25,2,23,11.322830541287606,3.0095882118052177,1,6.0,17.3,False,139,False,164
BST-021,PROD-005,29,2,27,13.686294414575979,4.58551036706769,1,7.6,21.3,False,147,False,206
BST-021,PROD-006,5,5,0,11.987844172906446,2.9103059674554386,1,6.0,18.0,True,173,False,178
BST-021,PROD-007,37,4,33,10.550553208482583,3.0441223190145545,1,6.0,16.6,False,121,False,164
BST-021,PROD-008,16,0,16,8.667000769133441,2.2384281424758914,1,5.0,13.7,False,110,False,136
BST-021,PROD-009,47,4,43,9.581228340298981,2.4773075838584795,1,5.0,14.6,False,96,False,150
BST-021,PROD-010,19,1,18,3.492841377087425,0.9411076021014804,1,4.0,7.5,False,35,False,56
BST-021,PROD-011,9,3,6,4.30198087555473,1.2839541904930387,1,4.0,8.3,True,58,False,70
BST-021,PROD-012,7,0,7,5.507600544401494,1.5227792411006271,1,4.0,9.5,True,74,False,84
BST-021,PROD-013,16,5,11,5.073136434583078,1.37902741623089,1,4.0,9.1,False,64,False,84
BST-021,PROD-014,25,4,21,6.729115328662106,1.8047918165483123,1,4.0,10.7,False,77,False,108
BST-021,PROD-015,15,5,10,3.521910648942039,0.9261347228258482,1,4.0,7.5,False,41,False,56
BST-021,PROD-016,6,2,4,2.589506161105589,0.8273729306939863,1,4.0,6.6,True,36,False,52
BST-021,PROD-017,12,4,8,1.0060072537995202,0.017948650879222906,1,4.0,5.0,False,10,False,52
BST-021,PROD-018,15,0,15,1.469344138933705,0.45464881993955825,1,4.0,5.5,False,10,False,52
BST-021,PROD-019,65,5,60,38.73201492010791,8.52667132279491,1,14.1,52.8,False,208,False,273
BST-021,PROD-020,55,5,50,46.786876086214406,10.905573219140402,1,18.0,64.8,True,288,False,343
BST-021,PROD-021,19,5,14,34.24517899045574,7.795011338040782,1,12.9,47.1,True,229,False,248
BST-021,PROD-022,29,0,29,12.125398611011784,2.983025014576884,1,7.0,19.1,False,148,False,192
BST-021,PROD-023,10,2,8,10.597204376158775,2.805889199961819,1,6.0,16.6,True,146,False,164
BST-021,PROD-024,21,5,16,8.61575993201925,2.5437423269552637,1,5.0,13.6,False,110,False,136
BST-021,PROD-025,29,1,28,5.238891210427246,1.6077288071193345,1,4.0,9.2,False,49,False,84
BST-021,PROD-026,10,1,9,4.196985683673807,1.045996310155683,1,4.0,8.2,False,54,False,70
BST-021,PROD-027,14,3,11,3.563442486806205,1.0184282990274327,1,4.0,7.6,False,42,False,56
BST-021,PROD-028,4,4,0,3.5261049238444984,0.872970191428844,1,4.0,7.5,True,52,False,56
BST-021,PROD-029,14,0,14,2.685643784913058,0.7530528793367373,1,4.0,6.7,False,28,False,52
BST-021,PROD-030,17,0,17,3.548618605140874,1.1118821015173734,1,4.0,7.5,False,37,False,56
BST-021,PROD-031,14,1,13,1.0065655218064802,0.016889161008651683,1,4.0,5.0,False,5,False,52
BST-021,PROD-032,17,4,13,1.0015913951592794,0.016676669667808803,1,4.0,5.0,False,5,False,52
BST-021,PROD-033,17,3,14,1.0001769695874285,0.012313461413280472,1,4.0,5.0,False,4,False,52
BST-021,PROD-034,13,0,13,0.9997485197624517,0.011471468539556919,1,4.0,5.0,False,5,False,52
BST-021,PROD-035,39,1,38,0.002476037420962972,0.00026358620193768506,1,4.0,4.0,False,0,True,52
BST-022,PROD-001,47,1,46,40.17749282116495,8.940775984199268,1,14.8,55.0,True,205,False,252
BST-022,PROD-002,41,5,36,52.399136041278254,12.07501311186067,1,19.9,72.3,True,281,False,322
BST-022,PROD-003,20,1,19,27.70149837686464,6.148685331309893,1,10.1,37.8,True,158,False,178
BST-022,PROD-004,33,2,31,13.735609517412653,4.28481525120549,1,8.0,21.7,False,169,False,214
BST-022,PROD-005,43,3,40,17.168112251922654,5.205092731952595,1,9.0,26.2,False,209,False,270
BST-022,PROD-006,35,1,34,16.12282759592452,4.7255941263393115,1,8.0,24.1,False,196,False,231
BST-022,PROD-007,11,4,7,13.635676880553907,3.7460532802414983,1,8.0,21.6,True,192,False,214
BST-022,PROD-008,27,1,26,11.698280758015235,3.3833346338624835,1,6.0,17.7,False,144,False,178
BST-022,PROD-009,18,3,15,11.952025067837647,2.977028979496061,1,7.0,19.0,True,159,False,196
BST-022,PROD-010,9,5,4,4.501727504575009,1.131210382766457,1,4.0,8.5,True,61,False,70
BST-022,PROD-011,10,3,7,5.698637214282333,1.6498179820910301,1,4.0,9.7,True,77,False,91
BST-022,PROD-012,16,3,13,7.058997430251273,1.5857245497214214,1,4.0,11.1,False,90,False,108
BST-022,PROD-013,23,0,23,6.844911525208013,1.9379624434227458,1,4.0,10.8,False,77,False,108
BST-022,PROD-014,39,4,35,9.415014170526797,2.2010750230393663,1,5.0,14.4,False,102,False,144
BST-022,PROD-015,12,5,7,4.654452218617072,1.3248029492675906,1,4.0,8.7,True,58,False,70
BST-022,PROD-016,19,4,15,3.445125002561759,1.005184754079916,1,4.0,7.4,False,33,False,52
BST-022,PROD-017,16,3,13,1.2070646931024036,0.2903961725223212,1,4.0,5.2,False,8,False,52
BST-022,PROD-018,11,5,6,2.337935438221153,0.5848946231497392,1,4.0,6.3,True,31,False,52
BST-022,PROD-019,18,4,14,48.99531671811114,11.38310993032007,1,18.8,67.8,True,339,False,357
BST-022,PROD-020,37,2,35,61.200699574302014,14.586139256225103,1,24.1,85.3,True,411,False,448
BST-022,PROD-021,85,4,81,42.403633093899025,10.032779444821342,1,16.6,59.0,False,237,False,322
BST-022,PROD-022,14,2,12,15.801399100748162,4.234907517097495,1,9.0,24.8,True,218,False,252
BST-022,PROD-023,56,3,53,13.261360294123572,3.7328094996666326,1,8.0,21.3,False,141,False,214
BST-022,PROD-024,14,2,12,11.420361396591648,3.564619580774326,1,6.0,17.4,True,154,False,178
BST-022,PROD-025,17,1,16,6.772373418000865,1.9198108876308966,1,4.0,10.8,False,83,False,108
BST-022,PROD-026,21,1,20,5.692001964728854,1.2775269197954446,1,4.0,9.7,False,64,False,91
BST-022,PROD-027,14,5,9,4.494225219679541,1.2082329454315903,1,4.0,8.5,False,56,False,70
BST-022,PROD-028,20,1,19,4.371855357321707,1.0905963547616473,1,4.0,8.4,False,46,False,70
BST-022,PROD-029,6,4,2,3.4440173057198322,0.9360196277581531,1,4.0,7.4,True,46,False,52
BST-022,PROD-030,20,5,15,4.469848785972083,1.1138438992125506,1,4.0,8.5,False,50,False,70
BST-022,PROD-031,13,3,10,1.011412776242818,0.012206880660928203,1,4.0,5.0,False,8,False,52
BST-022,PROD-032,10,0,10,1.0040108250672006,0.011612785175959468,1,4.0,5.0,False,8,False,52
BST-022,PROD-033,14,1,13,1.003622521614908,0.010184628761290945,1,4.0,5.0,False,5,False,52
BST-022,PROD-034,13,5,8,1.0024888942927823,0.01005969149552045,1,4.0,5.0,False,10,False,52
BST-022,PROD-035,39,2,37,0.001989992548235763,0.00021477616378284042,1,4.0,4.0,False,0,True,52
BST-023,PROD-001,23,2,21,11.121001347177238,3.7484866160439037,1,6.2,17.3,False,141,False,164
BST-023,PROD-002,24,2,22,14.731237078481541,4.859252534984032,1,8.0,22.7,True,186,False,210
BST-023,PROD-003,22,0,22,7.984291736497263,2.5856126869488487,1,4.3,12.3,False,94,False,116
BST-023,PROD-004,0,0,0,16.49467099303006,5.213628376818845,1,8.6,25.1,True,140,False,140
BST-023,PROD-005,0,0,0,20.48668184466185,6.686558392484906,1,11.0,31.5,True,175,False,175
BST-023,PROD-006,0,0,0,18.74004323127577,6.196732580817934,1,10.2,28.9,True,150,False,150
BST-023,PROD-007,8,5,3,19.520395151246117,6.207739122238271,1,10.2,29.7,True,132,False,140
BST-023,PROD-008,0,0,0,17.11122014412265,5.42823482627421,1,9.0,26.1,True,116,False,116
BST-023,PROD-009,11,2,9,18.856657115431783,5.728995806214368,1,9.5,28.4,True,119,False,130
BST-023,PROD-010,16,2,14,3.4286002996893,1.1089993364767312,1,4.0,7.4,False,36,False,52
BST-023,PROD-011,17,5,12,4.065893527060442,1.4123697909923425,1,4.0,8.1,False,43,False,60
BST-023,PROD-012,12,4,8,4.964610311732585,1.6417146418665987,1,4.0,9.0,True,58,False,70
BST-023,PROD-013,9,4,5,4.995561040987977,1.5592339097118197,1,4.0,9.0,True,61,False,70
BST-023,PROD-014,13,5,8,6.674371358539983,2.2739126246931485,1,4.0,10.7,True,81,False,94
BST-023,PROD-015,16,3,13,3.3354907668174634,0.9985356353585194,1,4.0,7.3,False,36,False,52
BST-023,PROD-016,6,4,2,2.3841095958606453,0.8034656880991515,1,4.0,6.4,True,35,False,52
BST-023,PROD-017,13,3,10,1.0100138753724752,0.014834145468212835,1,4.0,5.0,False,8,False,52
BST-023,PROD-018,17,5,12,1.7431867817776836,0.41291570727756544,1,4.0,5.7,False,16,False,52
BST-023,PROD-019,18,1,17,16.347310981855692,5.277262433668428,1,8.7,25.0,True,216,False,234
BST-023,PROD-020,74,4,70,20.4946002575715,6.893801098298011,1,11.4,31.9,False,216,False,290
BST-023,PROD-021,38,3,35,15.01076318028188,4.74463925446722,1,7.8,22.8,False,172,False,210
BST-023,PROD-022,38,1,37,11.211030774915093,3.710709965739186,1,6.1,17.3,False,126,False,164
BST-023,PROD-023,33,3,30,9.763262142783256,3.3586271450678806,1,5.5,15.3,False,107,False,140
BST-023,PROD-024,6,3,3,8.127846770134637,2.828196356100153,1,4.7,12.8,True,110,False,116
BST-023,PROD-025,21,0,21,4.899208119668493,1.6157407777511035,1,4.0,8.9,False,49,False,70
BST-023,PROD-026,14,5,9,4.173660359640957,1.441048057171809,1,4.0,8.2,False,46,False,60
BST-023,PROD-027,17,5,12,3.3272552266878495,1.0334748869891426,1,4.0,7.3,False,35,False,52
BST-023,PROD-028,12,0,12,3.387692501300367,1.1009703531180184,1,4.0,7.4,False,39,False,52
BST-023,PROD-029,13,0,13,2.4600836716825882,0.918018725069094,1,4.0,6.5,False,25,False,52
BST-023,PROD-030,16,0,16,3.325554874395416,0.9771781800089447,1,4.0,7.3,False,35,False,52
BST-023,PROD-031,7,5,2,1.0085674278072618,0.016181787672094772,1,4.0,5.0,True,16,False,52
BST-023,PROD-032,7,1,6,1.0009466475617252,0.014391872545097575,1,4.0,5.0,False,12,False,52
BST-023,PROD-033,14,5,9,1.003336432902563,0.012777193903375268,1,4.0,5.0,False,9,False,52
BST-023,PROD-034,13,3,10,1.0018598240545227,0.012750305710897964,1,4.0,5.0,False,8,False,52
BST-023,PROD-035,39,5,34,0.0021070134628337995,0.0002277627317886513,1,4.0,4.0,False,0,True,52
BST-024,PROD-001,47,1,46,37.85655471983425,8.508593470330506,1,14.0,51.9,True,191,False,238
BST-024,PROD-002,42,1,41,50.37879288850574,11.2957775716257,1,18.6,69.0,True,266,False,308
BST-024,PROD-003,28,3,25,27.46563331701596,6.012304764234407,1,9.9,37.4,True,144,False,172
BST-024,PROD-004,4,1,3,13.652345295530152,4.001500616945017,1,7.0,20.7,True,195,False,206
BST-024,PROD-005,27,0,27,16.626313477337913,5.3443387757423935,1,9.0,25.6,False,215,False,256
BST-024,PROD-006,7,0,7,15.222138952561355,4.854617634445689,1,8.0,23.2,True,213,False,220
BST-024,PROD-007,47,4,43,13.121651417689161,3.6729053571891823,1,7.0,20.1,False,148,False,206
BST-024,PROD-008,21,2,19,10.779095559971875,2.684258113070092,1,6.0,16.8,False,138,False,172
BST-024,PROD-009,55,3,52,11.79774025930284,3.435170270447083,1,7.0,18.8,False,120,False,189
BST-024,PROD-010,7,1,6,4.216177381239037,1.1172592668552142,1,4.0,8.2,True,57,False,70
BST-024,PROD-011,9,0,9,5.490680924372484,1.3939330243255916,1,4.0,9.5,True,72,False,84
BST-024,PROD-012,11,2,9,6.346964257148207,1.5383448959531902,1,4.0,10.3,True,84,False,102
BST-024,PROD-013,17,4,13,6.638046068503695,1.8841254414486284,1,4.0,10.6,False,84,False,102
BST-024,PROD-014,43,1,42,8.640045645486362,2.562851086023482,1,5.0,13.6,False,84,False,136
BST-024,PROD-015,25,4,21,4.342688890756306,1.0719612734870525,1,4.0,8.3,False,44,False,70
BST-024,PROD-016,6,0,6,3.252683009417531,0.9164120328889592,1,4.0,7.3,True,44,False,52
BST-024,PROD-017,13,5,8,1.1769926829226622,0.2555155997205925,1,4.0,5.2,False,12,False,52
BST-024,PROD-018,15,2,13,2.372870867445091,0.6863609903729008,1,4.0,6.4,False,24,False,52
BST-024,PROD-019,64,5,59,46.07152679374103,10.74532957904209,1,17.7,63.8,True,279,False,343
BST-024,PROD-020,78,0,78,58.137701661147396,13.208106692507265,1,21.8,79.9,True,349,False,427
BST-024,PROD-021,61,1,60,42.51094645927447,10.26939977202285,1,16.9,59.4,False,247,False,308
BST-024,PROD-022,15,0,15,15.511006314265188,4.298271374724746,1,8.0,23.5,True,210,False,238
BST-024,PROD-023,48,5,43,12.756944308890679,3.5718734569560406,1,7.0,19.8,False,143,False,206
BST-024,PROD-024,27,2,25,10.661634119915686,2.7410300290233227,1,6.0,16.7,False,130,False,172
BST-024,PROD-025,20,1,19,6.332752052127033,1.634150373062875,1,4.0,10.3,False,74,False,102
BST-024,PROD-026,10,2,8,5.619929314898917,1.352220158237542,1,4.0,9.6,True,74,False,84
BST-024,PROD-027,24,0,24,4.243597530075907,1.0753590927343852,1,4.0,8.2,False,39,False,70
BST-024,PROD-028,6,1,5,4.373298736755715,1.2840092428613763,1,4.0,8.4,True,60,False,70
BST-024,PROD-029,5,3,2,3.3610543078724895,0.8264606126165809,1,4.0,7.4,True,47,False,52
BST-024,PROD-030,14,5,9,4.528200839837541,1.2763248032706174,1,4.0,8.5,False,56,False,70
BST-024,PROD-031,11,0,11,1.0103512235504772,0.012755777849481963,1,4.0,5.0,False,7,False,52
BST-024,PROD-032,9,3,6,1.0035727510603498,0.012169671618523451,1,4.0,5.0,False,12,False,52
BST-024,PROD-033,4,2,2,1.0036544028568872,0.010591382064038186,1,4.0,5.0,True,16,False,52
BST-024,PROD-034,13,0,13,1.0024836314724275,0.010446997876132335,1,4.0,5.0,False,5,False,52
BST-024,PROD-035,39,3,36,0.002196801742779283,0.00023705212416880617,1,4.0,4.0,False,0,True,52
BST-025,PROD-001,22,0,22,33.6793291024917,7.268270001776004,1,12.0,45.7,True,188,False,210
BST-025,PROD-002,38,2,36,42.57384890083432,9.116894026719471,1,15.0,57.6,True,232,False,270
BST-025,PROD-003,19,1,18,23.7799411291229,5.1417375744829865,1,8.5,32.3,True,131,False,150
BST-025,PROD-004,2,0,2,12.42712493360247,3.727348799205933,1,6.2,18.6,True,176,False,178
BST-025,PROD-005,19,0,19,14.588899629421016,4.700299290447482,1,8.0,22.6,True,193,False,224
BST-025,PROD-006,10,5,5,12.932060802653627,3.136612120089458,1,7.0,19.9,True,182,False,192
BST-025,PROD-007,21,1,20,11.54310209572361,3.3623556967417896,1,6.0,17.5,False,148,False,178
BST-025,PROD-008,18,0,18,9.666928386429664,2.610422819683733,1,5.0,14.7,False,122,False,150
BST-025,PROD-009,51,4,47,10.49547186308735,2.8473673488430626,1,6.0,16.5,False,106,False,164
BST-025,PROD-010,19,0,19,3.7597967168187894,1.031022733506448,1,4.0,7.8,False,38,False,60
BST-025,PROD-011,15,5,10,4.638822407492781,1.2597317290978183,1,4.0,8.6,False,59,False,74
BST-025,PROD-012,29,1,28,5.756423334528634,1.6148257872490421,1,4.0,9.8,False,57,False,91
BST-025,PROD-013,21,0,21,5.646018158376083,1.6107494410604248,1,4.0,9.6,False,62,False,91
BST-025,PROD-014,31,2,29,7.915472825667764,2.1483849724186497,1,4.0,11.9,False,86,False,119
BST-025,PROD-015,6,4,2,3.8956799278259733,0.9672685806681921,1,4.0,7.9,True,54,False,60
BST-025,PROD-016,6,3,3,2.839488839550106,0.9247413555500889,1,4.0,6.8,True,41,False,52
BST-025,PROD-017,16,1,15,1.0438105079427136,0.08561074605163428,1,4.0,5.0,False,4,False,52
BST-025,PROD-018,13,4,9,1.9208726575667099,0.4779248519183277,1,4.0,5.9,False,22,False,52
BST-025,PROD-019,0,0,0,38.90064794396311,8.986115875423241,1,14.8,53.7,True,298,False,298
BST-025,PROD-020,17,1,16,52.42285470054833,12.715267511322049,1,21.0,73.4,True,357,False,374
BST-025,PROD-021,43,2,41,37.761318581216315,8.72970280627816,1,14.4,52.2,True,227,False,270
BST-025,PROD-022,38,2,36,13.361412158600798,3.8083954028017963,1,7.0,20.4,False,158,False,210
BST-025,PROD-023,42,3,39,11.48467518396484,3.078331681576454,1,6.0,17.5,False,128,False,178
BST-025,PROD-024,25,5,20,9.52171577228671,2.7243328740639106,1,5.0,14.5,False,118,False,150
BST-025,PROD-025,16,3,13,5.75442573858138,1.6092780992158742,1,4.0,9.8,False,72,False,91
BST-025,PROD-026,12,3,9,4.588814958045837,1.1028953511950306,1,4.0,8.6,False,59,False,74
BST-025,PROD-027,15,5,10,3.848979344083986,0.9798575014482015,1,4.0,7.8,False,45,False,60
BST-025,PROD-028,4,0,4,3.8318326345921947,1.1112876062669061,1,4.0,7.8,True,54,False,60
BST-025,PROD-029,6,3,3,2.9026142804952846,0.9815309704695204,1,4.0,6.9,True,42,False,52
BST-025,PROD-030,17,4,13,3.8656610953439,1.0812889959255754,1,4.0,7.9,False,43,False,60
BST-025,PROD-031,14,1,13,1.010141652076184,0.01556691437913832,1,4.0,5.0,False,5,False,52
BST-025,PROD-032,17,2,15,1.0041699322237108,0.014797632306722847,1,4.0,5.0,False,3,False,52
BST-025,PROD-033,8,1,7,1.0032064585409777,0.011551608016601161,1,4.0,5.0,False,11,False,52
BST-025,PROD-034,13,3,10,1.0021823768674347,0.011183327632673356,1,4.0,5.0,False,8,False,52
BST-025,PROD-035,39,4,35,0.002423225390859937,0.00025930922286849974,1,4.0,4.0,False,0,True,52
BST-026,PROD-001,10,1,9,7.052762324998907,0.9277342016687626,1,4.0,11.1,True,92,False,102
BST-026,PROD-002,17,1,16,8.980877209548447,1.174698616833181,1,5.0,14.0,False,113,False,130
BST-026,PROD-003,14,4,10,4.868419351912221,0.5781100447191934,1,4.0,8.9,False,60,False,74
BST-026,PROD-004,0,0,0,11.753695415990807,1.3716181521573025,1,4.0,15.8,True,88,False,88
BST-026,PROD-005,0,0,0,13.85486889327922,1.6135191810625353,1,4.0,17.9,True,108,False,108
BST-026,PROD-006,0,0,0,12.355635893294377,1.481620423509729,1,4.0,16.4,True,94,False,94
BST-026,PROD-007,12,5,7,12.119439226392217,1.1959913214424567,1,4.0,16.1,True,76,False,88
BST-026,PROD-008,11,1,10,4.873244569833621,0.5780525269977704,1,4.0,8.9,False,62,False,74
BST-026,PROD-009,17,3,14,5.3561270641955,0.8309954095643775,1,4.0,9.4,False,63,False,80
BST-026,PROD-010,9,4,5,1.9878442932486668,0.26433895091275617,1,4.0,6.0,True,27,False,52
BST-026,PROD-011,10,4,6,2.4138774717740143,0.35246631460748257,1,4.0,6.4,True,32,False,52
BST-026,PROD-012,16,4,12,2.9689367589457833,0.37621023744717563,1,4.0,7.0,False,34,False,52
BST-026,PROD-013,10,1,9,8.54158402766031,0.8047010118578977,1,4.0,12.5,True,42,False,52
BST-026,PROD-014,5,3,2,11.200167655087228,1.3549532053553632,1,4.0,15.2,True,55,False,60
BST-026,PROD-015,1,0,1,5.937459256630343,0.7083738971389159,1,4.0,9.9,True,51,False,52
BST-026,PROD-016,12,5,7,1.2779960842206877,0.3078727301771282,1,4.0,5.3,False,15,False,52
BST-026,PROD-017,13,4,9,1.005676472438969,0.012089866860871755,1,4.0,5.0,False,9,False,52
BST-026,PROD-018,13,2,11,1.0082609684968762,0.013453641675280884,1,4.0,5.0,False,7,False,52
BST-026,PROD-019,43,2,41,10.089139933061603,1.3597713994514373,1,5.0,15.1,False,104,False,147
BST-026,PROD-020,41,3,38,12.197973378208065,1.731297220133691,1,6.0,18.2,False,139,False,182
BST-026,PROD-021,32,2,30,8.737840006354771,1.1196540355968443,1,5.0,13.7,False,97,False,130
BST-026,PROD-022,20,3,17,6.902590807487199,0.9609471982640656,1,4.0,10.9,False,82,False,102
BST-026,PROD-023,28,2,26,5.842191295159218,0.8148178151600352,1,4.0,9.8,False,60,False,88
BST-026,PROD-024,9,3,6,4.897620507871714,0.8013699358275348,1,4.0,8.9,True,65,False,74
BST-026,PROD-025,13,3,10,2.9586531619872183,0.44640067944527795,1,4.0,7.0,False,35,False,52
BST-026,PROD-026,16,4,12,2.341150891048918,0.37374882521301045,1,4.0,6.3,False,25,False,52
BST-026,PROD-027,9,2,7,2.039382030838229,0.1540620237881059,1,4.0,6.0,False,26,False,52
BST-026,PROD-028,16,5,11,1.9728230967167892,0.33800142109624626,1,4.0,6.0,False,21,False,52
BST-026,PROD-029,5,1,4,1.301513658362593,0.3149574344568886,1,4.0,5.3,True,18,False,52
BST-026,PROD-030,10,2,8,2.057092310014517,0.38686206286660035,1,4.0,6.1,False,25,False,52
BST-026,PROD-031,12,1,11,1.0059094348499182,0.01075612295689134,1,4.0,5.0,False,7,False,52
BST-026,PROD-032,14,3,11,1.0008811244528395,0.009904845322248777,1,4.0,5.0,False,7,False,52
BST-026,PROD-033,13,2,11,1.0023688456509825,0.009473719369886422,1,4.0,5.0,False,7,False,52
BST-026,PROD-034,13,5,8,1.001009260103915,0.009254957986007189,1,4.0,5.0,False,10,False,52
BST-026,PROD-035,39,0,39,0.0024814083155043675,0.0002637637891573971,1,4.0,4.0,False,0,True,52
BST-027,PROD-001,24,2,22,12.682884906050313,3.8557289910083132,1,6.4,19.1,False,158,False,182
BST-027,PROD-002,53,1,52,16.547329888805372,5.406298345294798,1,8.9,25.4,False,181,False,234
BST-027,PROD-003,24,5,19,9.087039943161427,2.985603317302748,1,5.0,14.1,False,106,False,130
BST-027,PROD-004,100,0,100,17.920908896324686,5.629617701173181,1,9.3,27.2,False,0,False,154
BST-027,PROD-005,0,0,0,22.952214102356965,7.989479511769595,1,13.2,36.2,True,196,False,196
BST-027,PROD-006,0,0,0,20.855970676277398,7.143806927212925,1,11.8,32.7,True,168,False,168
BST-027,PROD-007,20,4,16,21.43482743597996,6.798463207287662,1,11.2,32.6,True,134,False,154
BST-027,PROD-008,19,1,18,19.05851629653921,5.926564612176983,1,9.8,28.9,True,111,False,130
BST-027,PROD-009,0,0,0,19.63831175290489,5.504504949405852,1,9.1,28.7,True,144,False,144
BST-027,PROD-010,17,5,12,3.6381724828657935,1.1043715720686358,1,4.0,7.6,False,35,False,52
BST-027,PROD-011,6,3,3,4.382163967821913,1.263091573134922,1,4.0,8.4,True,60,False,66
BST-027,PROD-012,12,1,11,5.453547166165819,1.8535510235857466,1,4.0,9.5,False,65,False,77
BST-027,PROD-013,14,1,13,5.415709578553405,1.825597232790754,1,4.0,9.4,False,63,False,77
BST-027,PROD-014,24,2,22,7.04785850893039,2.2826333501962606,1,4.0,11.0,False,81,False,105
BST-027,PROD-015,3,2,1,3.7486571660130354,1.1874281114150305,1,4.0,7.7,True,49,False,52
BST-027,PROD-016,3,3,0,2.6893317080113954,0.9044725618128393,1,4.0,6.7,True,42,False,52
BST-027,PROD-017,13,5,8,1.0107376144940496,0.015041820438771678,1,4.0,5.0,False,10,False,52
BST-027,PROD-018,12,2,10,1.8549817183954544,0.5115635863037767,1,4.0,5.9,False,20,False,52
BST-027,PROD-019,7,0,7,18.050916515404598,6.267002471179111,1,10.3,28.4,True,252,False,259
BST-027,PROD-020,76,4,72,22.728094829545885,7.2827008233206945,1,12.0,34.7,False,250,False,326
BST-027,PROD-021,26,4,22,16.9910662799662,5.636938650261036,1,9.3,26.3,True,208,False,234
BST-027,PROD-022,26,1,25,12.545729607276073,4.028354256027964,1,6.6,19.1,False,156,False,182
BST-027,PROD-023,43,2,41,11.011708339314874,3.5746198864133194,1,5.9,16.9,False,111,False,154
BST-027,PROD-024,21,1,20,9.208755848555697,2.9220736688891993,1,5.0,14.2,False,109,False,130
BST-027,PROD-025,4,4,0,5.274647100984876,1.6862081355015464,1,4.0,9.3,True,73,False,77
BST-027,PROD-026,13,0,13,4.656764494356471,1.5981374194374651,1,4.0,8.7,False,53,False,66
BST-027,PROD-027,13,4,9,3.630008569921427,1.1188494510296039,1,4.0,7.6,False,39,False,52
BST-027,PROD-028,17,4,13,3.555658739906831,1.0978078299241167,1,4.0,7.6,False,35,False,52
BST-027,PROD-029,9,5,4,2.8121678029031085,0.9535172230200114,1,4.0,6.8,True,39,False,52
BST-027,PROD-030,6,2,4,3.6545934534522297,1.230887891928697,1,4.0,7.7,True,46,False,52
BST-027,PROD-031,14,0,14,1.0102446306736719,0.015696990583842857,1,4.0,5.0,False,4,False,52
BST-027,PROD-032,14,0,14,1.003357211003454,0.013534276493853088,1,4.0,5.0,False,4,False,52
BST-027,PROD-033,13,4,9,1.0048127196544159,0.012953200094728367,1,4.0,5.0,False,9,False,52
BST-027,PROD-034,13,1,12,1.0033338665365377,0.012919674606261169,1,4.0,5.0,False,6,False,52
BST-027,PROD-035,39,2,37,0.002108794343252388,0.00022765664094891915,1,4.0,4.0,False,0,True,52
BST-028,PROD-001,9,5,4,12.110728576456887,4.050212307779056,1,6.7,18.8,True,166,False,175
BST-028,PROD-002,40,3,37,15.649792684386613,4.926695084120908,1,8.1,23.7,False,184,False,224
BST-028,PROD-003,30,1,29,8.790353250929693,2.8920983122841055,1,4.8,13.6,False,92,False,122
BST-028,PROD-004,0,0,0,17.54024088175425,5.686083359840059,1,9.4,26.9,True,147,False,147
BST-028,PROD-005,0,0,0,21.56857569952581,7.022144340048701,1,11.6,33.2,True,186,False,186
BST-028,PROD-006,0,0,0,19.85150754501733,6.888102494309093,1,11.4,31.3,True,161,False,161
BST-028,PROD-007,16,4,12,21.820722192461346,7.097595732963013,1,11.7,33.5,True,131,False,147
BST-028,PROD-008,0,0,0,18.241477002631893,5.767847187040009,1,9.5,27.7,True,122,False,122
BST-028,PROD-009,8,2,6,19.8045609442318,6.098132247069433,1,10.1,29.9,True,128,False,136
BST-028,PROD-010,4,2,2,3.400853632808466,1.0218105786502103,1,4.0,7.4,True,48,False,52
BST-028,PROD-011,19,3,16,4.293237936307125,1.2742888052356238,1,4.0,8.3,False,44,False,63
BST-028,PROD-012,20,1,19,5.157606498670192,1.6952440279536563,1,4.0,9.2,False,54,False,74
BST-028,PROD-013,10,0,10,5.374130604014508,1.8110303525323945,1,4.0,9.4,False,64,False,74
BST-028,PROD-014,10,3,7,6.785395423212758,2.090746511233028,1,4.0,10.8,True,88,False,98
BST-028,PROD-015,18,0,18,3.513609954775949,1.0573908692765606,1,4.0,7.5,False,34,False,52
BST-028,PROD-016,9,3,6,2.6098669216901444,0.8838463269997611,1,4.0,6.6,True,35,False,52
BST-028,PROD-017,13,1,12,1.0099778356011904,0.014839148454819644,1,4.0,5.0,False,6,False,52
BST-028,PROD-018,8,0,8,1.7688160345993358,0.4342467052814872,1,4.0,5.8,False,21,False,52
BST-028,PROD-019,33,3,30,17.864691307935594,5.853345054510246,1,9.7,27.6,False,215,False,248
BST-028,PROD-020,39,5,34,21.19175954544188,6.757027989369037,1,11.1,32.3,False,273,False,312
BST-028,PROD-021,31,0,31,15.434994432550052,5.048685007758412,1,8.3,23.7,False,193,False,224
BST-028,PROD-022,31,1,30,11.96048583262392,3.841351194758123,1,6.3,18.3,False,144,False,175
BST-028,PROD-023,42,5,37,10.492017089826074,3.459213994453653,1,5.7,16.2,False,105,False,147
BST-028,PROD-024,32,1,31,8.635990291523834,2.8958538152304794,1,4.8,13.4,False,90,False,122
BST-028,PROD-025,11,1,10,5.111866392407044,1.5833953245748948,1,4.0,9.1,False,63,False,74
BST-028,PROD-026,16,4,12,4.286770407385517,1.2997063224510739,1,4.0,8.3,False,47,False,63
BST-028,PROD-027,15,1,14,3.523076538846625,1.233885165666192,1,4.0,7.5,False,37,False,52
BST-028,PROD-028,7,2,5,3.4168188956160286,1.0347208044740615,1,4.0,7.4,True,45,False,52
BST-028,PROD-029,6,4,2,2.6911210894111854,0.91843435426884,1,4.0,6.7,True,40,False,52
BST-028,PROD-030,8,3,5,3.622395014888602,1.1149400897905757,1,4.0,7.6,True,44,False,52
BST-028,PROD-031,12,5,7,1.0091636060390718,0.015872634533409313,1,4.0,5.0,False,11,False,52
BST-028,PROD-032,16,1,15,1.0011913566379838,0.014077146978156567,1,4.0,5.0,False,3,False,52
BST-028,PROD-033,14,1,13,1.0032392121913802,0.012787806056805025,1,4.0,5.0,False,5,False,52
BST-028,PROD-034,13,5,8,1.0017775438437444,0.012782486691384947,1,4.0,5.0,False,10,False,52
BST-028,PROD-035,39,0,39,0.0020063263690250706,0.00021746149140773038,1,4.0,4.0,False,0,True,52
BST-029,PROD-001,7,2,5,9.950384474018124,3.2344607830753,1,5.3,15.3,True,140,False,147
BST-029,PROD-002,38,4,34,13.057142245014159,4.309034130128705,1,7.1,20.2,False,151,False,189
BST-029,PROD-003,10,0,10,7.389496992414139,2.459154252732773,1,4.1,11.5,True,95,False,105
BST-029,PROD-004,0,0,0,14.83194491641625,5.124551596309455,1,8.5,23.3,True,126,False,126
BST-029,PROD-005,0,0,0,18.9786088904203,6.508342059330927,1,10.7,29.7,True,158,False,158
BST-029,PROD-006,0,0,0,16.888377485075,5.43646345990528,1,9.0,25.9,True,136,False,136
BST-029,PROD-007,15,5,10,17.317054344367307,5.036869988294401,1,8.3,25.6,True,111,False,126
BST-029,PROD-008,19,1,18,15.601352901872819,4.974745537608073,1,8.2,23.8,True,86,False,105
BST-029,PROD-009,15,5,10,16.228940889309868,4.976639442605599,1,8.2,24.4,True,101,False,116
BST-029,PROD-010,5,4,1,2.8862061519983215,0.907330957897796,1,4.0,6.9,True,43,False,52
BST-029,PROD-011,16,3,13,3.7664490799288513,1.2556659601064646,1,4.0,7.8,False,36,False,52
BST-029,PROD-012,6,5,1,4.451162851571582,1.6211808025229764,1,4.0,8.5,True,57,False,63
BST-029,PROD-013,11,0,11,4.327592070023807,1.4993325314639858,1,4.0,8.3,False,52,False,63
BST-029,PROD-014,5,1,4,6.105284768471507,2.1702385494712257,1,4.0,10.1,True,79,False,84
BST-029,PROD-015,4,1,3,3.0059121139888423,0.9610196372399719,1,4.0,7.0,True,43,False,52
BST-029,PROD-016,3,0,3,2.1262902957984235,0.7375577221454407,1,4.0,6.1,True,31,False,52
BST-029,PROD-017,13,4,9,1.0072832607470794,0.017238962518242956,1,4.0,5.0,False,9,False,52
BST-029,PROD-018,6,0,6,1.5419548023795888,0.38634425337714723,1,4.0,5.5,False,20,False,52
BST-029,PROD-019,19,1,18,14.456201611603467,4.531856477838539,1,7.5,22.0,True,191,False,210
BST-029,PROD-020,55,2,53,18.19447023906667,6.273693365917454,1,10.4,28.6,False,207,False,262
BST-029,PROD-021,16,0,16,13.514786269154111,4.55401245468378,1,7.5,21.0,True,173,False,189
BST-029,PROD-022,21,2,19,10.294723807191598,3.4287793207479007,1,5.7,16.0,False,126,False,147
BST-029,PROD-023,30,2,28,8.45515478416366,2.925720061223867,1,4.8,13.3,False,95,False,126
BST-029,PROD-024,11,2,9,7.283956596264482,2.3567094363935053,1,4.0,11.3,True,94,False,105
BST-029,PROD-025,5,3,2,4.229571984295772,1.4366309342352372,1,4.0,8.2,True,58,False,63
BST-029,PROD-026,7,0,7,3.7764973816712653,1.221695779212998,1,4.0,7.8,True,45,False,52
BST-029,PROD-027,8,0,8,3.037438636266996,1.0144669146826075,1,4.0,7.0,False,39,False,52
BST-029,PROD-028,10,5,5,3.142975833812095,0.9159882489523472,1,4.0,7.1,True,42,False,52
BST-029,PROD-029,16,1,15,2.1407728955849037,0.7156185974280578,1,4.0,6.1,False,19,False,52
BST-029,PROD-030,10,4,6,2.8976425751899066,1.0226291126186584,1,4.0,6.9,True,39,False,52
BST-029,PROD-031,7,3,4,1.0054126964172885,0.02065698086959646,1,4.0,5.0,True,14,False,52
BST-029,PROD-032,10,0,10,0.9984448889461472,0.01914246045493675,1,4.0,5.0,False,8,False,52
BST-029,PROD-033,5,2,3,1.0028227607829714,0.014966469580033996,1,4.0,5.0,True,15,False,52
BST-029,PROD-034,13,0,13,1.0012880017509114,0.01495436894103853,1,4.0,5.0,False,5,False,52
BST-029,PROD-035,39,3,36,0.002156988959354702,0.00023334431762653932,1,4.0,4.0,False,0,True,52
BST-030,PROD-001,2,2,0,13.730056768204294,4.367781665929913,1,7.2,20.9,True,198,False,200
BST-030,PROD-002,39,1,38,18.149027786630505,5.514805217697958,1,9.1,27.2,False,220,False,259
BST-030,PROD-003,34,3,31,10.31387108897745,3.6663197345745298,1,6.0,16.3,False,110,False,144
BST-030,PROD-004,0,0,0,20.160732525823466,6.65829422128497,1,11.0,31.2,True,172,False,172
BST-030,PROD-005,0,0,0,24.68464472361135,8.511081279793235,1,14.0,38.7,True,217,False,217
BST-030,PROD-006,0,0,0,23.636953803487554,8.218212951448162,1,13.6,37.2,True,186,False,186
BST-030,PROD-007,0,0,0,24.252018576955642,7.549649448933314,1,12.5,36.8,True,172,False,172
BST-030,PROD-008,0,0,0,20.45475666414938,6.593009332242172,1,10.9,31.4,True,144,False,144
BST-030,PROD-009,0,0,0,21.487018836523948,6.711742130140958,1,11.1,32.6,True,158,False,158
BST-030,PROD-010,9,1,8,4.108315773820552,1.4056784945657355,1,4.0,8.1,True,47,False,56
BST-030,PROD-011,20,2,18,5.075675424629004,1.6367316344196285,1,4.0,9.1,False,54,False,74
BST-030,PROD-012,2,2,0,5.918269465236784,2.00369372361182,1,4.0,9.9,True,86,False,88
BST-030,PROD-013,20,3,17,6.03326059686365,1.8776774603396162,1,4.0,10.0,False,68,False,88
BST-030,PROD-014,10,3,7,7.817764246239611,2.5371416489816165,1,4.2,12.0,True,106,False,116
BST-030,PROD-015,16,1,15,4.015088592666918,1.3495487768233436,1,4.0,8.0,False,40,False,56
BST-030,PROD-016,3,3,0,3.045254868903308,0.8854215773653765,1,4.0,7.0,True,47,False,52
BST-030,PROD-017,4,4,0,1.0138034585165916,0.015023708156590725,1,4.0,5.0,True,18,False,52
BST-030,PROD-018,11,5,6,1.8578665220485877,0.5104819583895925,1,4.0,5.9,False,24,False,52
BST-030,PROD-019,85,2,83,19.975024282328143,6.481688587063718,1,10.7,30.7,False,202,False,287
BST-030,PROD-020,101,4,97,25.051183073789357,8.662617369933947,1,14.3,39.4,False,259,False,360
BST-030,PROD-021,60,1,59,18.35333749234082,6.337091025556872,1,10.5,28.9,False,199,False,259
BST-030,PROD-022,22,4,18,13.913235418793224,4.31279406928217,1,7.1,21.0,True,178,False,200
BST-030,PROD-023,19,1,18,12.17621713533365,3.8628782466569933,1,6.4,18.6,True,153,False,172
BST-030,PROD-024,10,3,7,10.341732082649983,3.465412902237469,1,5.7,16.0,True,134,False,144
BST-030,PROD-025,20,5,15,5.989141684641608,1.8889082740202972,1,4.0,10.0,False,68,False,88
BST-030,PROD-026,23,1,22,4.975195052701928,1.6248452729472402,1,4.0,9.0,False,51,False,74
BST-030,PROD-027,3,3,0,3.941732059256908,1.3105820980594407,1,4.0,7.9,True,53,False,56
BST-030,PROD-028,11,3,8,4.079495211703124,1.3908292718042543,1,4.0,8.1,True,45,False,56
BST-030,PROD-029,9,2,7,2.934603039325114,0.9866028843985745,1,4.0,6.9,False,38,False,52
BST-030,PROD-030,8,3,5,4.0737436399620695,1.3073967764176069,1,4.0,8.1,True,48,False,56
BST-030,PROD-031,7,0,7,1.0127195444147157,0.015121127060506865,1,4.0,5.0,False,11,False,52
BST-030,PROD-032,7,1,6,1.0052758404224231,0.014048928980594937,1,4.0,5.0,False,12,False,52
BST-030,PROD-033,8,2,6,1.0074227117932322,0.012617248363086775,1,4.0,5.0,False,12,False,52
BST-030,PROD-034,13,0,13,1.005880600626003,0.012583760589683558,1,4.0,5.0,False,5,False,52
BST-030,PROD-035,39,3,36,0.0027758180395835073,0.0003008155438033894,1,4.0,4.0,False,0,True,52
BST-031,PROD-001,19,1,18,13.746392039993983,1.74777973556847,1,6.0,19.7,True,149,False,168
BST-031,PROD-002,63,5,58,17.618641939121638,2.217982945884447,1,8.0,25.6,False,154,False,217
BST-031,PROD-003,4,0,4,10.048921042511733,1.3183635596593246,1,4.0,14.0,True,115,False,119
BST-031,PROD-004,23,1,22,12.748174214235373,1.7911504530167073,1,5.0,17.7,False,121,False,144
BST-031,PROD-005,0,0,0,15.326189181931435,2.664196154290447,1,6.0,21.3,True,178,False,178
BST-031,PROD-006,30,5,25,13.901040393413124,1.6125113444515868,1,6.0,19.9,False,128,False,158
BST-031,PROD-007,11,0,11,12.49112067144308,1.6188332772424694,1,5.0,17.5,True,133,False,144
BST-031,PROD-008,17,5,12,10.214885672560339,1.6159200200234956,1,4.0,14.2,True,102,False,119
BST-031,PROD-009,7,2,5,11.170753644782826,1.4129704441180309,1,5.0,16.2,True,126,False,133
BST-031,PROD-010,10,5,5,4.055542266434852,0.6032368804344012,1,4.0,8.1,True,42,False,52
BST-031,PROD-011,6,5,1,5.247293332613476,0.7832237250341025,1,4.0,9.2,True,54,False,60
BST-031,PROD-012,23,1,22,5.914025546214768,0.703175577815682,1,4.0,9.9,False,51,False,74
BST-031,PROD-013,19,2,17,6.001857470291669,0.7863458250129683,1,4.0,10.0,False,55,False,74
BST-031,PROD-014,19,0,19,8.018736440688983,1.0253622605676451,1,4.0,12.0,False,75,False,94
BST-031,PROD-015,15,0,15,4.096261366249335,0.6847503826028449,1,4.0,8.1,False,37,False,52
BST-031,PROD-016,6,3,3,3.0417864701961776,0.4987202331153517,1,4.0,7.0,True,44,False,52
BST-031,PROD-017,13,5,8,1.0103029912622865,0.012097082865612379,1,4.0,5.0,False,10,False,52
BST-031,PROD-018,6,0,6,2.0730551640608565,0.1893508733417307,1,4.0,6.1,True,27,False,52
BST-031,PROD-019,11,0,11,19.407004940017764,2.2918562171638324,1,8.0,27.4,True,231,False,242
BST-031,PROD-020,16,3,13,24.8069386910621,3.199996041656208,1,11.0,35.8,True,285,False,301
BST-031,PROD-021,57,1,56,18.297718983195242,2.605396770085925,1,8.0,26.3,False,160,False,217
BST-031,PROD-022,39,1,38,13.605438068836616,1.8386355356581507,1,6.0,19.6,False,129,False,168
BST-031,PROD-023,22,2,20,11.828999806566431,1.551033630115176,1,5.0,16.8,False,122,False,144
BST-031,PROD-024,31,4,27,9.955227636510019,1.3347142611843852,1,4.0,14.0,False,88,False,119
BST-031,PROD-025,16,4,12,6.085814730250178,0.9442379760381369,1,4.0,10.1,False,58,False,74
BST-031,PROD-026,8,4,4,5.025648163229191,0.7778102468131696,1,4.0,9.0,True,52,False,60
BST-031,PROD-027,14,5,9,4.0502392431494565,0.5103287460973382,1,4.0,8.1,False,38,False,52
BST-031,PROD-028,10,4,6,4.047103045396608,0.48939184626794374,1,4.0,8.0,True,42,False,52
BST-031,PROD-029,18,1,17,2.985260702986401,0.355384254459956,1,4.0,7.0,False,29,False,52
BST-031,PROD-030,7,4,3,3.975312369519059,0.4615952876829704,1,4.0,8.0,True,45,False,52
BST-031,PROD-031,11,2,9,1.011141095031481,0.010815665735536285,1,4.0,5.0,False,9,False,52
BST-031,PROD-032,16,5,11,1.004227785999087,0.009731338328250698,1,4.0,5.0,False,7,False,52
BST-031,PROD-033,7,3,4,1.0056610019510208,0.009465351889443127,1,4.0,5.0,True,14,False,52
BST-031,PROD-034,13,4,9,1.0041264219926977,0.009380422766849571,1,4.0,5.0,False,9,False,52
BST-031,PROD-035,39,4,35,0.002255047395503037,0.00024244858611667338,1,4.0,4.0,False,0,True,52
BST-032,PROD-001,4,1,3,8.771818598218278,2.9656784826772866,1,4.9,13.7,True,122,False,126
BST-032,PROD-002,20,4,16,11.665526641803526,3.856946992095674,1,6.4,18.1,True,141,False,161
BST-032,PROD-003,2,2,0,6.1598764794713246,2.154062768081854,1,4.0,10.2,True,86,False,88
BST-032,PROD-004,0,0,0,12.68541821955452,3.6887575043445393,1,6.1,18.8,True,105,False,105
BST-032,PROD-005,0,0,0,16.67289844582743,5.6589701419703555,1,9.3,26.0,True,133,False,133
BST-032,PROD-006,0,0,0,13.79502962063495,4.3060201566492005,1,7.1,20.9,True,116,False,116
BST-032,PROD-007,18,2,16,15.916977940851945,5.1619676084828985,1,8.5,24.4,True,87,False,105
BST-032,PROD-008,12,2,10,13.30828048703489,4.12781288669965,1,6.8,20.1,True,76,False,88
BST-032,PROD-009,15,2,13,14.288139664559052,4.475923022123788,1,7.4,21.7,True,83,False,98
BST-032,PROD-010,14,0,14,2.4806982531644577,0.9343715987807546,1,4.0,6.5,False,25,False,52
BST-032,PROD-011,5,1,4,3.3710396013779116,1.012529380428783,1,4.0,7.4,True,47,False,52
BST-032,PROD-012,16,4,12,3.930186757753151,1.3243335764853141,1,4.0,7.9,False,36,False,52
BST-032,PROD-013,16,0,16,3.9425851707110313,1.3329928107917453,1,4.0,7.9,False,36,False,52
BST-032,PROD-014,11,0,11,4.999759535408125,1.6030343772617635,1,4.0,9.0,False,59,False,70
BST-032,PROD-015,11,2,9,2.453385003006204,0.9088853162114738,1,4.0,6.5,False,29,False,52
BST-032,PROD-016,17,0,17,1.8008234691921865,0.4733944496956724,1,4.0,5.8,False,12,False,52
BST-032,PROD-017,13,1,12,1.0063952521527253,0.019605447814571252,1,4.0,5.0,False,6,False,52
BST-032,PROD-018,7,4,3,1.2806201211452635,0.28587177661627183,1,4.0,5.3,True,19,False,52
BST-032,PROD-019,13,4,9,12.373941489831804,4.058055311114672,1,6.7,19.1,True,165,False,178
BST-032,PROD-020,43,4,39,15.558169485429078,4.943930928413609,1,8.2,23.8,False,181,False,224
BST-032,PROD-021,34,0,34,11.280474957454189,3.6859683324532946,1,6.1,17.4,False,127,False,161
BST-032,PROD-022,28,5,23,8.92533755625523,3.055914530935056,1,5.0,13.9,False,98,False,126
BST-032,PROD-023,22,0,22,7.633132928302324,2.554053907598094,1,4.2,11.8,False,83,False,105
BST-032,PROD-024,26,2,24,6.131317443675151,2.133780156246537,1,4.0,10.1,False,62,False,88
BST-032,PROD-025,7,0,7,3.8324009156763763,1.2341240536781724,1,4.0,7.8,True,45,False,52
BST-032,PROD-026,16,3,13,3.25367675225786,1.111569747241102,1,4.0,7.3,False,36,False,52
BST-032,PROD-027,14,1,13,2.6297487133271487,0.9512695578112441,1,4.0,6.6,False,28,False,52
BST-032,PROD-028,11,2,9,2.642910564527327,0.9443649931143097,1,4.0,6.6,False,32,False,52
BST-032,PROD-029,3,2,1,1.8368882616290865,0.5109223184585112,1,4.0,5.8,True,29,False,52
BST-032,PROD-030,12,4,8,2.4971307749273737,0.925553937855488,1,4.0,6.5,False,31,False,52
BST-032,PROD-031,7,2,5,1.003672088279851,0.02413353382761578,1,4.0,5.0,False,13,False,52
BST-032,PROD-032,11,2,9,0.996896093772505,0.02286519842005645,1,4.0,5.0,False,9,False,52
BST-032,PROD-033,9,2,7,1.0011889913752257,0.018180472737695255,1,4.0,5.0,False,11,False,52
BST-032,PROD-034,13,0,13,0.9997154407808011,0.01814118643656511,1,4.0,5.0,False,5,False,52
BST-032,PROD-035,39,5,34,0.0022080760581116503,0.00023854781619021587,1,4.0,4.0,False,0,True,52
BST-033,PROD-001,42,3,39,47.96903571567433,11.278971138540625,1,18.6,66.6,True,256,False,298
BST-033,PROD-002,68,1,67,60.46093106562498,12.083378348906018,1,19.9,80.4,True,314,False,382
BST-033,PROD-003,28,0,28,34.20170764600224,8.018109645090284,1,13.2,47.4,True,186,False,214
BST-033,PROD-004,14,1,13,16.315450137158415,4.9235385329068135,1,9.0,25.3,True,224,False,256
BST-033,PROD-005,65,0,65,19.94784311245241,5.917706880380847,1,11.0,30.9,False,225,False,318
BST-033,PROD-006,0,0,0,18.580617394720946,5.366452029142839,1,10.0,28.6,True,270,False,276
BST-033,PROD-007,53,0,53,15.940970648988907,4.039866345621048,1,9.0,24.9,False,179,False,256
BST-033,PROD-008,59,1,58,13.720128378764954,3.8297550562806713,1,8.0,21.7,False,142,False,214
BST-033,PROD-009,70,4,66,14.70201489199807,4.042201099349837,1,8.0,22.7,False,148,False,234
BST-033,PROD-010,22,5,17,5.628089617016589,1.6666311704359549,1,4.0,9.6,False,62,False,84
BST-033,PROD-011,24,4,20,7.034292237952371,1.8357552963111479,1,4.0,11.0,False,81,False,105
BST-033,PROD-012,31,0,31,8.179399279361167,2.416569879253828,1,5.0,13.2,False,89,False,126
BST-033,PROD-013,6,1,5,7.866384803361981,2.052681679178708,1,5.0,12.9,True,110,False,126
BST-033,PROD-014,28,4,24,10.62997721056416,3.025608135106345,1,6.0,16.6,False,131,False,172
BST-033,PROD-015,22,5,17,5.298235956729394,1.081795870805574,1,4.0,9.3,False,61,False,84
BST-033,PROD-016,20,2,18,4.030333115503038,1.082178207833809,1,4.0,8.0,False,42,False,63
BST-033,PROD-017,5,0,5,1.224363882087571,0.3258005429895949,1,4.0,5.2,True,16,False,52
BST-033,PROD-018,6,3,3,2.6559489849179685,0.6695822612950201,1,4.0,6.7,True,38,False,52
BST-033,PROD-019,20,0,20,58.73482960420422,13.7829647432241,1,22.7,81.4,True,404,False,424
BST-033,PROD-020,27,5,22,72.68634916430415,16.32738728673209,1,26.9,99.6,True,505,False,532
BST-033,PROD-021,84,5,79,51.41555490132909,12.447040733017342,1,20.5,71.9,False,298,False,382
BST-033,PROD-022,54,5,49,18.719187789964177,5.245741179387835,1,11.0,29.7,False,224,False,298
BST-033,PROD-023,68,5,63,15.509343457501188,4.201357120744954,1,9.0,24.5,False,163,False,256
BST-033,PROD-024,33,1,32,13.547025965657784,3.7759808680840714,1,8.0,21.5,False,166,False,214
BST-033,PROD-025,17,3,14,8.058278716200025,2.0674292418200038,1,5.0,13.1,False,104,False,126
BST-033,PROD-026,21,5,16,6.776032976117766,1.8868731290766951,1,4.0,10.8,False,83,False,105
BST-033,PROD-027,26,1,25,5.239256613637551,1.5365368221315616,1,4.0,9.2,False,52,False,84
BST-033,PROD-028,15,0,15,5.60763266332754,1.6813705126822645,1,4.0,9.6,False,68,False,84
BST-033,PROD-029,10,0,10,3.8965405027729356,1.1324894082784385,1,4.0,7.9,False,49,False,63
BST-033,PROD-030,13,4,9,5.3859168452234645,1.326092672610909,1,4.0,9.4,True,70,False,84
BST-033,PROD-031,7,5,2,1.0137776510309882,0.011939037780532173,1,4.0,5.0,True,16,False,52
BST-033,PROD-032,7,0,7,1.0066032143526098,0.011232649273293085,1,4.0,5.0,False,11,False,52
BST-033,PROD-033,8,4,4,1.0069067790452417,0.010287801814072748,1,4.0,5.0,True,14,False,52
BST-033,PROD-034,13,1,12,1.0054943436665529,0.010240411852018736,1,4.0,5.0,False,6,False,52
BST-033,PROD-035,39,2,37,0.0023143777030341347,0.000251108354575402,1,4.0,4.0,False,0,True,52
BST-034,PROD-001,51,4,47,54.1809394787772,12.430824465140775,1,20.5,74.7,True,278,False,329
BST-034,PROD-002,69,4,65,67.38792430981421,15.318891251548681,1,25.3,92.7,True,355,False,424
BST-034,PROD-003,37,4,33,37.77016413786536,8.073804485714335,1,13.3,51.1,True,197,False,234
BST-034,PROD-004,37,4,33,17.28717163482134,4.918346470678854,1,10.0,27.3,False,219,False,284
BST-034,PROD-005,0,0,0,23.525431138641892,6.684312595058781,1,13.0,36.5,True,342,False,354
BST-034,PROD-006,28,1,27,20.891995493787096,5.744718653345652,1,11.0,31.9,True,276,False,308
BST-034,PROD-007,42,5,37,17.813456354444188,5.2244598811776815,1,10.0,27.8,False,222,False,284
BST-034,PROD-008,44,0,44,15.593073760754825,3.910855928941148,1,8.0,23.6,False,182,False,234
BST-034,PROD-009,48,4,44,16.589070906835243,4.708767929650057,1,9.0,25.6,False,197,False,259
BST-034,PROD-010,30,4,26,6.0002679628718925,1.5768882148379921,1,4.0,10.0,False,62,False,94
BST-034,PROD-011,21,2,19,7.488760439219943,1.7948521579626278,1,4.0,11.5,False,90,False,119
BST-034,PROD-012,18,3,15,9.130925829041908,2.545434239543496,1,5.0,14.1,False,118,False,140
BST-034,PROD-013,36,2,34,9.00983775720354,2.1196968586265306,1,5.0,14.0,False,97,False,140
BST-034,PROD-014,26,2,24,11.716679795553826,3.1387770877474948,1,7.0,18.7,False,147,False,189
BST-034,PROD-015,14,2,12,6.038180992505647,1.6809084340444023,1,4.0,10.0,False,77,False,94
BST-034,PROD-016,24,1,23,4.51068522728673,1.4250158095490009,1,4.0,8.5,False,44,False,70
BST-034,PROD-017,15,0,15,1.3403563056514318,0.3780205574670241,1,4.0,5.3,False,8,False,52
BST-034,PROD-018,18,1,17,3.0954344610069695,0.7752857323058827,1,4.0,7.1,False,30,False,52
BST-034,PROD-019,39,3,36,64.68296400855638,15.241761046728548,1,25.1,89.8,True,433,False,472
BST-034,PROD-020,19,2,17,79.66138683116537,17.196693714008166,1,28.4,108.1,True,569,False,588
BST-034,PROD-021,97,2,95,57.35889992061148,14.168021944825115,1,23.4,80.8,False,327,False,424
BST-034,PROD-022,74,5,69,20.22869118798792,5.624960887334225,1,12.0,32.2,False,226,False,329
BST-034,PROD-023,66,3,63,17.499950576980073,4.792128926899688,1,10.0,27.5,False,192,False,284
BST-034,PROD-024,13,4,9,15.101682492989754,3.987381279623646,1,8.0,23.1,True,210,False,234
BST-034,PROD-025,27,4,23,8.890761364508412,2.2646874962432033,1,5.0,13.9,False,106,False,140
BST-034,PROD-026,22,3,19,7.385770325491512,2.1610470695801256,1,4.0,11.4,False,88,False,119
BST-034,PROD-027,12,1,11,6.020907175542071,1.6871817420209163,1,4.0,10.0,False,77,False,94
BST-034,PROD-028,23,0,23,5.931366154099685,1.556613843330225,1,4.0,9.9,False,64,False,94
BST-034,PROD-029,8,5,3,4.519257329208111,1.1407873241125028,1,4.0,8.5,True,62,False,70
BST-034,PROD-030,23,1,22,5.870985321501612,1.8132637834736944,1,4.0,9.9,False,64,False,94
BST-034,PROD-031,7,0,7,1.0158303565224742,0.012280796058202766,1,4.0,5.0,False,11,False,52
BST-034,PROD-032,13,2,11,1.0086386988222515,0.011740673844873532,1,4.0,5.0,False,7,False,52
BST-034,PROD-033,5,2,3,1.008972721586838,0.01081491452780395,1,4.0,5.0,True,15,False,52
BST-034,PROD-034,17,0,17,1.0225605269446796,0.05841607391508768,1,4.0,5.0,False,1,False,52
BST-034,PROD-035,39,1,38,0.002757111901490846,0.0003003304125803103,1,4.0,4.0,False,0,True,52
BST-035,PROD-001,33,1,32,7.521442338604095,1.036937081411393,1,4.0,11.5,False,77,False,112
BST-035,PROD-002,17,4,13,9.463741822716687,1.2256527096979934,1,5.0,14.5,True,124,False,144
BST-035,PROD-003,24,1,23,5.439550882496236,0.6949865155905246,1,4.0,9.4,False,56,False,80
BST-035,PROD-004,0,0,0,12.681553803467542,1.632417544031242,1,4.0,16.7,True,94,False,94
BST-035,PROD-005,0,0,0,15.90792099697914,1.9485707396818048,1,4.0,19.9,True,119,False,119
BST-035,PROD-006,0,0,0,13.926031934158711,1.4770655065251908,1,4.0,17.9,True,105,False,105
BST-035,PROD-007,14,1,13,13.687058993641418,1.4164854450716513,1,4.0,17.7,True,80,False,94
BST-035,PROD-008,21,0,21,5.220749393379475,0.7296243659498984,1,4.0,9.2,False,56,False,80
BST-035,PROD-009,20,3,17,5.7788140293236365,0.8812558828116406,1,4.0,9.8,False,68,False,88
BST-035,PROD-010,14,4,10,2.173421256747481,0.2621354649132608,1,4.0,6.2,False,24,False,52
BST-035,PROD-011,18,5,13,2.645529358233239,0.44776004663059377,1,4.0,6.6,False,28,False,52
BST-035,PROD-012,9,4,5,3.2248654106688557,0.5049902153390681,1,4.0,7.2,True,43,False,52
BST-035,PROD-013,4,4,0,9.107469960665437,0.837741823021335,1,4.0,13.1,True,48,False,52
BST-035,PROD-014,0,0,0,12.115226845455743,1.2395342637485547,1,4.0,16.1,True,63,False,63
BST-035,PROD-015,9,4,5,6.244065224827314,0.8881855954185609,1,4.0,10.2,True,43,False,52
BST-035,PROD-016,15,3,12,1.7082531634054612,0.3720634450842847,1,4.0,5.7,False,16,False,52
BST-035,PROD-017,13,4,9,1.0070305087040274,0.01155062785375607,1,4.0,5.0,False,9,False,52
BST-035,PROD-018,10,3,7,1.0097305353504942,0.013022071181334029,1,4.0,5.0,False,11,False,52
BST-035,PROD-019,12,3,9,10.684640669068655,1.5719744135765432,1,6.0,16.7,True,147,False,161
BST-035,PROD-020,28,2,26,13.751043348550583,2.142548816316195,1,7.0,20.8,False,172,False,200
BST-035,PROD-021,31,4,27,9.310351897762798,1.0887492427022354,1,5.0,14.3,False,108,False,144
BST-035,PROD-022,33,4,29,7.792942117267489,0.8208203335804063,1,4.0,11.8,False,79,False,112
BST-035,PROD-023,14,0,14,6.462174554715828,0.829326518009095,1,4.0,10.5,False,80,False,94
BST-035,PROD-024,14,5,9,5.182743995035055,0.6021859270019677,1,4.0,9.2,True,66,False,80
BST-035,PROD-025,8,0,8,3.2716844093330146,0.4805083485555157,1,4.0,7.3,False,42,False,52
BST-035,PROD-026,17,1,16,2.5822027880620313,0.40303694380690935,1,4.0,6.6,False,24,False,52
BST-035,PROD-027,4,3,1,2.2437311997759015,0.336955807625881,1,4.0,6.2,True,34,False,52
BST-035,PROD-028,8,1,7,2.144704532119994,0.20142122446321992,1,4.0,6.1,False,27,False,52
BST-035,PROD-029,16,0,16,1.6017746538776654,0.3548574562641537,1,4.0,5.6,False,10,False,52
BST-035,PROD-030,17,3,14,2.1813899628566475,0.22407047369328503,1,4.0,6.2,False,21,False,52
BST-035,PROD-031,12,4,8,1.007565432897468,0.010215237527412971,1,4.0,5.0,False,10,False,52
BST-035,PROD-032,8,4,4,1.002576326118845,0.0093546188389854,1,4.0,5.0,True,14,False,52
BST-035,PROD-033,13,1,12,1.0038585147575128,0.008977270397706145,1,4.0,5.0,False,6,False,52
BST-035,PROD-034,13,0,13,1.002727658311718,0.008862535439669882,1,4.0,5.0,False,5,False,52
BST-035,PROD-035,39,0,39,0.0024851294165801835,0.000264314727974116,1,4.0,4.0,False,0,True,52
BST-036,PROD-001,28,2,26,31.248278592895417,7.044870992512047,1,11.6,42.8,True,164,False,192
BST-036,PROD-002,39,0,39,39.643973873724306,8.746314709124155,1,14.4,54.0,True,209,False,248
BST-036,PROD-003,18,1,17,21.692725623530837,4.4884347984814195,1,7.4,29.1,True,118,False,136
BST-036,PROD-004,30,0,30,11.441032361511033,2.774870051095824,1,6.0,17.4,False,134,False,164
BST-036,PROD-005,27,0,27,13.607326180498765,3.7665390177333427,1,7.0,20.6,False,171,False,206
BST-036,PROD-006,0,0,0,12.326223591029091,3.5776294536603603,1,6.0,18.3,True,178,False,178
BST-036,PROD-007,13,3,10,10.54819426433362,2.9302806792107337,1,6.0,16.5,True,144,False,164
BST-036,PROD-008,12,5,7,8.712892922253682,2.2811514842571925,1,5.0,13.7,True,120,False,136
BST-036,PROD-009,21,4,17,9.716053754592407,2.5118550852614407,1,5.0,14.7,False,124,False,150
BST-036,PROD-010,6,2,4,3.514282398374241,1.0467889545326643,1,4.0,7.5,True,49,False,56
BST-036,PROD-011,21,4,17,4.496079988053553,1.2957356560025166,1,4.0,8.5,False,49,False,70
BST-036,PROD-012,27,3,24,5.184633849550807,1.4952740135319313,1,4.0,9.2,False,53,False,84
BST-036,PROD-013,13,5,8,5.213940731184797,1.3183797126236318,1,4.0,9.2,True,69,False,84
BST-036,PROD-014,19,0,19,7.090946127320085,1.9160516334598785,1,4.0,11.1,False,84,False,108
BST-036,PROD-015,10,1,9,3.7006235498757283,1.1228483518165147,1,4.0,7.7,False,46,False,56
BST-036,PROD-016,10,3,7,2.696817068334206,0.7537020469288356,1,4.0,6.7,False,35,False,52
BST-036,PROD-017,6,3,3,1.005921386577173,0.01746407497033405,1,4.0,5.0,True,15,False,52
BST-036,PROD-018,16,3,13,1.6238500197998225,0.6436595211002549,1,4.0,5.6,False,14,False,52
BST-036,PROD-019,16,1,15,36.238090987715125,8.459772565826581,1,14.0,50.2,True,257,False,273
BST-036,PROD-020,82,5,77,47.011823354444445,11.054038623969076,1,18.2,65.2,False,261,False,343
BST-036,PROD-021,48,5,43,33.89411850607432,8.392022163496268,1,13.8,47.7,True,200,False,248
BST-036,PROD-022,20,5,15,12.46199450042335,3.3686775788798333,1,7.0,19.5,True,166,False,192
BST-036,PROD-023,42,5,37,10.785662544063912,3.125024892850313,1,6.0,16.8,False,120,False,164
BST-036,PROD-024,18,0,18,8.582428390696244,2.495614792187709,1,5.0,13.6,False,107,False,136
BST-036,PROD-025,24,4,20,5.22649880580329,1.391379817712784,1,4.0,9.2,False,57,False,84
BST-036,PROD-026,7,4,3,4.3438047928746455,1.1171859873035324,1,4.0,8.3,True,62,False,70
BST-036,PROD-027,9,1,8,3.473528240007574,1.0504553017637859,1,4.0,7.5,False,45,False,56
BST-036,PROD-028,19,3,16,3.6140082525135395,1.104614565131993,1,4.0,7.6,False,37,False,56
BST-036,PROD-029,7,1,6,2.691771449555676,0.7452919229968633,1,4.0,6.7,True,36,False,52
BST-036,PROD-030,16,4,12,3.5586070729433055,0.9683401160366212,1,4.0,7.6,False,40,False,56
BST-036,PROD-031,14,2,12,1.0068347688842072,0.01704470970559524,1,4.0,5.0,False,6,False,52
BST-036,PROD-032,17,5,12,1.0015787838949828,0.016356633310803545,1,4.0,5.0,False,6,False,52
BST-036,PROD-033,13,4,9,1.00035206615582,0.012382745639382348,1,4.0,5.0,False,9,False,52
BST-036,PROD-034,13,0,13,0.99989791454024,0.011416335560940755,1,4.0,5.0,False,5,False,52
BST-036,PROD-035,39,2,37,0.00247653293450752,0.00026342164683547663,1,4.0,4.0,False,0,True,52
BST-037,PROD-001,18,5,13,33.48226039640786,8.139318427743708,1,13.4,46.9,True,188,False,206
BST-037,PROD-002,61,3,58,41.597221385735956,8.572633563507267,1,14.1,55.7,False,205,False,266
BST-037,PROD-003,19,5,14,22.331255676214827,4.595885181628061,1,7.6,29.9,True,128,False,147
BST-037,PROD-004,0,0,0,12.29399828319379,3.3582453485414683,1,6.0,18.3,True,178,False,178
BST-037,PROD-005,22,3,19,14.48281211310902,4.322187772237375,1,8.0,22.5,True,192,False,220
BST-037,PROD-006,1,1,0,13.018524118197805,3.677346019848836,1,7.0,20.0,True,189,False,192
BST-037,PROD-007,13,2,11,11.210279608911433,3.0382902143988106,1,6.0,17.2,True,152,False,178
BST-037,PROD-008,36,2,34,8.989366102502085,2.5803539464388128,1,5.0,14.0,False,97,False,147
BST-037,PROD-009,43,1,42,10.016005225995988,2.6786002026355686,1,6.0,16.0,False,104,False,161
BST-037,PROD-010,15,2,13,3.760757834418206,1.1269436731136504,1,4.0,7.8,False,44,False,60
BST-037,PROD-011,17,0,17,4.701718331495047,1.4282357023301202,1,4.0,8.7,False,53,False,74
BST-037,PROD-012,21,5,16,5.613997675595015,1.4695960612349313,1,4.0,9.6,False,67,False,88
BST-037,PROD-013,5,4,1,5.97371173934462,1.5164582117648868,1,4.0,10.0,True,83,False,88
BST-037,PROD-014,9,0,9,7.826465899461594,2.2385457958794985,1,4.0,11.8,True,105,False,119
BST-037,PROD-015,6,3,3,3.78565178272336,0.955068303611269,1,4.0,7.8,True,54,False,60
BST-037,PROD-016,18,0,18,3.00095778664459,0.9576635265623009,1,4.0,7.0,False,28,False,52
BST-037,PROD-017,7,3,4,1.179727638379978,0.2685529599633625,1,4.0,5.2,True,17,False,52
BST-037,PROD-018,12,3,9,1.9909086033553505,0.4853356059714206,1,4.0,6.0,False,23,False,52
BST-037,PROD-019,43,2,41,41.56610974633868,10.005449677574058,1,16.5,58.1,True,251,False,294
BST-037,PROD-020,0,0,0,50.05464740684338,11.981904003849548,1,19.8,69.9,True,368,False,368
BST-037,PROD-021,43,3,40,36.86281566604545,8.539028688120213,1,14.1,51.0,True,223,False,266
BST-037,PROD-022,11,2,9,13.30584213405454,3.929471686053189,1,7.0,20.3,True,184,False,206
BST-037,PROD-023,37,0,37,11.325299394341945,3.231152025480321,1,6.0,17.3,False,128,False,178
BST-037,PROD-024,9,3,6,9.49469808638638,2.7227248903943564,1,5.0,14.5,True,132,False,147
BST-037,PROD-025,28,2,26,5.6379397185255105,1.372454753712416,1,4.0,9.6,False,57,False,88
BST-037,PROD-026,18,1,17,4.7557838460151505,1.3173104301381506,1,4.0,8.8,False,54,False,74
BST-037,PROD-027,15,2,13,3.7831235106026506,0.9773094654372163,1,4.0,7.8,False,44,False,60
BST-037,PROD-028,8,1,7,3.740199272528713,1.1503390790855503,1,4.0,7.7,True,49,False,60
BST-037,PROD-029,9,5,4,2.8968346148670023,0.7142917863547766,1,4.0,6.9,True,41,False,52
BST-037,PROD-030,13,3,10,3.6893943165079213,1.0100302331570494,1,4.0,7.7,False,46,False,60
BST-037,PROD-031,7,0,7,1.008271338331911,0.015465855931264429,1,4.0,5.0,False,11,False,52
BST-037,PROD-032,13,4,9,1.0022217005673297,0.015614926225787109,1,4.0,5.0,False,9,False,52
BST-037,PROD-033,10,0,10,1.0006625975214285,0.01170734647037739,1,4.0,5.0,False,8,False,52
BST-037,PROD-034,13,5,8,0.9997404501896211,0.01107732057532588,1,4.0,5.0,False,10,False,52
BST-037,PROD-035,39,5,34,0.0021897191389326338,0.00023365950662479764,1,4.0,4.0,False,0,True,52
BST-038,PROD-001,12,2,10,10.018640388955108,3.1806765512770405,1,5.2,15.2,True,132,False,144
BST-038,PROD-002,32,4,28,13.10463473058972,4.485944245404214,1,7.4,20.5,False,154,False,186
BST-038,PROD-003,17,0,17,7.123019656309125,2.4622989205443004,1,4.1,11.2,False,85,False,102
BST-038,PROD-004,0,0,0,14.861612696510756,4.601217938185171,1,7.6,22.5,True,122,False,122
BST-038,PROD-005,0,0,0,18.384901388035527,5.995388061650823,1,9.9,28.3,True,154,False,154
BST-038,PROD-006,0,0,0,16.435036392194846,5.465757992750622,1,9.0,25.4,True,133,False,133
BST-038,PROD-007,19,4,15,18.182666725888375,5.7570801844295225,1,9.5,27.7,True,103,False,122
BST-038,PROD-008,0,0,0,14.081444564242714,4.1532758451249245,1,6.9,21.0,True,102,False,102
BST-038,PROD-009,20,4,16,16.21455657415127,5.0106689546715435,1,8.3,24.5,True,92,False,112
BST-038,PROD-010,4,4,0,2.9487721457802505,1.0282637682106508,1,4.0,6.9,True,45,False,52
BST-038,PROD-011,17,1,16,3.5517054110272794,1.1670758830409236,1,4.0,7.6,False,35,False,52
BST-038,PROD-012,4,4,0,4.441138050860641,1.4336018958932575,1,4.0,8.4,True,59,False,63
BST-038,PROD-013,9,5,4,4.318910304372829,1.3375225340091452,1,4.0,8.3,True,54,False,63
BST-038,PROD-014,12,1,11,5.592147963074034,1.7722228312989818,1,4.0,9.6,False,68,False,80
BST-038,PROD-015,4,0,4,2.978398434603561,0.9447577807325163,1,4.0,7.0,True,42,False,52
BST-038,PROD-016,10,2,8,2.0872872995240868,0.6839825830915026,1,4.0,6.1,False,25,False,52
BST-038,PROD-017,13,4,9,1.00850608934554,0.016569126392339886,1,4.0,5.0,False,9,False,52
BST-038,PROD-018,4,1,3,1.5757717894260472,0.3903632512692885,1,4.0,5.6,True,23,False,52
BST-038,PROD-019,50,1,49,14.10717546800881,4.878468578639852,1,8.0,22.1,False,156,False,206
BST-038,PROD-020,24,1,23,18.070085747891508,6.125387185523117,1,10.1,28.2,True,232,False,256
BST-038,PROD-021,36,5,31,13.11062995590405,4.439160101449795,1,7.3,20.4,False,150,False,186
BST-038,PROD-022,6,1,5,10.220768665890088,3.3847464658886404,1,5.6,15.8,True,138,False,144
BST-038,PROD-023,15,2,13,8.513807411034207,2.881103852962188,1,4.8,13.3,True,107,False,122
BST-038,PROD-024,3,0,3,7.3133579839966405,2.531057212297008,1,4.2,11.5,True,99,False,102
BST-038,PROD-025,9,0,9,4.432687384401132,1.5058584069436618,1,4.0,8.4,False,54,False,63
BST-038,PROD-026,18,5,13,3.623732205929843,1.1789415921738513,1,4.0,7.6,False,34,False,52
BST-038,PROD-027,12,2,10,2.8136704372312495,0.9639328800257279,1,4.0,6.8,False,33,False,52
BST-038,PROD-028,11,5,6,2.9909407169141202,1.0827297427031186,1,4.0,7.0,True,40,False,52
BST-038,PROD-029,10,4,6,2.012510869055366,0.6266009015812806,1,4.0,6.0,False,26,False,52
BST-038,PROD-030,6,4,2,2.9425260688463726,0.9598180687481929,1,4.0,6.9,True,43,False,52
BST-038,PROD-031,7,4,3,1.0064176918602386,0.01854962468119176,1,4.0,5.0,True,15,False,52
BST-038,PROD-032,12,5,7,0.9995331931073623,0.017243979010575408,1,4.0,5.0,False,11,False,52
BST-038,PROD-033,17,2,15,1.0018986785323156,0.015074102894552101,1,4.0,5.0,False,3,False,52
BST-038,PROD-034,13,3,10,1.000424253743676,0.01504971403260868,1,4.0,5.0,False,8,False,52
BST-038,PROD-035,39,5,34,0.002211142209106585,0.00023865741106451863,1,4.0,4.0,False,0,True,52
BST-039,PROD-001,40,5,35,41.376693700208854,9.187545534618351,1,15.2,56.6,True,219,False,259
BST-039,PROD-002,48,3,45,53.17194268884855,11.431118375362548,1,18.9,72.1,True,284,False,332
BST-039,PROD-003,23,1,22,29.370022761330222,6.472857392827145,1,10.7,40.1,True,163,False,186
BST-039,PROD-004,34,1,33,14.758938921187491,3.979432987023585,1,8.0,22.8,False,182,False,220
BST-039,PROD-005,12,1,11,17.790221108281866,5.050884004468008,1,10.0,27.8,True,248,False,276
BST-039,PROD-006,3,3,0,15.852729779021967,4.816805472882581,1,8.0,23.9,True,230,False,242
BST-039,PROD-007,35,3,32,13.97034650921682,3.906248284992484,1,8.0,22.0,False,172,False,220
BST-039,PROD-008,58,0,58,11.490676850127153,3.2877554233710056,1,7.0,18.5,False,110,False,186
BST-039,PROD-009,41,2,39,12.747817092065599,3.4836801430562327,1,7.0,19.7,False,146,False,203
BST-039,PROD-010,7,2,5,4.823113782603128,1.1718876350892597,1,4.0,8.8,True,67,False,74
BST-039,PROD-011,28,4,24,5.765954266924384,1.6908660112615472,1,4.0,9.8,False,61,False,91
BST-039,PROD-012,28,1,27,6.889554559240168,2.040489528994186,1,4.0,10.9,False,73,False,112
BST-039,PROD-013,11,3,8,7.008650723353948,1.8112602209649686,1,4.0,11.0,True,94,False,112
BST-039,PROD-014,13,3,10,9.163885103977554,2.494466348176592,1,5.0,14.2,True,123,False,147
BST-039,PROD-015,14,3,11,4.718029412932036,1.2591586953392044,1,4.0,8.7,False,59,False,74
BST-039,PROD-016,17,3,14,3.528228773379419,0.9479234093341782,1,4.0,7.5,False,39,False,56
BST-039,PROD-017,6,4,2,1.2039218704105517,0.27309152865780534,1,4.0,5.2,True,19,False,52
BST-039,PROD-018,11,4,7,2.461459076097541,0.6829040869669292,1,4.0,6.5,False,31,False,52
BST-039,PROD-019,98,3,95,49.17482048704058,11.998531191968958,1,19.8,69.0,False,273,False,371
BST-039,PROD-020,80,4,76,62.73737970495271,15.020892105089802,1,24.8,87.5,True,382,False,462
BST-039,PROD-021,70,1,69,44.38917981399633,10.553353040362662,1,17.4,61.8,False,262,False,332
BST-039,PROD-022,23,5,18,16.286646688577772,4.614962961994658,1,9.0,25.3,True,219,False,259
BST-039,PROD-023,23,3,20,13.856315457745499,3.872905701918586,1,8.0,21.9,True,182,False,220
BST-039,PROD-024,43,1,42,11.541520776014197,2.9471059122703114,1,7.0,18.5,False,127,False,186
BST-039,PROD-025,26,1,25,6.994284009266788,2.033162982193972,1,4.0,11.0,False,77,False,112
BST-039,PROD-026,28,4,24,5.7858833448009745,1.7044453296016668,1,4.0,9.8,False,61,False,91
BST-039,PROD-027,7,5,2,4.866520271515183,1.0503165338438079,1,4.0,8.9,True,67,False,74
BST-039,PROD-028,16,0,16,4.736666398237846,1.3036973371762561,1,4.0,8.7,False,54,False,74
BST-039,PROD-029,18,2,16,3.560248515698395,0.9497159495537234,1,4.0,7.6,False,38,False,56
BST-039,PROD-030,5,3,2,4.5670903752365115,1.0373512007280392,1,4.0,8.6,True,66,False,74
BST-039,PROD-031,7,2,5,1.0126740142328512,0.01211019534697164,1,4.0,5.0,False,13,False,52
BST-039,PROD-032,7,2,5,1.0056716811101867,0.012102019010851037,1,4.0,5.0,False,13,False,52
BST-039,PROD-033,15,2,13,1.0048427513625102,0.010030546511737194,1,4.0,5.0,False,5,False,52
BST-039,PROD-034,13,4,9,1.0033963611415493,0.009973454060585469,1,4.0,5.0,False,9,False,52
BST-039,PROD-035,39,4,35,0.0020421205341955018,0.0002198551088624738,1,4.0,4.0,False,0,True,52
BST-040,PROD-001,33,1,32,33.59420451005982,6.946985767714665,1,11.5,45.1,True,181,False,214
BST-040,PROD-002,62,0,62,43.21104500315257,9.515957834205178,1,15.7,58.9,False,214,False,276
BST-040,PROD-003,23,0,23,23.41017165337634,4.891169219262134,1,8.1,31.5,True,131,False,154
BST-040,PROD-004,14,3,11,12.351155460227018,3.313530899176477,1,6.0,18.4,True,168,False,182
BST-040,PROD-005,0,0,0,15.646634761395417,4.474200565520928,1,8.0,23.6,True,227,False,228
BST-040,PROD-006,34,4,30,13.507495012961735,4.226063379162666,1,7.0,20.5,False,166,False,200
BST-040,PROD-007,29,1,28,11.476781608611715,2.7485925704798686,1,6.0,17.5,False,139,False,182
BST-040,PROD-008,48,1,47,9.51463484370579,2.619608691092122,1,5.0,14.5,False,91,False,154
BST-040,PROD-009,38,1,37,10.761029986749076,2.8589897591385327,1,6.0,16.8,False,120,False,168
BST-040,PROD-010,17,5,12,4.0487089358225905,1.0998115200939098,1,4.0,8.0,False,43,False,60
BST-040,PROD-011,16,0,16,4.801701718726337,1.3916233811061502,1,4.0,8.8,False,55,False,77
BST-040,PROD-012,28,1,27,5.873953296988716,1.5067086553872127,1,4.0,9.9,False,59,False,91
BST-040,PROD-013,7,0,7,5.926644847252645,1.5218998250554439,1,4.0,9.9,True,80,False,91
BST-040,PROD-014,29,4,25,7.769265313371109,2.210337283762838,1,4.0,11.8,False,88,False,122
BST-040,PROD-015,13,5,8,3.9585216507011087,0.9225497461719853,1,4.0,8.0,False,47,False,60
BST-040,PROD-016,17,5,12,2.8084968705492797,0.7706793496113448,1,4.0,6.8,False,31,False,52
BST-040,PROD-017,15,1,14,1.1020908986366138,0.18498017810155787,1,4.0,5.1,False,5,False,52
BST-040,PROD-018,13,1,12,1.94676613095621,0.5467655199624405,1,4.0,5.9,False,19,False,52
BST-040,PROD-019,72,3,69,41.58195169835174,9.63451532416153,1,15.9,57.5,False,232,False,304
BST-040,PROD-020,22,5,17,52.388987514675804,12.648582995343661,1,20.9,73.3,True,360,False,382
BST-040,PROD-021,17,4,13,37.659849180940604,8.655823835399323,1,14.3,52.0,True,259,False,276
BST-040,PROD-022,35,0,35,13.554219433699652,4.065760734872749,1,8.0,21.6,False,163,False,214
BST-040,PROD-023,31,5,26,11.679773898304187,2.86434927641671,1,6.0,17.7,False,144,False,182
BST-040,PROD-024,39,2,37,9.876146755888223,2.4901941626363278,1,5.0,14.9,False,106,False,154
BST-040,PROD-025,23,3,20,6.045068402646801,1.506647731252012,1,4.0,10.0,False,68,False,91
BST-040,PROD-026,26,5,21,4.916150933592545,1.3959214064339418,1,4.0,8.9,False,51,False,77
BST-040,PROD-027,20,0,20,3.868419705128052,1.0929946117984184,1,4.0,7.9,False,38,False,60
BST-040,PROD-028,7,5,2,3.8733851854149313,1.1530027741586464,1,4.0,7.9,True,53,False,60
BST-040,PROD-029,14,1,13,3.0205426986161674,0.7068978076433887,1,4.0,7.0,False,33,False,52
BST-040,PROD-030,15,3,12,3.87961865150927,0.8332845940840775,1,4.0,7.9,False,45,False,60
BST-040,PROD-031,12,3,9,1.0097236746373426,0.013988808891273945,1,4.0,5.0,False,9,False,52
BST-040,PROD-032,13,3,10,1.0033969444338775,0.013225085390060233,1,4.0,5.0,False,8,False,52
BST-040,PROD-033,8,4,4,1.002644446204292,0.011035254354889614,1,4.0,5.0,True,14,False,52
BST-040,PROD-034,13,1,12,1.0017317890762907,0.010761074098067475,1,4.0,5.0,False,6,False,52
BST-040,PROD-035,39,1,38,0.0023054710735949907,0.00024850927270461085,1,4.0,4.0,False,0,True,52
BST-041,PROD-001,8,0,8,16.980657430438036,2.3152213574147207,1,7.0,24.0,True,193,False,206
BST-041,PROD-002,75,1,74,21.695210752220785,2.9598114216126516,1,9.0,30.7,False,191,False,266
BST-041,PROD-003,32,0,32,12.420506608436783,1.856396564633914,1,5.0,17.4,False,115,False,147
BST-041,PROD-004,10,2,8,15.143968829393696,2.2968229029971092,1,6.0,21.1,True,168,False,178
BST-041,PROD-005,15,0,15,19.410633724029594,3.3187440918622677,1,8.0,27.4,True,209,False,224
BST-041,PROD-006,35,4,31,16.038210550251804,2.2963320723650376,1,7.0,23.0,False,157,False,192
BST-041,PROD-007,9,4,5,15.001773884329378,2.095717315813709,1,6.0,21.0,True,169,False,178
BST-041,PROD-008,39,5,34,12.363725408462143,1.8434602580719115,1,5.0,17.4,False,108,False,147
BST-041,PROD-009,32,0,32,13.471988015657091,1.6198616954672442,1,6.0,19.5,False,132,False,164
BST-041,PROD-010,3,2,1,5.19054467801085,0.7818962701586826,1,4.0,9.2,True,57,False,60
BST-041,PROD-011,11,1,10,6.452215850706135,0.7991673267030092,1,4.0,10.5,True,63,False,74
BST-041,PROD-012,14,3,11,7.427326383571211,0.8691095251631659,1,4.0,11.4,True,74,False,88
BST-041,PROD-013,19,2,17,7.625793511935948,0.9554530474782993,1,4.0,11.6,False,69,False,88
BST-041,PROD-014,20,2,18,9.856821805013741,1.1676907554835596,1,4.0,13.9,False,99,False,119
BST-041,PROD-015,8,5,3,5.125457517857598,0.7716701829728907,1,4.0,9.1,True,52,False,60
BST-041,PROD-016,9,4,5,3.7394606331753506,0.4360265980231731,1,4.0,7.7,True,43,False,52
BST-041,PROD-017,18,5,13,1.012523183512326,0.012832933408272577,1,4.0,5.0,False,5,False,52
BST-041,PROD-018,18,4,14,2.4208197447367352,0.3320177466664968,1,4.0,6.4,False,24,False,52
BST-041,PROD-019,81,1,80,24.39079148984261,3.5691123973278,1,11.0,35.4,False,217,False,298
BST-041,PROD-020,95,5,90,30.297894873667754,4.291848487678494,1,13.0,43.3,False,276,False,371
BST-041,PROD-021,75,0,75,21.394325926581246,3.024446457616162,1,9.0,30.4,False,191,False,266
BST-041,PROD-022,33,4,29,17.149668010868798,2.2918449921063546,1,7.0,24.1,False,173,False,206
BST-041,PROD-023,25,4,21,14.357854795034344,2.0365643789960397,1,6.0,20.4,False,153,False,178
BST-041,PROD-024,38,1,37,12.386318785303487,1.6947098233623705,1,5.0,17.4,False,109,False,147
BST-041,PROD-025,17,3,14,7.241890319600705,0.9817055255467754,1,4.0,11.2,False,71,False,88
BST-041,PROD-026,4,0,4,6.134371853367022,0.8301800216005746,1,4.0,10.1,True,70,False,74
BST-041,PROD-027,14,4,10,4.992447633552359,0.8190666243456644,1,4.0,9.0,False,46,False,60
BST-041,PROD-028,14,3,11,4.917691294570113,0.7363897293079019,1,4.0,8.9,False,46,False,60
BST-041,PROD-029,14,2,12,3.8160425436458234,0.5253293350398859,1,4.0,7.8,False,38,False,52
BST-041,PROD-030,5,2,3,5.012427729582205,0.7003583534462983,1,4.0,9.0,True,55,False,60
BST-041,PROD-031,11,0,11,1.0128182467272462,0.011312932050669175,1,4.0,5.0,False,7,False,52
BST-041,PROD-032,15,2,13,1.0054939199232855,0.010231694492161459,1,4.0,5.0,False,5,False,52
BST-041,PROD-033,13,4,9,1.0064679720851795,0.009916643062817544,1,4.0,5.0,False,9,False,52
BST-041,PROD-034,13,1,12,1.0049870499173443,0.009924653998176903,1,4.0,5.0,False,6,False,52
BST-041,PROD-035,39,5,34,0.0020964179251211482,0.0002271201424208035,1,4.0,4.0,False,0,True,52
BST-042,PROD-001,31,3,28,45.39187030101581,9.84340830129829,1,16.2,61.6,True,249,False,280
BST-042,PROD-002,37,3,34,56.82725563477457,12.842956812567385,1,21.2,78.0,True,323,False,360
BST-042,PROD-003,22,5,17,32.12639396588829,7.030280402033136,1,11.6,43.7,True,178,False,200
BST-042,PROD-004,45,0,45,15.327310361420828,4.325225554422204,1,9.0,24.3,False,179,False,242
BST-042,PROD-005,45,4,41,19.923558524636185,6.016888384670074,1,11.0,30.9,False,249,False,301
BST-042,PROD-006,0,0,0,17.46622692199589,5.516011949736424,1,9.1,26.6,True,254,False,262
BST-042,PROD-007,55,1,54,15.129084525007446,3.737674835805598,1,9.0,24.1,False,167,False,242
BST-042,PROD-008,14,2,12,12.741902410608207,3.884524749215258,1,7.0,19.7,True,173,False,200
BST-042,PROD-009,35,5,30,14.029329177605932,3.8601266986118925,1,8.0,22.0,False,174,False,220
BST-042,PROD-010,22,1,21,5.072197259273872,1.3443904780766884,1,4.0,9.1,False,54,False,80
BST-042,PROD-011,30,3,27,6.4005581871563235,1.4920080837177918,1,4.0,10.4,False,67,False,102
BST-042,PROD-012,20,4,16,7.512249927741919,1.8836639426655986,1,4.0,11.5,False,93,False,119
BST-042,PROD-013,38,3,35,7.51077029451332,1.9485386364205106,1,4.0,11.5,False,74,False,119
BST-042,PROD-014,27,4,23,10.155769760554037,2.5618203507497697,1,6.0,16.2,False,125,False,161
BST-042,PROD-015,14,5,9,5.298880896937042,1.5474405894073113,1,4.0,9.3,True,66,False,80
BST-042,PROD-016,11,4,7,3.939028666620317,1.0513600960015255,1,4.0,7.9,True,49,False,60
BST-042,PROD-017,6,2,4,1.2232759632995074,0.3139440176114043,1,4.0,5.2,True,17,False,52
BST-042,PROD-018,7,5,2,2.4683379770266414,0.5979794878547738,1,4.0,6.5,True,37,False,52
BST-042,PROD-019,77,3,74,55.10884546696558,13.040157116031162,1,21.5,76.6,True,325,False,402
BST-042,PROD-020,29,5,24,69.1301082605618,16.71183314726466,1,27.6,96.7,True,471,False,500
BST-042,PROD-021,59,4,55,50.239293994073,12.465390643123701,1,20.6,70.8,True,301,False,360
BST-042,PROD-022,54,0,54,17.844418140917032,4.98770299864199,1,10.0,27.8,False,206,False,280
BST-042,PROD-023,41,3,38,15.241666519569753,4.289249345524493,1,9.0,24.2,False,184,False,242
BST-042,PROD-024,61,4,57,12.837155534156727,3.2589838449475845,1,7.0,19.8,False,130,False,200
BST-042,PROD-025,36,5,31,7.719471080135035,2.001654592107785,1,4.0,11.7,False,81,False,119
BST-042,PROD-026,14,5,9,6.355652528141287,1.5561099541297005,1,4.0,10.4,True,84,False,102
BST-042,PROD-027,16,0,16,4.878637514818503,1.4917479760642132,1,4.0,8.9,False,56,False,80
BST-042,PROD-028,6,2,4,5.159466349199872,1.4476206209948117,1,4.0,9.2,True,72,False,80
BST-042,PROD-029,14,0,14,3.8665642587774145,1.081931078048514,1,4.0,7.9,False,44,False,60
BST-042,PROD-030,8,3,5,4.897549821722859,1.6051733520839766,1,4.0,8.9,True,68,False,80
BST-042,PROD-031,11,0,11,1.0118536305554544,0.011667294903607866,1,4.0,5.0,False,7,False,52
BST-042,PROD-032,14,0,14,1.0050289018044836,0.010897821722101539,1,4.0,5.0,False,4,False,52
BST-042,PROD-033,13,0,13,1.0053805358652632,0.010001553362850997,1,4.0,5.0,False,5,False,52
BST-042,PROD-034,13,1,12,1.004349807667417,0.009902929051214005,1,4.0,5.0,False,6,False,52
BST-042,PROD-035,39,1,38,0.002200539715504761,0.00023803182199405573,1,4.0,4.0,False,0,True,52
BST-043,PROD-001,20,2,18,29.42619534118428,6.841019042920282,1,11.3,40.7,True,162,False,182
BST-043,PROD-002,42,4,38,37.93375939888961,7.76135269697682,1,12.8,50.7,True,192,False,234
BST-043,PROD-003,20,4,16,20.82407926362576,4.547481237481152,1,7.5,28.3,True,110,False,130
BST-043,PROD-004,13,3,10,10.677914838629864,2.575137578176701,1,6.0,16.7,True,145,False,158
BST-043,PROD-005,40,0,40,12.958815558980344,3.037025653694616,1,7.0,20.0,False,148,False,196
BST-043,PROD-006,21,1,20,11.093698846474123,2.8365456239799096,1,6.0,17.1,False,141,False,172
BST-043,PROD-007,49,1,48,10.156645055402041,2.4944102027966553,1,6.0,16.2,False,100,False,158
BST-043,PROD-008,9,0,9,8.475817122319457,2.4948257486658423,1,5.0,13.5,True,115,False,130
BST-043,PROD-009,7,0,7,9.14378760379468,2.525185317890304,1,5.0,14.1,True,126,False,144
BST-043,PROD-010,11,1,10,3.4577823820200626,0.9954163061422906,1,4.0,7.5,False,41,False,52
BST-043,PROD-011,22,0,22,4.037975061249837,1.1169627526495323,1,4.0,8.0,False,39,False,66
BST-043,PROD-012,16,5,11,4.849548904877413,1.3079891832217652,1,4.0,8.8,False,61,False,77
BST-043,PROD-013,19,0,19,4.981976279413945,1.243936639102004,1,4.0,9.0,False,55,False,77
BST-043,PROD-014,29,4,25,6.936326839182105,1.9200051068671786,1,4.0,10.9,False,76,False,105
BST-043,PROD-015,6,2,4,3.3482607060070113,0.8958473420807159,1,4.0,7.3,True,46,False,52
BST-043,PROD-016,5,4,1,2.554322197844197,0.7336107309686416,1,4.0,6.6,True,39,False,52
BST-043,PROD-017,13,4,9,1.00471461664313,0.016219545867198728,1,4.0,5.0,False,9,False,52
BST-043,PROD-018,11,4,7,1.5834895314724995,0.5851801797317366,1,4.0,5.6,False,19,False,52
BST-043,PROD-019,14,2,12,36.25414368591955,8.360104693519503,1,13.8,50.1,True,248,False,262
BST-043,PROD-020,15,3,12,45.26387126682438,10.53490486158215,1,17.4,62.7,True,311,False,326
BST-043,PROD-021,39,5,34,32.39105662767033,7.784437772206055,1,12.8,45.2,True,195,False,234
BST-043,PROD-022,21,4,17,11.28302611280331,3.0228354952768246,1,6.0,17.3,True,147,False,182
BST-043,PROD-023,11,5,6,9.58311107007267,2.499542644354541,1,6.0,15.6,True,134,False,158
BST-043,PROD-024,14,3,11,8.376942403802966,2.2831847420762004,1,5.0,13.4,True,111,False,130
BST-043,PROD-025,26,2,24,5.057343835222736,1.4049096040800673,1,4.0,9.1,False,51,False,77
BST-043,PROD-026,10,0,10,4.283531669542304,1.2868583715577402,1,4.0,8.3,False,54,False,66
BST-043,PROD-027,9,3,6,3.3617032810061924,0.9345472944213182,1,4.0,7.4,True,43,False,52
BST-043,PROD-028,9,2,7,3.3091033406117893,0.893597164063602,1,4.0,7.3,True,43,False,52
BST-043,PROD-029,7,2,5,2.461774169535537,0.6505916107857965,1,4.0,6.5,True,33,False,52
BST-043,PROD-030,7,1,6,3.3308826325353658,0.8926884588940885,1,4.0,7.3,True,45,False,52
BST-043,PROD-031,3,0,3,1.005690100217892,0.015914659218009282,1,4.0,5.0,True,15,False,52
BST-043,PROD-032,7,2,5,1.0004056739975842,0.015039941376195413,1,4.0,5.0,False,13,False,52
BST-043,PROD-033,3,0,3,0.9997009428588522,0.011870485539143527,1,4.0,5.0,True,15,False,52
BST-043,PROD-034,13,3,10,0.9993075841902066,0.011007301134885948,1,4.0,5.0,False,8,False,52
BST-043,PROD-035,39,1,38,0.0024750041088855016,0.00026314070845237644,1,4.0,4.0,False,0,True,52
BST-044,PROD-001,57,5,52,42.843556033125466,8.836192935132894,1,14.6,57.4,True,216,False,273
BST-044,PROD-002,60,4,56,55.606890974932014,12.331054122291645,1,20.3,75.9,True,290,False,350
BST-044,PROD-003,28,5,23,30.93292507114348,6.72284076804015,1,11.1,42.0,True,164,False,192
BST-044,PROD-004,56,5,51,15.342421056291952,4.046913788437661,1,8.0,23.3,False,172,False,234
BST-044,PROD-005,38,0,38,19.69965920699749,5.866768217564407,1,10.0,29.7,False,248,False,290
BST-044,PROD-006,18,1,17,17.143454524360976,5.3269184500312745,1,9.0,26.1,True,232,False,252
BST-044,PROD-007,50,0,50,14.493828379511516,3.70358004256304,1,8.0,22.5,False,161,False,234
BST-044,PROD-008,25,3,22,12.295309733967525,3.1940135152237854,1,7.0,19.3,False,157,False,192
BST-044,PROD-009,55,0,55,13.615878920868395,3.8823618957462305,1,8.0,21.6,False,144,False,214
BST-044,PROD-010,18,2,16,5.125092081385212,1.318616779397115,1,4.0,9.1,False,59,False,77
BST-044,PROD-011,6,2,4,6.22171602058131,1.783627024555069,1,4.0,10.2,True,87,False,98
BST-044,PROD-012,13,4,9,7.47560615447478,1.8634539465639697,1,4.0,11.5,True,100,False,116
BST-044,PROD-013,32,3,29,7.096125651732022,1.8712246556328214,1,4.0,11.1,False,74,False,116
BST-044,PROD-014,24,3,21,9.713847630735504,2.3472319311743295,1,5.0,14.7,False,120,False,154
BST-044,PROD-015,20,3,17,5.046690695685092,1.2910116119375314,1,4.0,9.0,False,57,False,77
BST-044,PROD-016,14,0,14,3.9538434178808934,1.0446989465415493,1,4.0,8.0,False,45,False,60
BST-044,PROD-017,13,5,8,1.2273579550918163,0.3259275292735899,1,4.0,5.2,False,13,False,52
BST-044,PROD-018,18,1,17,2.544087617419114,0.7473180024764638,1,4.0,6.5,False,23,False,52
BST-044,PROD-019,68,5,63,54.27142917784082,12.004878878827103,1,19.8,74.1,True,320,False,388
BST-044,PROD-020,76,3,73,65.75670326601357,14.543813906132433,1,24.0,89.8,True,410,False,486
BST-044,PROD-021,13,3,10,47.704879589379985,11.148392014635906,1,18.4,66.1,True,337,False,350
BST-044,PROD-022,86,4,82,17.293629506189838,4.254901853054929,1,10.0,27.3,False,170,False,273
BST-044,PROD-023,46,1,45,14.835510425357294,3.9660064769732126,1,8.0,22.8,False,171,False,234
BST-044,PROD-024,17,3,14,12.485740007979974,3.3828119971286594,1,7.0,19.5,True,168,False,192
BST-044,PROD-025,23,4,19,7.590521400828598,2.2050798065528365,1,4.0,11.6,False,91,False,116
BST-044,PROD-026,5,3,2,6.297494421666273,1.7101530700290744,1,4.0,10.3,True,90,False,98
BST-044,PROD-027,11,1,10,4.930499703266131,1.1910256293523764,1,4.0,8.9,False,63,False,77
BST-044,PROD-028,7,1,6,4.7347466535453915,1.3065497994233888,1,4.0,8.7,True,64,False,77
BST-044,PROD-029,8,0,8,3.6590588853849937,1.040698579517396,1,4.0,7.7,False,47,False,60
BST-044,PROD-030,18,1,17,5.027656521553598,1.3734260044100726,1,4.0,9.0,False,57,False,77
BST-044,PROD-031,12,5,7,1.0122629380012094,0.011750567858776644,1,4.0,5.0,False,11,False,52
BST-044,PROD-032,15,5,10,1.0051224864078248,0.011310718343444092,1,4.0,5.0,False,8,False,52
BST-044,PROD-033,14,0,14,1.0052695544543302,0.01022592502545056,1,4.0,5.0,False,4,False,52
BST-044,PROD-034,13,0,13,1.0038695457091804,0.009995707014875434,1,4.0,5.0,False,5,False,52
BST-044,PROD-035,39,0,39,0.0020941812541813527,0.0002264350988480963,1,4.0,4.0,False,0,True,52
BST-045,PROD-001,48,1,47,48.90073218062063,11.471652534908284,1,18.9,67.8,True,260,False,308
BST-045,PROD-002,54,5,49,63.27077787919038,14.187467308206703,1,23.4,86.7,True,342,False,396
BST-045,PROD-003,32,2,30,34.9125780415684,7.981205806960368,1,13.2,48.1,True,188,False,220
BST-045,PROD-004,0,0,0,16.659668141944273,5.065764940296681,1,9.0,25.7,True,242,False,262
BST-045,PROD-005,0,0,0,21.94849573779543,5.772880902134623,1,12.0,33.9,True,319,False,329
BST-045,PROD-006,41,3,38,19.12988683799108,5.132135320682985,1,10.0,29.1,False,240,False,287
BST-045,PROD-007,47,2,45,16.753692194419088,4.701010120992443,1,9.0,25.8,False,199,False,262
BST-045,PROD-008,16,5,11,13.681392271322263,3.6140504072533752,1,8.0,21.7,True,189,False,220
BST-045,PROD-009,54,2,52,15.522766102045779,4.300206777140258,1,9.0,24.5,False,174,False,242
BST-045,PROD-010,7,2,5,5.704042138908238,1.6143376085422216,1,4.0,9.7,True,79,False,88
BST-045,PROD-011,30,4,26,7.016356951965143,1.7618695793578267,1,4.0,11.0,False,76,False,108
BST-045,PROD-012,11,3,8,8.429311838205598,2.0420290998881816,1,5.0,13.4,True,115,False,133
BST-045,PROD-013,34,5,29,8.274419561799178,1.8542377021566674,1,5.0,13.3,False,92,False,133
BST-045,PROD-014,19,1,18,11.404659207093458,3.02050233719163,1,6.0,17.4,False,148,False,175
BST-045,PROD-015,20,5,15,5.5429121452579295,1.3206456132996387,1,4.0,9.5,False,67,False,88
BST-045,PROD-016,10,3,7,4.195953906487236,1.304660336932814,1,4.0,8.2,True,56,False,66
BST-045,PROD-017,6,4,2,1.2516670828406153,0.3438656105919796,1,4.0,5.3,True,20,False,52
BST-045,PROD-018,15,0,15,2.7270080088296567,0.7161913060409871,1,4.0,6.7,False,27,False,52
BST-045,PROD-019,18,5,13,61.025952750765796,13.739094297634269,1,22.7,83.7,True,423,False,441
BST-045,PROD-020,111,3,108,75.34066885168548,16.65997953469988,1,27.5,102.8,False,439,False,550
BST-045,PROD-021,79,4,75,53.6047489185608,12.675696456919285,1,20.9,74.5,False,317,False,396
BST-045,PROD-022,96,3,93,19.5085041642731,5.098533099723215,1,11.0,30.5,False,191,False,308
BST-045,PROD-023,30,3,27,16.622883709612978,4.676982661474395,1,9.0,25.6,False,215,False,262
BST-045,PROD-024,61,3,58,13.39141520596211,3.6290698436671933,1,8.0,21.4,False,137,False,220
BST-045,PROD-025,20,0,20,8.571775171785562,2.199589821903053,1,5.0,13.6,False,105,False,133
BST-045,PROD-026,26,4,22,7.075831035210093,1.9413715187355334,1,4.0,11.1,False,81,False,108
BST-045,PROD-027,23,2,21,5.482916205016638,1.3441588529265547,1,4.0,9.5,False,60,False,88
BST-045,PROD-028,24,4,20,5.626849647772092,1.2914013645301599,1,4.0,9.6,False,63,False,88
BST-045,PROD-029,19,0,19,4.19528533285156,1.0637639314519343,1,4.0,8.2,False,44,False,66
BST-045,PROD-030,23,3,20,5.625764972678819,1.4891972786919547,1,4.0,9.6,False,63,False,88
BST-045,PROD-031,11,0,11,1.014739900397483,0.012262618997493181,1,4.0,5.0,False,7,False,52
BST-045,PROD-032,13,4,9,1.0078498662479296,0.011783881337165871,1,4.0,5.0,False,9,False,52
BST-045,PROD-033,9,5,4,1.008274166908753,0.010784009522282326,1,4.0,5.0,True,14,False,52
BST-045,PROD-034,13,3,10,1.0068596797469198,0.01072359993091046,1,4.0,5.0,False,8,False,52
BST-045,PROD-035,39,1,38,0.002558163922604553,0.00027844785768924767,1,4.0,4.0,False,0,True,52
BST-046,PROD-001,20,5,15,30.934334978815947,7.0223935632620735,1,11.6,42.5,True,169,False,189
BST-046,PROD-002,31,4,27,37.342525657309025,7.753268360479599,1,12.8,50.1,True,214,False,245
BST-046,PROD-003,3,0,3,22.62208071399397,5.637979725980168,1,9.3,31.9,True,133,False,136
BST-046,PROD-004,5,2,3,11.169911918440432,2.959035613380394,1,6.0,17.2,True,156,False,161
BST-046,PROD-005,52,0,52,13.858421210185906,3.915876974388786,1,7.0,20.9,False,149,False,203
BST-046,PROD-006,25,2,23,11.87236353539367,3.8315233352534785,1,6.3,18.2,False,150,False,175
BST-046,PROD-007,40,1,39,10.529438743798915,2.5305551017665855,1,6.0,16.5,False,114,False,161
BST-046,PROD-008,31,4,27,8.281233608539354,2.01921990592217,1,5.0,13.3,False,94,False,136
BST-046,PROD-009,17,4,13,9.569943758320022,2.547129461734753,1,5.0,14.6,True,126,False,150
BST-046,PROD-010,9,0,9,3.3288964049732246,0.9701759682499626,1,4.0,7.3,False,42,False,52
BST-046,PROD-011,18,2,16,4.3019727739252245,1.210559478286568,1,4.0,8.3,False,48,False,66
BST-046,PROD-012,26,0,26,5.314433879660937,1.528547706065411,1,4.0,9.3,False,52,False,80
BST-046,PROD-013,27,5,22,5.123450055608218,1.4664793593689214,1,4.0,9.1,False,53,False,80
BST-046,PROD-014,27,5,22,6.9623502975553375,1.9449144683675947,1,4.0,11.0,False,79,False,108
BST-046,PROD-015,5,3,2,3.5953302789318538,1.1493768472127772,1,4.0,7.6,True,47,False,52
BST-046,PROD-016,14,5,9,2.588014743371868,0.7357672474966429,1,4.0,6.6,False,31,False,52
BST-046,PROD-017,13,4,9,1.0052342745653908,0.016285980454529697,1,4.0,5.0,False,9,False,52
BST-046,PROD-018,14,5,9,1.5840746374993704,0.5880781128868199,1,4.0,5.6,False,17,False,52
BST-046,PROD-019,0,0,0,34.82380444347682,7.892362458587316,1,13.0,47.8,True,270,False,270
BST-046,PROD-020,14,2,12,46.359315818284976,10.337956913936047,1,17.1,63.5,True,326,False,340
BST-046,PROD-021,6,1,5,34.05364718337743,8.053438605401126,1,13.3,47.4,True,239,False,245
BST-046,PROD-022,23,4,19,12.000681725593711,3.2944587430319934,1,7.0,19.0,False,156,False,189
BST-046,PROD-023,30,1,29,10.147231508778805,2.5324079889002866,1,6.0,16.1,False,119,False,161
BST-046,PROD-024,32,1,31,8.63066258611246,2.3158886459870414,1,5.0,13.6,False,95,False,136
BST-046,PROD-025,24,4,20,5.215938437669687,1.3372283487502141,1,4.0,9.2,False,56,False,80
BST-046,PROD-026,16,5,11,4.222892008388885,1.2169396145455542,1,4.0,8.2,False,50,False,66
BST-046,PROD-027,8,4,4,3.3881789498389168,1.0049845362209564,1,4.0,7.4,True,44,False,52
BST-046,PROD-028,10,5,5,3.415352712722771,0.9888949585782177,1,4.0,7.4,True,42,False,52
BST-046,PROD-029,6,3,3,2.5852927648047404,0.8186873438263521,1,4.0,6.6,True,37,False,52
BST-046,PROD-030,9,0,9,3.4148992546500203,0.9767722171211901,1,4.0,7.4,False,43,False,52
BST-046,PROD-031,14,2,12,1.0056813912051308,0.015168651949063005,1,4.0,5.0,False,6,False,52
BST-046,PROD-032,5,5,0,1.0008864688760257,0.01509140603054263,1,4.0,5.0,True,18,False,52
BST-046,PROD-033,17,0,17,1.0001222298151942,0.011719869791818882,1,4.0,5.0,False,1,False,52
BST-046,PROD-034,13,5,8,0.9995866623422779,0.010911249078328314,1,4.0,5.0,False,10,False,52
BST-046,PROD-035,39,3,36,0.002475610885352034,0.0002631412014046097,1,4.0,4.0,False,0,True,52
BST-047,PROD-001,39,3,36,15.443084048501147,2.2392936593394652,1,7.0,22.4,False,147,False,186
BST-047,PROD-002,34,5,29,19.373951480519064,2.6892603543878466,1,8.0,27.4,False,204,False,238
BST-047,PROD-003,34,4,30,10.982576305839652,1.6256422118373834,1,5.0,16.0,False,99,False,133
BST-047,PROD-004,20,0,20,13.095818803559078,2.0191347922932166,1,6.0,19.1,False,138,False,158
BST-047,PROD-005,15,1,14,17.224211134079734,2.5737540129985983,1,7.0,24.2,True,181,False,196
BST-047,PROD-006,10,0,10,15.481892143066961,2.240717874436077,1,6.0,21.5,True,162,False,172
BST-047,PROD-007,3,1,2,13.236627864034505,1.7101811821996773,1,6.0,19.2,True,155,False,158
BST-047,PROD-008,3,1,2,10.636332018086533,1.2652955585498706,1,5.0,15.6,True,130,False,133
BST-047,PROD-009,27,5,22,12.233535018506087,1.6286216550360166,1,5.0,17.2,False,117,False,144
BST-047,PROD-010,3,3,0,4.306186959405289,0.804810429274203,1,4.0,8.3,True,49,False,52
BST-047,PROD-011,9,5,4,5.301165733075687,0.738085813864469,1,4.0,9.3,True,57,False,66
BST-047,PROD-012,12,1,11,6.333287759054399,0.7109024700394732,1,4.0,10.3,False,68,False,80
BST-047,PROD-013,5,5,0,6.446563244890883,0.8197101185427119,1,4.0,10.4,True,75,False,80
BST-047,PROD-014,19,1,18,8.863444000831295,1.2345840654111477,1,4.0,12.9,False,86,False,105
BST-047,PROD-015,11,4,7,4.258065021580199,0.5364164920652322,1,4.0,8.3,True,41,False,52
BST-047,PROD-016,8,3,5,3.28506859841279,0.43837188827332135,1,4.0,7.3,True,44,False,52
BST-047,PROD-017,16,5,11,1.0112892599467507,0.012454996796595705,1,4.0,5.0,False,7,False,52
BST-047,PROD-018,10,0,10,2.1885848938258063,0.22078640829102966,1,4.0,6.2,False,25,False,52
BST-047,PROD-019,13,4,9,21.932846943663243,2.912534255228697,1,9.0,30.9,True,249,False,262
BST-047,PROD-020,76,3,73,26.747764278414643,3.474721846039992,1,12.0,38.7,False,253,False,329
BST-047,PROD-021,70,5,65,19.371563620044856,3.0213034686583224,1,8.0,27.4,False,168,False,238
BST-047,PROD-022,8,0,8,15.390219236991339,2.1146722303215637,1,7.0,22.4,True,178,False,186
BST-047,PROD-023,31,3,28,13.104421803367279,1.6492273866895868,1,6.0,19.1,False,127,False,158
BST-047,PROD-024,22,3,19,10.422239320932558,1.364308029827386,1,5.0,15.4,False,111,False,133
BST-047,PROD-025,7,0,7,6.514987854856686,0.8126134920127067,1,4.0,10.5,True,73,False,80
BST-047,PROD-026,8,2,6,5.339153414124989,0.7291860461232458,1,4.0,9.3,True,58,False,66
BST-047,PROD-027,14,1,13,4.4866085060234635,0.6268966403958609,1,4.0,8.5,False,38,False,52
BST-047,PROD-028,12,5,7,4.481405088604232,0.6368777618967398,1,4.0,8.5,True,40,False,52
BST-047,PROD-029,13,2,11,3.3559813225060915,0.38302859302070746,1,4.0,7.4,False,39,False,52
BST-047,PROD-030,7,4,3,4.489542687210458,0.597852613040167,1,4.0,8.5,True,45,False,52
BST-047,PROD-031,11,5,6,1.01123044996603,0.010955538655163789,1,4.0,5.0,False,12,False,52
BST-047,PROD-032,9,0,9,1.0042769683163326,0.009873406850635843,1,4.0,5.0,False,9,False,52
BST-047,PROD-033,4,2,2,1.0052740031639247,0.009608371122813436,1,4.0,5.0,True,16,False,52
BST-047,PROD-034,13,2,11,1.0036777791825755,0.009432476983403435,1,4.0,5.0,False,7,False,52
BST-047,PROD-035,39,3,36,0.0020944059653495157,0.00022613109537749742,1,4.0,4.0,False,0,True,52
BST-048,PROD-001,50,1,49,44.06228663444837,9.43892807559512,1,15.6,59.7,True,226,False,276
BST-048,PROD-002,51,2,49,56.5579839821168,12.492698615288445,1,20.6,77.2,True,306,False,357
BST-048,PROD-003,25,5,20,31.817212015426264,7.109226954227863,1,11.7,43.5,True,175,False,200
BST-048,PROD-004,38,1,37,15.443128436147317,4.709369304423282,1,8.0,23.4,False,187,False,238
BST-048,PROD-005,0,0,0,18.90312577466177,5.505490125440612,1,11.0,29.9,True,276,False,298
BST-048,PROD-006,3,1,2,16.79484586046787,4.865911184701396,1,9.0,25.8,True,242,False,259
BST-048,PROD-007,24,0,24,14.937303145638795,3.86738664243709,1,8.0,22.9,False,193,False,238
BST-048,PROD-008,15,0,15,12.606997095209755,3.53522144871364,1,7.0,19.6,True,168,False,200
BST-048,PROD-009,55,3,52,13.635860572338217,3.460992767460613,1,8.0,21.6,False,147,False,217
BST-048,PROD-010,24,3,21,5.1724802462229444,1.3767782239968247,1,4.0,9.2,False,55,False,80
BST-048,PROD-011,17,3,14,6.142600500247822,1.5731417186536725,1,4.0,10.1,False,76,False,98
BST-048,PROD-012,21,4,17,7.740120330687508,2.2143658042288656,1,4.0,11.7,False,95,False,119
BST-048,PROD-013,12,4,8,7.473615146316911,2.0594906206423893,1,4.0,11.5,True,101,False,119
BST-048,PROD-014,48,0,48,10.129815219366211,2.7059934282988856,1,6.0,16.1,False,100,False,158
BST-048,PROD-015,28,5,23,5.055509594075496,1.1841771416673523,1,4.0,9.1,False,52,False,80
BST-048,PROD-016,15,4,11,3.8760194330479787,1.1337993822273775,1,4.0,7.9,False,45,False,60
BST-048,PROD-017,8,0,8,1.2558707872750556,0.3449532887057659,1,4.0,5.3,False,14,False,52
BST-048,PROD-018,11,2,9,2.444230005404999,0.5635188194553598,1,4.0,6.4,False,29,False,52
BST-048,PROD-019,67,4,63,54.8130957881803,12.656842848822942,1,20.9,75.7,True,329,False,396
BST-048,PROD-020,16,5,11,68.42406082150687,16.368568728093123,1,27.0,95.4,True,481,False,497
BST-048,PROD-021,89,0,89,50.61406793190037,11.357835073462116,1,18.7,69.3,False,268,False,357
BST-048,PROD-022,40,2,38,17.23255799534707,4.597409106690255,1,10.0,27.2,False,213,False,276
BST-048,PROD-023,48,0,48,14.895383320250042,4.233246928138969,1,8.0,22.9,False,169,False,238
BST-048,PROD-024,44,5,39,12.50618315605519,3.3536407580707426,1,7.0,19.5,False,143,False,200
BST-048,PROD-025,29,0,29,7.570092842647121,2.217326016868526,1,4.0,11.6,False,81,False,119
BST-048,PROD-026,11,5,6,6.453236784551855,1.6526517499035058,1,4.0,10.5,True,87,False,98
BST-048,PROD-027,11,2,9,5.003190543779538,1.3459576178751507,1,4.0,9.0,False,65,False,80
BST-048,PROD-028,9,2,7,5.017567068564887,1.3357255618288322,1,4.0,9.0,True,67,False,80
BST-048,PROD-029,16,2,14,3.73614040465106,0.9288124640615777,1,4.0,7.7,False,42,False,60
BST-048,PROD-030,24,2,22,5.054883185313015,1.5206015195774991,1,4.0,9.1,False,53,False,80
BST-048,PROD-031,14,2,12,1.0125365879053558,0.011896432651920431,1,4.0,5.0,False,6,False,52
BST-048,PROD-032,15,4,11,1.005145074719095,0.011418374988663132,1,4.0,5.0,False,7,False,52
BST-048,PROD-033,11,0,11,1.005151203204276,0.010285493250595619,1,4.0,5.0,False,7,False,52
BST-048,PROD-034,13,1,12,1.0038451460736282,0.010222798089074406,1,4.0,5.0,False,6,False,52
BST-048,PROD-035,39,1,38,0.0020942149337500916,0.00022702015112894175,1,4.0,4.0,False,0,True,52
BST-049,PROD-001,40,1,39,11.916542158926985,3.830551827522666,1,6.3,18.2,False,134,False,175
BST-049,PROD-002,43,2,41,15.400979429095727,4.780420390018884,1,8.0,23.4,False,181,False,224
BST-049,PROD-003,11,3,8,8.683075648977258,3.1499834770034747,1,5.2,13.9,True,115,False,126
BST-049,PROD-004,0,0,0,17.419229753238135,5.6370919879081915,1,9.3,26.7,True,150,False,150
BST-049,PROD-005,0,0,0,21.548425886019135,7.280725235826584,1,12.0,33.5,True,186,False,186
BST-049,PROD-006,0,0,0,19.61438928635573,6.460765225338488,1,10.7,30.3,True,161,False,161
BST-049,PROD-007,0,0,0,20.68487620709649,6.429530896462888,1,10.6,31.3,True,150,False,150
BST-049,PROD-008,0,0,0,16.92161379445127,5.124994944995272,1,8.5,25.4,True,126,False,126
BST-049,PROD-009,0,0,0,20.592595937353842,6.480828951458171,1,10.7,31.3,True,136,False,136
BST-049,PROD-010,11,1,10,3.510186110607237,1.1496063881189733,1,4.0,7.5,False,41,False,52
BST-049,PROD-011,17,5,12,4.123480532606571,1.324522241106694,1,4.0,8.1,False,46,False,63
BST-049,PROD-012,21,0,21,5.08603609491764,1.5210156435795352,1,4.0,9.1,False,53,False,74
BST-049,PROD-013,23,0,23,5.395773568517327,1.8040726744359183,1,4.0,9.4,False,51,False,74
BST-049,PROD-014,12,0,12,7.079794312815236,2.3180990280590312,1,4.0,11.1,False,86,False,98
BST-049,PROD-015,12,4,8,3.473678567593264,1.042118673282225,1,4.0,7.5,False,40,False,52
BST-049,PROD-016,12,2,10,2.5850835490982895,0.7988532088576397,1,4.0,6.6,False,30,False,52
BST-049,PROD-017,13,2,11,1.0099745082089424,0.015488697569197114,1,4.0,5.0,False,7,False,52
BST-049,PROD-018,16,5,11,1.745023420365877,0.41214624006415984,1,4.0,5.7,False,17,False,52
BST-049,PROD-019,64,1,63,17.861658018018495,5.938680812087187,1,9.8,27.7,False,184,False,248
BST-049,PROD-020,45,0,45,21.364305885162576,6.932272113251915,1,11.4,32.8,False,266,False,312
BST-049,PROD-021,34,3,31,16.00248288322938,5.371004693651504,1,8.9,24.9,False,190,False,224
BST-049,PROD-022,28,1,27,12.166279828033655,4.093559745227525,1,6.8,19.0,False,147,False,175
BST-049,PROD-023,17,3,14,10.675622067854977,3.802912820273718,1,6.3,17.0,True,133,False,150
BST-049,PROD-024,29,3,26,8.615934522392694,2.7958539355465195,1,4.6,13.2,False,97,False,126
BST-049,PROD-025,15,0,15,5.279085894186429,1.706098748977139,1,4.0,9.3,False,59,False,74
BST-049,PROD-026,15,5,10,4.232888497521738,1.4529719523119333,1,4.0,8.2,False,48,False,63
BST-049,PROD-027,15,1,14,3.5450169665287095,1.0901234645325126,1,4.0,7.5,False,37,False,52
BST-049,PROD-028,3,1,2,3.6054039344685735,1.2054739885078896,1,4.0,7.6,True,49,False,52
BST-049,PROD-029,17,1,16,2.628316224871619,0.8278501445087191,1,4.0,6.6,False,25,False,52
BST-049,PROD-030,17,0,17,3.45920195229618,1.0937874358523092,1,4.0,7.5,False,35,False,52
BST-049,PROD-031,9,2,7,1.0092047965253823,0.016460939597206042,1,4.0,5.0,False,11,False,52
BST-049,PROD-032,13,5,8,1.0013179551554698,0.014773829857733806,1,4.0,5.0,False,10,False,52
BST-049,PROD-033,13,4,9,1.0034279739920688,0.013496762751104289,1,4.0,5.0,False,9,False,52
BST-049,PROD-034,13,3,10,1.0019510941159635,0.01345789529574722,1,4.0,5.0,False,8,False,52
BST-049,PROD-035,39,1,38,0.0020561153503691676,0.0002225413744181225,1,4.0,4.0,False,0,True,52
BST-050,PROD-001,26,4,22,12.749996061810267,4.304705283022505,1,7.1,19.8,False,156,False,182
BST-050,PROD-002,23,0,23,16.277085551961687,5.37925848785136,1,8.9,25.2,True,211,False,234
BST-050,PROD-003,14,3,11,9.086791278194559,3.0671414415289266,1,5.1,14.2,True,116,False,130
BST-050,PROD-004,0,0,0,17.754680752816547,5.869274965162135,1,9.7,27.5,True,154,False,154
BST-050,PROD-005,0,0,0,22.83125952576545,7.949082175905095,1,13.1,35.9,True,196,False,196
BST-050,PROD-006,0,0,0,20.61674504557767,6.721190032786968,1,11.1,31.7,True,168,False,168
BST-050,PROD-007,0,0,0,21.109046978117615,6.396606256576553,1,10.6,31.7,True,154,False,154
BST-050,PROD-008,0,0,0,18.18792768669369,5.513319615892324,1,9.1,27.3,True,130,False,130
BST-050,PROD-009,21,5,16,21.247086691668276,6.759962412020826,1,11.2,32.4,True,123,False,144
BST-050,PROD-010,8,2,6,3.6892361997070173,1.158075848319694,1,4.0,7.7,True,44,False,52
BST-050,PROD-011,17,5,12,4.688397490746456,1.7918313617003645,1,4.0,8.7,False,49,False,66
BST-050,PROD-012,19,0,19,5.471533630148064,1.7873899945907943,1,4.0,9.5,False,58,False,77
BST-050,PROD-013,8,4,4,5.498806569192775,1.7463535166707833,1,4.0,9.5,True,69,False,77
BST-050,PROD-014,3,3,0,7.622970044177653,2.537200794301771,1,4.2,11.8,True,102,False,105
BST-050,PROD-015,16,2,14,3.783182534890556,1.1805181743809263,1,4.0,7.8,False,36,False,52
BST-050,PROD-016,15,1,14,2.6814566581003065,0.8590796524397373,1,4.0,6.7,False,28,False,52
BST-050,PROD-017,13,1,12,1.010772566145461,0.015468760846662146,1,4.0,5.0,False,6,False,52
BST-050,PROD-018,14,0,14,1.880176524097817,0.5255359515391724,1,4.0,5.9,False,16,False,52
BST-050,PROD-019,29,3,26,17.875683929437418,6.0005303991818515,1,9.9,27.8,True,230,False,259
BST-050,PROD-020,17,1,16,22.640414074755906,7.551643982711644,1,12.5,35.1,True,309,False,326
BST-050,PROD-021,53,1,52,16.58193429674263,5.7514244065051345,1,9.5,26.1,False,181,False,234
BST-050,PROD-022,9,5,4,13.21546093110253,4.589052002114929,1,7.6,20.8,True,173,False,182
BST-050,PROD-023,3,3,0,10.98088700860569,3.7934329483742486,1,6.3,17.3,True,151,False,154
BST-050,PROD-024,11,1,10,8.938501804456001,3.024470024840262,1,5.0,13.9,True,119,False,130
BST-050,PROD-025,8,1,7,5.49216354724083,1.754903372468721,1,4.0,9.5,True,69,False,77
BST-050,PROD-026,3,3,0,4.6284896762620775,1.6058619577649687,1,4.0,8.6,True,63,False,66
BST-050,PROD-027,15,1,14,3.699992256586919,1.2469861308854984,1,4.0,7.7,False,37,False,52
BST-050,PROD-028,13,4,9,3.590621365106784,1.1486932301446589,1,4.0,7.6,False,39,False,52
BST-050,PROD-029,4,1,3,2.629496083342142,0.8132096996789621,1,4.0,6.6,True,38,False,52
BST-050,PROD-030,6,5,1,3.720250533369549,1.229762022973791,1,4.0,7.7,True,46,False,52
BST-050,PROD-031,10,4,6,1.0097878797450985,0.016348671159695745,1,4.0,5.0,False,12,False,52
BST-050,PROD-032,7,0,7,1.0018976814132992,0.014594539900795117,1,4.0,5.0,False,11,False,52
BST-050,PROD-033,11,1,10,1.0037229985665492,0.01328126827358901,1,4.0,5.0,False,8,False,52
BST-050,PROD-034,13,2,11,1.0022087928184285,0.013228430004271706,1,4.0,5.0,False,7,False,52
BST-050,PROD-035,39,5,34,0.002056603761570307,0.0002226516840390189,1,4.0,4.0,False,0,True,52
BST-051,PROD-001,43,0,43,13.65101941716078,1.8319260688897165,1,6.0,19.7,False,121,False,164
BST-051,PROD-002,7,0,7,17.700862917301666,2.6902495211179542,1,7.0,24.7,True,203,False,210
BST-051,PROD-003,17,2,15,9.93098494084432,1.2012039326982158,1,4.0,13.9,False,99,False,116
BST-051,PROD-004,15,5,10,12.574235683159575,1.8023503509762546,1,5.0,17.6,True,125,False,140
BST-051,PROD-005,22,1,21,14.958367004519792,2.2467450784384924,1,6.0,21.0,False,153,False,175
BST-051,PROD-006,0,0,0,13.655498240512445,1.7604052309746738,1,5.0,18.7,True,150,False,150
BST-051,PROD-007,19,4,15,11.777525591348233,1.5859282625365043,1,5.0,16.8,True,121,False,140
BST-051,PROD-008,29,0,29,9.467961373782643,1.300568973963782,1,4.0,13.5,False,87,False,116
BST-051,PROD-009,32,1,31,10.886312515414179,1.538061966537796,1,5.0,15.9,False,98,False,130
BST-051,PROD-010,6,0,6,3.9245173306133956,0.5723095782647907,1,4.0,7.9,True,46,False,52
BST-051,PROD-011,13,4,9,4.820610890445248,0.7384058499047665,1,4.0,8.8,False,47,False,60
BST-051,PROD-012,11,2,9,5.705777694246657,0.8832838818777144,1,4.0,9.7,True,59,False,70
BST-051,PROD-013,21,3,18,5.709985205037662,0.7291444780790647,1,4.0,9.7,False,49,False,70
BST-051,PROD-014,2,1,1,8.06785070627025,1.0268979413195454,1,4.0,12.1,True,92,False,94
BST-051,PROD-015,14,4,10,3.8843635072426257,0.5857966976299444,1,4.0,7.9,False,38,False,52
BST-051,PROD-016,5,1,4,2.9091525199449393,0.3773602474731722,1,4.0,6.9,True,41,False,52
BST-051,PROD-017,13,4,9,1.0095400582422978,0.011966907743488787,1,4.0,5.0,False,9,False,52
BST-051,PROD-018,14,1,13,2.027020874035174,0.28457280514840055,1,4.0,6.0,False,19,False,52
BST-051,PROD-019,48,0,48,19.062752749015313,2.6052389799008693,1,8.0,27.1,False,186,False,234
BST-051,PROD-020,22,2,20,24.544585038257754,3.197516645655746,1,10.0,34.5,True,268,False,290
BST-051,PROD-021,43,1,42,17.421587323467747,2.1231386612160073,1,7.0,24.4,False,167,False,210
BST-051,PROD-022,21,2,19,13.132084669218532,1.5367015318084747,1,6.0,19.1,True,143,False,164
BST-051,PROD-023,22,4,18,11.298266271221978,1.372154264174743,1,5.0,16.3,False,118,False,140
BST-051,PROD-024,12,5,7,9.317347054427362,1.2297793453939672,1,4.0,13.3,True,104,False,116
BST-051,PROD-025,12,1,11,5.888803141013754,0.7797994979993808,1,4.0,9.9,False,58,False,70
BST-051,PROD-026,16,4,12,4.909957216047273,0.5708614051124834,1,4.0,8.9,False,44,False,60
BST-051,PROD-027,16,1,15,3.9793705880335457,0.4861307071802319,1,4.0,8.0,False,36,False,52
BST-051,PROD-028,10,3,7,4.059914604011189,0.5137136816578675,1,4.0,8.1,True,42,False,52
BST-051,PROD-029,11,2,9,2.928534001159471,0.3984880734003097,1,4.0,6.9,False,36,False,52
BST-051,PROD-030,15,2,13,3.892812817725877,0.5128245368257922,1,4.0,7.9,False,37,False,52
BST-051,PROD-031,7,0,7,1.0097115982149294,0.010712886041125051,1,4.0,5.0,False,11,False,52
BST-051,PROD-032,16,0,16,1.0028439587675755,0.009448273384474798,1,4.0,5.0,False,2,False,52
BST-051,PROD-033,8,3,5,1.0039476441535815,0.009325610416913521,1,4.0,5.0,False,13,False,52
BST-051,PROD-034,13,5,8,1.0024873386226505,0.009152851261934944,1,4.0,5.0,False,10,False,52
BST-051,PROD-035,39,0,39,0.002091767509295864,0.00022475792357891212,1,4.0,4.0,False,0,True,52
BST-052,PROD-001,48,2,46,48.28985365947415,11.998476696512338,1,19.8,68.1,True,253,False,301
BST-052,PROD-002,68,3,65,58.70383569139941,12.441947344715095,1,20.5,79.2,True,320,False,388
BST-052,PROD-003,27,3,24,34.6923097866023,7.89716298811962,1,13.0,47.7,True,190,False,217
BST-052,PROD-004,0,0,0,16.17560645526711,4.909671612435423,1,9.0,25.2,True,235,False,259
BST-052,PROD-005,46,3,43,20.90702751915749,5.538029777621294,1,11.0,31.9,False,261,False,322
BST-052,PROD-006,52,4,48,18.782141345598347,5.265466289899228,1,10.0,28.8,False,225,False,280
BST-052,PROD-007,50,4,46,16.399687408990808,4.4592079561048275,1,9.0,25.4,False,193,False,259
BST-052,PROD-008,9,2,7,13.712439210675416,3.3503147138672413,1,8.0,21.7,True,193,False,217
BST-052,PROD-009,26,0,26,15.273672136172,3.693472332885296,1,8.0,23.3,False,196,False,238
BST-052,PROD-010,7,5,2,5.5420065530219995,1.183104011785271,1,4.0,9.5,True,80,False,88
BST-052,PROD-011,9,0,9,6.66718476428384,1.8845323506954297,1,4.0,10.7,True,88,False,108
BST-052,PROD-012,9,2,7,8.186496209207505,2.233741153849671,1,5.0,13.2,True,113,False,130
BST-052,PROD-013,16,1,15,8.144219501934808,2.077051024968125,1,5.0,13.1,False,104,False,130
BST-052,PROD-014,45,0,45,10.982904925774944,2.952199102644539,1,6.0,17.0,False,115,False,172
BST-052,PROD-015,27,2,25,5.581901615069852,1.2826966178938528,1,4.0,9.6,False,57,False,88
BST-052,PROD-016,14,0,14,3.9766642231343448,0.8822494017346816,1,4.0,8.0,False,46,False,63
BST-052,PROD-017,14,4,10,1.2527302641613627,0.34614519775961805,1,4.0,5.3,False,12,False,52
BST-052,PROD-018,12,5,7,2.7777668789032472,0.7190651580201243,1,4.0,6.8,False,36,False,52
BST-052,PROD-019,60,1,59,59.71435033580015,14.228105898423001,1,23.5,83.2,True,370,False,430
BST-052,PROD-020,141,5,136,74.7972012877633,17.586663652341116,1,29.0,103.8,False,398,False,539
BST-052,PROD-021,94,5,89,54.64832153208197,12.721290083219596,1,21.0,75.6,False,294,False,388
BST-052,PROD-022,39,4,35,18.917880091475574,5.370168628682556,1,11.0,29.9,False,241,False,301
BST-052,PROD-023,77,5,72,16.06726776983034,4.185178318413069,1,9.0,25.1,False,162,False,259
BST-052,PROD-024,36,5,31,13.536990932012836,4.072392490520467,1,8.0,21.5,False,167,False,217
BST-052,PROD-025,20,5,15,8.21867339226439,2.114154076961662,1,5.0,13.2,False,105,False,130
BST-052,PROD-026,11,0,11,6.720487176554831,1.5514350306183773,1,4.0,10.7,False,87,False,108
BST-052,PROD-027,20,1,19,5.508688535272065,1.593813783875644,1,4.0,9.5,False,62,False,88
BST-052,PROD-028,5,5,0,5.477962188607173,1.4466328759897182,1,4.0,9.5,True,81,False,88
BST-052,PROD-029,11,4,7,4.162761202049603,1.28287833125768,1,4.0,8.2,True,52,False,63
BST-052,PROD-030,22,2,20,5.596232311811222,1.434673521941356,1,4.0,9.6,False,62,False,88
BST-052,PROD-031,11,4,7,1.0141139753808608,0.011757750675466755,1,4.0,5.0,False,11,False,52
BST-052,PROD-032,7,0,7,1.0069036914264493,0.011071480202619244,1,4.0,5.0,False,11,False,52
BST-052,PROD-033,9,1,8,1.0073819470623029,0.010289908634792039,1,4.0,5.0,False,10,False,52
BST-052,PROD-034,13,4,9,1.005908693535249,0.010163428801865734,1,4.0,5.0,False,9,False,52
BST-052,PROD-035,39,2,37,0.002373357376260593,0.00025707861459861104,1,4.0,4.0,False,0,True,52
BST-053,PROD-001,35,4,31,39.24232395497705,8.719473401525494,1,14.4,53.6,True,213,False,248
BST-053,PROD-002,33,3,30,48.94570163627749,10.800819960098092,1,17.8,66.7,True,285,False,318
BST-053,PROD-003,20,5,15,28.697217550611906,6.867320748223848,1,11.3,40.0,True,158,False,178
BST-053,PROD-004,16,3,13,13.745511336750203,4.1659388282347996,1,8.0,21.7,True,187,False,214
BST-053,PROD-005,0,0,0,17.678486482861683,5.282610488355138,1,9.0,26.7,True,256,False,266
BST-053,PROD-006,49,3,46,15.852816277705292,4.363149113262254,1,8.0,23.9,False,182,False,231
BST-053,PROD-007,59,5,54,13.301689686156871,3.6826816040232115,1,8.0,21.3,False,140,False,214
BST-053,PROD-008,22,0,22,11.306629853544294,2.6761557107065204,1,6.0,17.3,False,142,False,178
BST-053,PROD-009,51,3,48,12.686261259278789,3.6445751392784462,1,7.0,19.7,False,137,False,196
BST-053,PROD-010,18,2,16,4.441156775548878,1.236988615423156,1,4.0,8.4,False,50,False,70
BST-053,PROD-011,13,5,8,5.734435386367534,1.5881728450431754,1,4.0,9.7,True,75,False,88
BST-053,PROD-012,29,4,25,6.703640723846503,1.8329966046501316,1,4.0,10.7,False,73,False,105
BST-053,PROD-013,23,4,19,6.7538686844062825,1.701066566502512,1,4.0,10.8,False,80,False,105
BST-053,PROD-014,40,0,40,9.397794737731019,2.3588310332460067,1,5.0,14.4,False,97,False,144
BST-053,PROD-015,21,4,17,4.551573489723176,1.283157598316092,1,4.0,8.6,False,49,False,70
BST-053,PROD-016,5,2,3,3.2759027608046964,0.950831220559868,1,4.0,7.3,True,47,False,52
BST-053,PROD-017,17,0,17,1.2178795530349227,0.31416061172409526,1,4.0,5.2,False,4,False,52
BST-053,PROD-018,17,2,15,2.2968060302369,0.5055744558375915,1,4.0,6.3,False,21,False,52
BST-053,PROD-019,18,3,15,47.93812553683057,11.21417480699626,1,18.5,66.4,True,339,False,357
BST-053,PROD-020,105,2,103,59.673058715582556,14.242413691708277,1,23.5,83.2,False,339,False,444
BST-053,PROD-021,69,2,67,45.74021031512556,10.443359118477291,1,17.2,62.9,False,249,False,318
BST-053,PROD-022,74,2,72,15.581163212324217,4.0784897153047375,1,9.0,24.6,False,155,False,248
BST-053,PROD-023,38,4,34,13.707728137262238,4.023731589292317,1,8.0,21.7,False,166,False,214
BST-053,PROD-024,29,2,27,11.025721997275014,3.0616003891965593,1,6.0,17.0,False,133,False,178
BST-053,PROD-025,32,4,28,7.035417987130425,1.6509573913507534,1,4.0,11.0,False,73,False,105
BST-053,PROD-026,6,0,6,5.740520129603839,1.6163692853143952,1,4.0,9.7,True,78,False,88
BST-053,PROD-027,15,4,11,4.684781056783707,1.411986563075834,1,4.0,8.7,False,55,False,70
BST-053,PROD-028,16,4,12,4.398682046474077,0.8877250276347707,1,4.0,8.4,False,54,False,70
BST-053,PROD-029,19,1,18,3.457232463697724,1.0848375766665763,1,4.0,7.5,False,33,False,52
BST-053,PROD-030,14,3,11,4.34333892421138,1.1402524761939423,1,4.0,8.3,False,54,False,70
BST-053,PROD-031,13,1,12,1.0115045949150416,0.012301762876110975,1,4.0,5.0,False,6,False,52
BST-053,PROD-032,3,3,0,1.0048770776371545,0.012100787127746732,1,4.0,5.0,True,18,False,52
BST-053,PROD-033,17,5,12,1.0043773976887584,0.010294126465453772,1,4.0,5.0,False,6,False,52
BST-053,PROD-034,13,2,11,1.0032544572105029,0.010121216352495382,1,4.0,5.0,False,7,False,52
BST-053,PROD-035,39,4,35,0.00204026065894291,0.00021988630975410738,1,4.0,4.0,False,0,True,52
BST-054,PROD-001,41,2,39,51.31550690480986,12.424127284234823,1,20.5,71.8,True,281,False,322
BST-054,PROD-002,62,3,59,65.70389895076543,14.997418575532016,1,24.7,90.4,True,351,False,413
BST-054,PROD-003,44,2,42,35.93437804122585,8.472643452181927,1,14.0,49.9,True,187,False,231
BST-054,PROD-004,0,0,0,17.4358251391291,5.122440575693698,1,10.0,27.4,True,254,False,276
BST-054,PROD-005,7,1,6,23.09278194940531,6.510603224518791,1,12.0,35.1,True,329,False,346
BST-054,PROD-006,21,3,18,20.452623749887426,5.092470353358141,1,11.0,31.5,True,277,False,298
BST-054,PROD-007,55,1,54,17.548394613422,4.705176151746906,1,10.0,27.5,False,202,False,276
BST-054,PROD-008,15,3,12,14.970125277233041,4.183882816418741,1,8.0,23.0,True,206,False,231
BST-054,PROD-009,63,5,58,16.594656881773833,4.553213731542657,1,9.0,25.6,False,183,False,252
BST-054,PROD-010,27,0,27,5.562269572023104,1.497619689596788,1,4.0,9.6,False,55,False,91
BST-054,PROD-011,12,0,12,7.468428889050995,1.9086224105359928,1,4.0,11.5,False,97,False,116
BST-054,PROD-012,11,2,9,8.695500047211954,2.3045367267454497,1,5.0,13.7,True,118,False,136
BST-054,PROD-013,28,2,26,8.569481113422194,1.9705693191516462,1,5.0,13.6,False,99,False,136
BST-054,PROD-014,56,5,51,11.606335250144882,2.7544482373834427,1,7.0,18.6,False,118,False,186
BST-054,PROD-015,26,0,26,5.9087996128935885,1.6599282717515074,1,4.0,9.9,False,61,False,91
BST-054,PROD-016,12,0,12,4.425401326882883,0.9920044991239333,1,4.0,8.4,False,54,False,70
BST-054,PROD-017,5,0,5,1.2653094415762458,0.3661272766303219,1,4.0,5.3,True,17,False,52
BST-054,PROD-018,5,0,5,3.0073662416164413,0.9848999405501034,1,4.0,7.0,True,41,False,52
BST-054,PROD-019,0,0,0,62.927547634010885,15.09202935594926,1,24.9,87.8,True,458,False,458
BST-054,PROD-020,0,0,0,76.1399641370651,16.00308629097434,1,26.4,102.5,True,574,False,574
BST-054,PROD-021,10,5,5,55.73067124613233,12.474660943721233,1,20.6,76.3,True,403,False,413
BST-054,PROD-022,74,1,73,19.70151812129372,5.395644255485909,1,11.0,30.7,False,214,False,322
BST-054,PROD-023,67,5,62,16.896989898305232,4.436768371729814,1,10.0,26.9,False,185,False,276
BST-054,PROD-024,38,2,36,14.439311657363422,4.195639429055497,1,8.0,22.4,False,174,False,231
BST-054,PROD-025,40,3,37,8.672728717849806,2.319626656896665,1,5.0,13.7,False,89,False,136
BST-054,PROD-026,21,3,18,7.163017971678835,2.0565151838669347,1,4.0,11.2,False,86,False,116
BST-054,PROD-027,6,0,6,5.828339353394758,1.5466343540303136,1,4.0,9.8,True,80,False,91
BST-054,PROD-028,23,1,22,5.829163462209602,1.5239736087914737,1,4.0,9.8,False,64,False,91
BST-054,PROD-029,13,4,9,4.285416089943827,1.0337202167417447,1,4.0,8.3,False,55,False,70
BST-054,PROD-030,21,0,21,5.792593277088692,1.5822468376671224,1,4.0,9.8,False,64,False,91
BST-054,PROD-031,10,1,9,1.0156558495496877,0.01194608823637358,1,4.0,5.0,False,9,False,52
BST-054,PROD-032,13,3,10,1.0086348406330907,0.011353056443991448,1,4.0,5.0,False,8,False,52
BST-054,PROD-033,4,1,3,1.0089693122649164,0.010439684020642593,1,4.0,5.0,True,15,False,52
BST-054,PROD-034,9,3,6,1.0074936900872096,0.010309225838529596,1,4.0,5.0,False,12,False,52
BST-054,PROD-035,39,1,38,0.0026902213996680886,0.00029246877616970234,1,4.0,4.0,False,0,True,52
BST-055,PROD-001,0,0,0,47.572046396819395,10.124503281234174,1,16.7,64.3,True,301,False,301
BST-055,PROD-002,50,4,46,60.11130923284479,11.318480615834144,1,18.7,78.8,True,335,False,385
BST-055,PROD-003,31,0,31,33.899862316284356,7.196220041845878,1,11.9,45.8,True,183,False,214
BST-055,PROD-004,5,1,4,17.00214947532672,5.358517631090768,1,9.0,26.0,True,243,False,256
BST-055,PROD-005,16,3,13,21.182029794699275,5.869810620420845,1,11.0,32.2,True,295,False,322
BST-055,PROD-006,9,2,7,18.606186049260113,4.7355722080985165,1,10.0,28.6,True,263,False,280
BST-055,PROD-007,45,2,43,16.38628329210945,4.330483859565926,1,9.0,25.4,False,195,False,256
BST-055,PROD-008,14,4,10,13.24195421350683,3.5797764927646383,1,8.0,21.2,True,183,False,214
BST-055,PROD-009,21,1,20,14.74824985057237,3.9456860456976486,1,8.0,22.7,True,194,False,234
BST-055,PROD-010,17,4,13,5.444551599278209,1.4747943715584897,1,4.0,9.4,False,67,False,84
BST-055,PROD-011,17,4,13,6.693777344733829,1.8700069343982881,1,4.0,10.7,False,85,False,108
BST-055,PROD-012,34,5,29,8.538357757571914,2.380568926830375,1,5.0,13.5,False,96,False,130
BST-055,PROD-013,34,0,34,8.241847117718608,2.3026486802832755,1,5.0,13.2,False,86,False,130
BST-055,PROD-014,33,2,31,10.478176703370815,2.7746276115287105,1,6.0,16.5,False,122,False,172
BST-055,PROD-015,23,4,19,5.505795628869554,1.4709006036114742,1,4.0,9.5,False,61,False,84
BST-055,PROD-016,11,5,6,4.126794530494653,1.126753191681764,1,4.0,8.1,True,52,False,63
BST-055,PROD-017,15,2,13,1.25185029669113,0.34379216795910544,1,4.0,5.3,False,9,False,52
BST-055,PROD-018,8,3,5,2.755797140435667,0.6913629582053402,1,4.0,6.8,True,38,False,52
BST-055,PROD-019,16,4,12,58.886514788757424,13.003763161961178,1,21.5,80.4,True,411,False,427
BST-055,PROD-020,24,4,20,72.51157378006059,15.52854247671401,1,25.6,98.1,True,512,False,536
BST-055,PROD-021,90,3,87,54.45538722000698,13.012800510426574,1,21.5,76.0,False,295,False,385
BST-055,PROD-022,32,2,30,19.171915801866252,5.320329339116179,1,11.0,30.2,True,249,False,301
BST-055,PROD-023,44,3,41,16.303382965407266,4.024308456480496,1,9.0,25.3,False,196,False,256
BST-055,PROD-024,32,1,31,13.535494604651698,3.970346176809207,1,8.0,21.5,False,166,False,214
BST-055,PROD-025,14,4,10,8.199055972368301,2.170501663089996,1,5.0,13.2,True,110,False,130
BST-055,PROD-026,25,5,20,6.7891895738220756,1.899651809352776,1,4.0,10.8,False,79,False,108
BST-055,PROD-027,5,5,0,5.422313225944422,1.3441772552646842,1,4.0,9.4,True,79,False,84
BST-055,PROD-028,18,1,17,5.495018503995204,1.646141546574426,1,4.0,9.5,False,64,False,84
BST-055,PROD-029,12,3,9,4.104086454910273,1.078125913805688,1,4.0,8.1,False,51,False,63
BST-055,PROD-030,6,1,5,5.621637678823204,1.4924601514511666,1,4.0,9.6,True,78,False,84
BST-055,PROD-031,10,4,6,1.0142065647147198,0.011965117749155032,1,4.0,5.0,False,12,False,52
BST-055,PROD-032,13,2,11,1.007469984817591,0.011176718937943437,1,4.0,5.0,False,7,False,52
BST-055,PROD-033,8,0,8,1.0079602759242678,0.010345405495107837,1,4.0,5.0,False,10,False,52
BST-055,PROD-034,13,0,13,1.0064861586734881,0.010217382401395159,1,4.0,5.0,False,5,False,52
BST-055,PROD-035,39,2,37,0.0023748190075840816,0.0002582365471485536,1,4.0,4.0,False,0,True,52
BST-056,PROD-001,45,1,44,19.15008050237345,2.613049480811841,1,8.0,27.2,False,186,False,231
BST-056,PROD-002,68,4,64,24.418536328853893,3.229970943246076,1,10.0,34.4,False,230,False,298
BST-056,PROD-003,36,3,33,13.810451784968409,1.9323061451320154,1,6.0,19.8,False,128,False,164
BST-056,PROD-004,28,1,27,15.540193842689098,2.1846980022082283,1,7.0,22.5,False,172,False,200
BST-056,PROD-005,11,4,7,21.692529844680813,3.525601720910409,1,9.0,30.7,True,237,False,248
BST-056,PROD-006,29,1,28,18.526596899317905,2.924506554993863,1,8.0,26.5,False,185,False,214
BST-056,PROD-007,50,0,50,16.52876000441385,2.325823664102967,1,7.0,23.5,False,150,False,200
BST-056,PROD-008,3,3,0,14.060199277012341,2.275495577961096,1,6.0,20.1,True,161,False,164
BST-056,PROD-009,19,3,16,15.603952702104218,2.053127178063517,1,6.0,21.6,True,163,False,182
BST-056,PROD-010,18,5,13,5.44237682326736,0.6985910710481327,1,4.0,9.4,False,48,False,66
BST-056,PROD-011,24,1,23,6.65220408443218,0.8001258333820096,1,4.0,10.7,False,60,False,84
BST-056,PROD-012,26,1,25,8.11548974688616,0.9650184464532873,1,4.0,12.1,False,72,False,98
BST-056,PROD-013,23,5,18,8.001609078203208,0.8392512436145073,1,4.0,12.0,False,75,False,98
BST-056,PROD-014,38,0,38,11.242439826042789,1.2733376001154384,1,5.0,16.2,False,95,False,133
BST-056,PROD-015,20,4,16,5.493841320933534,0.780180163668529,1,4.0,9.5,False,46,False,66
BST-056,PROD-016,13,2,11,4.02638878935158,0.5143566360633638,1,4.0,8.0,False,39,False,52
BST-056,PROD-017,9,0,9,1.2951554662346931,0.2542283167075459,1,4.0,5.3,False,13,False,52
BST-056,PROD-018,8,2,6,2.792301190205569,0.42319064702302006,1,4.0,6.8,True,37,False,52
BST-056,PROD-019,29,3,26,27.410670104504597,3.6079221298814845,1,12.0,39.4,True,300,False,329
BST-056,PROD-020,69,3,66,34.37315608162028,5.798979216537925,1,15.0,49.4,False,344,False,413
BST-056,PROD-021,22,5,17,24.570538285154647,3.5079287355039384,1,10.0,34.6,True,276,False,298
BST-056,PROD-022,10,0,10,19.170403428693906,2.779454765097568,1,8.0,27.2,True,221,False,231
BST-056,PROD-023,37,2,35,16.978503744510235,2.2754604779950816,1,7.0,24.0,False,163,False,200
BST-056,PROD-024,5,2,3,13.694566675007774,1.707595227624951,1,6.0,19.7,True,159,False,164
BST-056,PROD-025,22,2,20,8.187586560025219,0.9586977662035588,1,4.0,12.2,False,76,False,98
BST-056,PROD-026,11,0,11,6.934626381299215,1.0483274814269614,1,4.0,10.9,False,73,False,84
BST-056,PROD-027,16,4,12,5.2680950622753855,0.9583208594637433,1,4.0,9.3,False,50,False,66
BST-056,PROD-028,12,2,10,5.411227007062259,0.736712340151885,1,4.0,9.4,False,54,False,66
BST-056,PROD-029,12,4,8,4.181559344521545,0.6154683575008373,1,4.0,8.2,True,40,False,52
BST-056,PROD-030,15,4,11,5.57722596808762,0.7576168695779614,1,4.0,9.6,False,51,False,66
BST-056,PROD-031,8,2,6,1.0138450968406305,0.011665419689070351,1,4.0,5.0,False,12,False,52
BST-056,PROD-032,13,1,12,1.0061900212855217,0.01059759172120403,1,4.0,5.0,False,6,False,52
BST-056,PROD-033,9,3,6,1.0070442824675856,0.010117083164153875,1,4.0,5.0,False,12,False,52
BST-056,PROD-034,13,2,11,1.0055625644236268,0.010130016597293148,1,4.0,5.0,False,7,False,52
BST-056,PROD-035,39,0,39,0.00214989319108511,0.00023339987058162173,1,4.0,4.0,False,0,True,52
BST-057,PROD-001,23,2,21,7.713977756143933,0.9039063208581004,1,4.0,11.7,False,91,False,116
BST-057,PROD-002,33,5,28,10.094449345566028,1.092604602922173,1,5.0,15.1,False,117,False,150
BST-057,PROD-003,21,4,17,5.534576884958106,0.7305224968476044,1,4.0,9.5,False,63,False,84
BST-057,PROD-004,0,0,0,13.028774169652353,1.9708506203895795,1,4.0,17.0,True,102,False,102
BST-057,PROD-005,0,0,0,15.837031321759719,2.5166870931938816,1,4.2,20.0,True,126,False,126
BST-057,PROD-006,0,0,0,14.034068728135566,1.5729959354486738,1,4.0,18.0,True,108,False,108
BST-057,PROD-007,14,4,10,14.019835773678794,1.3873101549076776,1,4.0,18.0,True,88,False,102
BST-057,PROD-008,4,0,4,5.643338097517097,0.7156464387483478,1,4.0,9.6,True,79,False,84
BST-057,PROD-009,15,5,10,6.274071005030061,0.8479756628913598,1,4.0,10.3,True,76,False,91
BST-057,PROD-010,18,4,14,2.3451627149098755,0.37776567879315454,1,4.0,6.3,False,23,False,52
BST-057,PROD-011,16,5,11,2.891539982515933,0.5097856817570959,1,4.0,6.9,False,33,False,52
BST-057,PROD-012,10,2,8,3.303588143440578,0.5168252315693415,1,4.0,7.3,False,42,False,52
BST-057,PROD-013,0,0,0,10.123061650113419,0.9793651647369225,1,4.0,14.1,True,52,False,52
BST-057,PROD-014,3,1,2,12.913247902819446,1.4927351896406582,1,4.0,16.9,True,63,False,66
BST-057,PROD-015,8,3,5,6.791974155703277,0.9763187344102136,1,4.0,10.8,True,44,False,52
BST-057,PROD-016,15,1,14,1.7824985988848407,0.29509455679485824,1,4.0,5.8,False,15,False,52
BST-057,PROD-017,13,3,10,1.007695957211488,0.012037634610689671,1,4.0,5.0,False,8,False,52
BST-057,PROD-018,6,1,5,1.0593977998061364,0.10347023880738096,1,4.0,5.1,True,14,False,52
BST-057,PROD-019,39,2,37,10.966369579108843,1.4835221893825385,1,6.0,17.0,False,123,False,168
BST-057,PROD-020,47,1,46,13.526228118319812,1.5138632993292302,1,7.0,20.5,False,150,False,210
BST-057,PROD-021,46,4,42,10.370526776340977,1.3819625681147352,1,5.0,15.4,False,104,False,150
BST-057,PROD-022,28,0,28,8.047283738607456,0.9355926009939397,1,4.0,12.0,False,88,False,116
BST-057,PROD-023,22,0,22,6.798951393543281,1.1762071066327655,1,4.0,10.8,False,77,False,102
BST-057,PROD-024,4,2,2,5.565256298854529,0.7857559673489914,1,4.0,9.6,True,80,False,84
BST-057,PROD-025,8,3,5,3.470821783548995,0.42073700230199435,1,4.0,7.5,True,44,False,52
BST-057,PROD-026,10,4,6,3.0127767923373487,0.46028932471555384,1,4.0,7.0,True,40,False,52
BST-057,PROD-027,5,0,5,2.264108357758212,0.3248197488949751,1,4.0,6.3,True,31,False,52
BST-057,PROD-028,7,5,2,2.237625733864768,0.2286131864147337,1,4.0,6.2,True,33,False,52
BST-057,PROD-029,13,2,11,1.602125547755332,0.3001701429475452,1,4.0,5.6,False,15,False,52
BST-057,PROD-030,6,2,4,2.1265465926701723,0.24418873543217257,1,4.0,6.1,True,30,False,52
BST-057,PROD-031,7,2,5,1.0082953235726533,0.010769702000600076,1,4.0,5.0,False,13,False,52
BST-057,PROD-032,13,4,9,1.0022221443324053,0.00975572789742875,1,4.0,5.0,False,9,False,52
BST-057,PROD-033,13,1,12,1.0032514227064033,0.009397181484587545,1,4.0,5.0,False,6,False,52
BST-057,PROD-034,13,4,9,1.0020265431911273,0.009134523648346526,1,4.0,5.0,False,9,False,52
BST-057,PROD-035,39,4,35,0.0023068543028793988,0.00024709622889545953,1,4.0,4.0,False,0,True,52
BST-058,PROD-001,11,0,11,14.586342959002,2.114746624116847,1,6.0,20.6,True,164,False,175
BST-058,PROD-002,42,5,37,18.23885918352443,2.3925779491239014,1,8.0,26.2,False,186,False,228
BST-058,PROD-003,32,4,28,10.560395237841147,1.5366415629765016,1,4.0,14.6,False,94,False,126
BST-058,PROD-004,24,1,23,12.49952516157845,1.7032410028020297,1,5.0,17.5,False,126,False,150
BST-058,PROD-005,16,0,16,16.733938240611867,2.264560257632415,1,7.0,23.7,True,173,False,189
BST-058,PROD-006,11,0,11,14.192439211208718,2.380442991978932,1,6.0,20.2,True,153,False,164
BST-058,PROD-007,25,5,20,12.6415307981451,1.7899100900119327,1,5.0,17.6,False,125,False,150
BST-058,PROD-008,22,0,22,10.469301181171232,1.4907169225638828,1,4.0,14.5,False,104,False,126
BST-058,PROD-009,10,5,5,11.25004059102838,1.3223284960149855,1,5.0,16.3,True,126,False,136
BST-058,PROD-010,9,3,6,4.301062206762554,0.6184624798498116,1,4.0,8.3,True,43,False,52
BST-058,PROD-011,5,4,1,5.090341563701122,0.7505505671730058,1,4.0,9.1,True,58,False,63
BST-058,PROD-012,17,4,13,6.201521062973904,0.8639186441713126,1,4.0,10.2,False,60,False,77
BST-058,PROD-013,17,2,15,6.412479751405796,0.770278267795108,1,4.0,10.4,False,60,False,77
BST-058,PROD-014,7,4,3,8.40067908622608,0.9691016782823554,1,4.0,12.4,True,95,False,102
BST-058,PROD-015,12,0,12,4.252656929249239,0.6515639083207612,1,4.0,8.3,False,40,False,52
BST-058,PROD-016,6,4,2,3.156227405146179,0.4472266994543881,1,4.0,7.2,True,46,False,52
BST-058,PROD-017,13,1,12,1.0103567400424096,0.012397653351479297,1,4.0,5.0,False,6,False,52
BST-058,PROD-018,18,2,16,2.102850720457973,0.2196915782380863,1,4.0,6.1,False,17,False,52
BST-058,PROD-019,18,3,15,20.57589761031354,2.795381546425001,1,9.0,29.6,True,234,False,252
BST-058,PROD-020,69,1,68,24.89411042099406,3.7396658716763405,1,11.0,35.9,False,246,False,315
BST-058,PROD-021,27,3,24,18.606697139952086,2.733904017816674,1,8.0,26.6,True,201,False,228
BST-058,PROD-022,47,1,46,14.377122184442454,1.8108405581743896,1,6.0,20.4,False,128,False,175
BST-058,PROD-023,5,5,0,12.295387198532623,1.5383394650269508,1,5.0,17.3,True,145,False,150
BST-058,PROD-024,26,2,24,10.316357571998683,1.3582584988668216,1,4.0,14.3,False,100,False,126
BST-058,PROD-025,15,2,13,6.424790401586017,0.8451943965021764,1,4.0,10.4,False,62,False,77
BST-058,PROD-026,17,4,13,5.204049056293498,0.8303157479660017,1,4.0,9.2,False,46,False,63
BST-058,PROD-027,15,2,13,4.200236829275821,0.7352453710123739,1,4.0,8.2,False,37,False,52
BST-058,PROD-028,12,2,10,4.376170682296287,0.6645389935633448,1,4.0,8.4,False,40,False,52
BST-058,PROD-029,16,3,13,3.10678519530781,0.5445672051952634,1,4.0,7.1,False,34,False,52
BST-058,PROD-030,10,0,10,4.278736519785545,0.539985058783291,1,4.0,8.3,False,42,False,52
BST-058,PROD-031,11,0,11,1.0101448879229797,0.0110401248376905,1,4.0,5.0,False,7,False,52
BST-058,PROD-032,7,3,4,1.0042803527290454,0.009841857492415477,1,4.0,5.0,True,14,False,52
BST-058,PROD-033,6,5,1,1.0054964019356634,0.00955618117614738,1,4.0,5.0,True,17,False,52
BST-058,PROD-034,13,1,12,1.004155562636953,0.009522038840391933,1,4.0,5.0,False,6,False,52
BST-058,PROD-035,39,1,38,0.0022007789019226386,0.00023736751378057727,1,4.0,4.0,False,0,True,52
BST-059,PROD-001,27,5,22,31.274891992155425,6.673956457038396,1,11.0,42.3,True,165,False,192
BST-059,PROD-002,27,3,24,40.13065593106452,8.102466365765082,1,13.4,53.5,True,221,False,248
BST-059,PROD-003,14,3,11,21.756337049089154,4.57468628766109,1,7.5,29.3,True,122,False,136
BST-059,PROD-004,4,2,2,11.383572342949984,3.3576324767366255,1,6.0,17.4,True,160,False,164
BST-059,PROD-005,34,4,30,13.721717520050575,3.870825054071019,1,7.0,20.7,False,169,False,206
BST-059,PROD-006,11,2,9,12.141117902519074,3.3266239249904332,1,6.0,18.1,True,167,False,178
BST-059,PROD-007,27,3,24,10.391373576823439,2.9316015994651985,1,6.0,16.4,False,127,False,164
BST-059,PROD-008,8,4,4,8.669431000609746,2.551021881147466,1,5.0,13.7,True,122,False,136
BST-059,PROD-009,23,5,18,9.436631136700365,2.4567274887121426,1,5.0,14.4,False,119,False,150
BST-059,PROD-010,4,3,1,3.7675613363106857,0.9984509714050355,1,4.0,7.8,True,52,False,56
BST-059,PROD-011,14,4,10,4.3803993653266575,1.0932621453207527,1,4.0,8.4,False,55,False,70
BST-059,PROD-012,5,5,0,5.184073008569607,1.2563685360871097,1,4.0,9.2,True,77,False,84
BST-059,PROD-013,23,1,22,5.33565759328051,1.5562937987905987,1,4.0,9.3,False,57,False,84
BST-059,PROD-014,23,5,18,6.880276509106289,1.5637167467937265,1,4.0,10.9,False,82,False,108
BST-059,PROD-015,20,3,17,3.4851657343118205,1.2595281295578789,1,4.0,7.5,False,36,False,56
BST-059,PROD-016,12,0,12,2.694848267513702,0.851807588413674,1,4.0,6.7,False,30,False,52
BST-059,PROD-017,7,4,3,1.0055830880008032,0.016726495021882042,1,4.0,5.0,True,15,False,52
BST-059,PROD-018,9,3,6,1.7064275790605987,0.5829940367260986,1,4.0,5.7,False,22,False,52
BST-059,PROD-019,23,1,22,37.84683865833845,9.10100498619999,1,15.0,52.8,True,253,False,276
BST-059,PROD-020,8,3,5,47.59297225741657,10.880144728788377,1,18.0,65.6,True,335,False,343
BST-059,PROD-021,9,2,7,34.94214487142603,8.757617006104882,1,14.5,49.4,True,239,False,248
BST-059,PROD-022,13,0,13,12.138719267224532,3.1158524299682897,1,7.0,19.1,True,164,False,192
BST-059,PROD-023,32,2,30,10.364897130794308,2.753470824009065,1,6.0,16.4,False,121,False,164
BST-059,PROD-024,33,3,30,8.83010030724463,2.5520985070744104,1,5.0,13.8,False,99,False,136
BST-059,PROD-025,26,4,22,5.192200184976102,1.6801441959497914,1,4.0,9.2,False,55,False,84
BST-059,PROD-026,13,4,9,4.399884676867162,1.1319095360210834,1,4.0,8.4,False,57,False,70
BST-059,PROD-027,9,2,7,3.6299635776673265,0.9695716783111631,1,4.0,7.6,True,47,False,56
BST-059,PROD-028,18,0,18,3.611000444787379,1.1140120962543663,1,4.0,7.6,False,37,False,56
BST-059,PROD-029,19,1,18,2.5804209367072173,0.7894525828255233,1,4.0,6.6,False,22,False,52
BST-059,PROD-030,7,4,3,3.56830579624517,1.033986237540135,1,4.0,7.6,True,49,False,56
BST-059,PROD-031,7,5,2,1.0063995264470076,0.015804945141417143,1,4.0,5.0,True,16,False,52
BST-059,PROD-032,17,0,17,1.0009933900645602,0.015758915842140345,1,4.0,5.0,False,1,False,52
BST-059,PROD-033,3,0,3,1.0002565040773248,0.012346611359822679,1,4.0,5.0,True,15,False,52
BST-059,PROD-034,13,2,11,0.9998621868666008,0.011447683702199474,1,4.0,5.0,False,7,False,52
BST-059,PROD-035,39,1,38,0.0024155444793934953,0.0002565175330069438,1,4.0,4.0,False,0,True,52
BST-060,PROD-001,44,2,42,35.93498115660034,7.909481000826825,1,13.1,49.0,True,198,False,242
BST-060,PROD-002,41,4,37,50.02631287647036,11.69314691647053,1,19.3,69.3,True,267,False,308
BST-060,PROD-003,18,0,18,28.003361818555753,6.639445155806468,1,11.0,39.0,True,154,False,172
BST-060,PROD-004,31,0,31,14.023076406456598,4.485669709717791,1,7.4,21.4,False,173,False,206
BST-060,PROD-005,41,5,36,16.633430198390496,5.14166135243406,1,9.0,25.6,False,206,False,256
BST-060,PROD-006,35,0,35,14.519826364757337,4.24868899965976,1,8.0,22.5,False,176,False,224
BST-060,PROD-007,17,0,17,13.15331266307582,3.5264622467421165,1,7.0,20.2,True,174,False,206
BST-060,PROD-008,45,0,45,10.965618945953343,3.1634410134943702,1,6.0,17.0,False,115,False,172
BST-060,PROD-009,61,1,60,11.589196772139731,3.120907381934264,1,7.0,18.6,False,109,False,189
BST-060,PROD-010,15,3,12,4.418924702081123,1.2361523456208454,1,4.0,8.4,False,54,False,70
BST-060,PROD-011,23,4,19,5.411965780958866,1.4903608736004037,1,4.0,9.4,False,61,False,84
BST-060,PROD-012,25,3,22,6.637869820233898,1.7598407138017493,1,4.0,10.6,False,75,False,102
BST-060,PROD-013,30,0,30,6.360894481888223,1.6889620979409832,1,4.0,10.4,False,63,False,102
BST-060,PROD-014,9,3,6,8.498295997980993,2.1116826331071015,1,5.0,13.5,True,118,False,136
BST-060,PROD-015,19,4,15,4.4070973251066645,1.3022173297372146,1,4.0,8.4,False,51,False,70
BST-060,PROD-016,19,5,14,3.2938705840704707,0.7766219829252424,1,4.0,7.3,False,33,False,52
BST-060,PROD-017,18,3,15,1.1753661510161777,0.2537043305869399,1,4.0,5.2,False,5,False,52
BST-060,PROD-018,10,1,9,2.260775638431145,0.4772666484760906,1,4.0,6.3,False,27,False,52
BST-060,PROD-019,71,4,67,46.58252938346169,10.635726146775738,1,17.5,64.1,False,272,False,343
BST-060,PROD-020,7,5,2,57.636184701720715,12.779409274000578,1,21.1,78.7,True,420,False,427
BST-060,PROD-021,55,2,53,42.91039980513752,10.479362008103855,1,17.3,60.2,True,253,False,308
BST-060,PROD-022,28,5,23,15.163267836327808,4.098606297484445,1,8.0,23.2,True,197,False,242
BST-060,PROD-023,44,4,40,12.977221346704718,3.266443500391334,1,7.0,20.0,False,149,False,206
BST-060,PROD-024,16,5,11,11.091982610602814,3.041819357971268,1,6.0,17.1,True,150,False,172
BST-060,PROD-025,11,1,10,6.510099670447622,1.6496810023134096,1,4.0,10.5,True,85,False,102
BST-060,PROD-026,15,5,10,5.394818211646247,1.3991623785053802,1,4.0,9.4,False,69,False,84
BST-060,PROD-027,21,3,18,4.4185855641942515,1.2697461315882965,1,4.0,8.4,False,48,False,70
BST-060,PROD-028,5,4,1,4.373242228277306,1.096824736240229,1,4.0,8.4,True,64,False,70
BST-060,PROD-029,10,0,10,3.300760120613656,0.9812811004867882,1,4.0,7.3,False,40,False,52
BST-060,PROD-030,11,4,7,4.324077908708942,1.07327834777848,1,4.0,8.3,True,58,False,70
BST-060,PROD-031,12,0,12,1.01106050431138,0.01330330336777303,1,4.0,5.0,False,6,False,52
BST-060,PROD-032,9,5,4,1.0043421977353335,0.01316948924073782,1,4.0,5.0,True,14,False,52
BST-060,PROD-033,17,4,13,1.003658363164939,0.010793127306230055,1,4.0,5.0,False,5,False,52
BST-060,PROD-034,13,3,10,1.0027839671375602,0.01054359069516778,1,4.0,5.0,False,8,False,52
BST-060,PROD-035,39,4,35,0.0020406157014299675,0.00021972380188862512,1,4.0,4.0,False,0,True,52
BST-061,PROD-001,56,2,54,51.934789845362964,10.565106792094328,1,17.4,69.3,True,276,False,332
BST-061,PROD-002,66,2,64,66.34779813495821,15.298926218014945,1,25.2,91.5,True,361,False,427
BST-061,PROD-003,43,3,40,37.12364029575281,8.014691767070351,1,13.2,50.3,True,195,False,238
BST-061,PROD-004,39,0,39,17.82260711617905,5.278386842110653,1,10.0,27.8,False,221,False,284
BST-061,PROD-005,55,2,53,24.170022787176865,6.882207754359872,1,13.0,37.2,False,298,False,354
BST-061,PROD-006,14,4,10,21.306233113603486,5.679106096683916,1,11.0,32.3,True,294,False,308
BST-061,PROD-007,71,5,66,17.54139360108092,4.694268067890195,1,10.0,27.5,False,190,False,284
BST-061,PROD-008,30,2,28,15.078176566344993,4.102617634222156,1,8.0,23.1,False,191,False,238
BST-061,PROD-009,72,3,69,16.704101936403017,4.426087362914921,1,9.0,25.7,False,174,False,259
BST-061,PROD-010,23,2,21,5.852249151709992,1.621439670112717,1,4.0,9.9,False,65,False,94
BST-061,PROD-011,37,5,32,7.21293797000712,1.9614407100639686,1,4.0,11.2,False,73,False,119
BST-061,PROD-012,46,0,46,9.084474602180926,2.4950069504310934,1,5.0,14.1,False,86,False,144
BST-061,PROD-013,26,4,22,8.683152793398452,2.376302347997164,1,5.0,13.7,False,105,False,144
BST-061,PROD-014,23,3,20,12.025463674362607,3.1123788183935357,1,7.0,19.0,False,155,False,189
BST-061,PROD-015,20,3,17,6.2640806482175195,1.6329397822110516,1,4.0,10.3,False,74,False,94
BST-061,PROD-016,8,1,7,4.304610757071781,1.223786125214853,1,4.0,8.3,True,57,False,70
BST-061,PROD-017,17,1,16,1.3580442309001353,0.3945788232700283,1,4.0,5.4,False,7,False,52
BST-061,PROD-018,9,0,9,3.0553419878624837,0.7249043696200292,1,4.0,7.1,False,38,False,52
BST-061,PROD-019,72,5,67,66.19704560206284,15.833918016223997,1,26.1,92.3,True,400,False,472
BST-061,PROD-020,111,5,106,78.91745252284157,18.07166778543445,1,29.8,108.7,True,481,False,592
BST-061,PROD-021,86,0,86,57.46284489264417,13.500966487313235,1,22.3,79.8,False,341,False,427
BST-061,PROD-022,71,1,70,20.880039077864247,5.518599289293205,1,12.0,32.9,False,234,False,332
BST-061,PROD-023,41,5,36,17.48528642329579,4.594991664069609,1,10.0,27.5,False,219,False,284
BST-061,PROD-024,19,0,19,14.867879725674142,4.1707251568109,1,8.0,22.9,True,197,False,238
BST-061,PROD-025,23,1,22,8.56318193085026,2.0916589362907074,1,5.0,13.6,False,103,False,144
BST-061,PROD-026,11,4,7,7.574670395982625,2.233066470264065,1,4.0,11.6,True,103,False,119
BST-061,PROD-027,25,2,23,6.057490119277516,1.585519951175485,1,4.0,10.1,False,66,False,94
BST-061,PROD-028,29,0,29,5.962090728710394,1.8357199523823484,1,4.0,10.0,False,58,False,94
BST-061,PROD-029,6,5,1,4.479956582548904,1.3743405003719646,1,4.0,8.5,True,64,False,70
BST-061,PROD-030,24,4,20,5.837529012087123,1.6021897860911674,1,4.0,9.8,False,66,False,94
BST-061,PROD-031,12,5,7,1.0157501437460692,0.012077564010621244,1,4.0,5.0,False,11,False,52
BST-061,PROD-032,13,1,12,1.0087808676583763,0.011556621269777169,1,4.0,5.0,False,6,False,52
BST-061,PROD-033,17,4,13,1.0091152468795823,0.010645973048243608,1,4.0,5.0,False,5,False,52
BST-061,PROD-034,11,0,11,1.036699793352005,0.06856533254769814,1,4.0,5.0,False,8,False,52
BST-061,PROD-035,39,5,34,0.0027576602478282517,0.0002997394648199337,1,4.0,4.0,False,0,True,52
BST-062,PROD-001,28,4,24,9.824899304062516,1.3825372538757514,1,5.0,14.8,False,119,False,147
BST-062,PROD-002,13,2,11,12.246236408188508,1.5401202154255271,1,7.0,19.2,True,167,False,189
BST-062,PROD-003,6,4,2,6.94443472246043,0.7796332558075233,1,4.0,10.9,True,99,False,105
BST-062,PROD-004,0,0,0,16.28057568122424,2.1370415074794225,1,4.0,20.3,True,126,False,126
BST-062,PROD-005,0,0,0,19.24852209595416,2.9357574774525204,1,6.0,25.2,True,158,False,158
BST-062,PROD-006,0,0,0,18.02928370911737,2.4865754704117986,1,5.0,23.0,True,136,False,136
BST-062,PROD-007,24,5,19,18.807753314824108,2.689854038076743,1,4.4,23.2,True,102,False,126
BST-062,PROD-008,22,1,21,7.184902854424854,1.1305370678752713,1,4.0,11.2,False,83,False,105
BST-062,PROD-009,11,4,7,7.74498851101247,1.007001740035282,1,4.0,11.7,True,105,False,116
BST-062,PROD-010,8,1,7,2.899432169588485,0.45757923104029397,1,4.0,6.9,False,38,False,52
BST-062,PROD-011,11,2,9,3.6188121106414344,0.5377700123883543,1,4.0,7.6,False,41,False,52
BST-062,PROD-012,20,4,16,4.194668681843628,0.5254168253691376,1,4.0,8.2,False,43,False,63
BST-062,PROD-013,5,0,5,11.682505723289328,1.5623242819623555,1,4.0,15.7,True,58,False,63
BST-062,PROD-014,0,0,0,14.134994093802035,1.5150085456986844,1,4.0,18.1,True,84,False,84
BST-062,PROD-015,6,1,5,8.3950546276899,0.912599880108013,1,4.0,12.4,True,46,False,52
BST-062,PROD-016,16,4,12,2.216748397314121,0.3165949604537331,1,4.0,6.2,False,23,False,52
BST-062,PROD-017,13,5,8,1.0118133868285077,0.012541003710005287,1,4.0,5.0,False,10,False,52
BST-062,PROD-018,9,5,4,1.2960218811867217,0.3189414363158848,1,4.0,5.3,True,18,False,52
BST-062,PROD-019,9,4,5,13.408597663505946,1.819578766552295,1,7.0,20.4,True,190,False,210
BST-062,PROD-020,79,2,77,16.80339322072133,2.043357165793943,1,9.0,25.8,False,167,False,259
BST-062,PROD-021,14,1,13,12.694557946623814,1.3754286497630024,1,7.0,19.7,True,172,False,189
BST-062,PROD-022,36,5,31,9.866438071821468,1.3699923534307212,1,5.0,14.9,False,111,False,147
BST-062,PROD-023,13,1,12,8.352861193545548,1.256825087943669,1,4.0,12.4,True,109,False,126
BST-062,PROD-024,16,4,12,6.947970543315511,0.8787313931426946,1,4.0,10.9,False,89,False,105
BST-062,PROD-025,21,5,16,4.137467782301374,0.5691420402070037,1,4.0,8.1,False,42,False,63
BST-062,PROD-026,9,1,8,3.5154499869122193,0.3956126996975804,1,4.0,7.5,False,43,False,52
BST-062,PROD-027,17,1,16,2.941460910620506,0.4770717166528014,1,4.0,6.9,False,29,False,52
BST-062,PROD-028,13,3,10,2.771085239939332,0.4597939090732327,1,4.0,6.8,False,33,False,52
BST-062,PROD-029,4,4,0,2.0811681541869103,0.18928322344271212,1,4.0,6.1,True,33,False,52
BST-062,PROD-030,15,3,12,2.8072039922617087,0.3279747457601257,1,4.0,6.8,False,31,False,52
BST-062,PROD-031,10,5,5,1.0115001927828091,0.011090363744033558,1,4.0,5.0,False,13,False,52
BST-062,PROD-032,17,1,16,1.0043043483790712,0.009952540648377771,1,4.0,5.0,False,2,False,52
BST-062,PROD-033,8,1,7,1.0056169420644088,0.009811940502139037,1,4.0,5.0,False,11,False,52
BST-062,PROD-034,13,0,13,1.0041447201474243,0.009759186312232573,1,4.0,5.0,False,5,False,52
BST-062,PROD-035,39,0,39,0.0020946855363209857,0.00022623084042430812,1,4.0,4.0,False,0,True,52
BST-063,PROD-001,46,3,43,13.491491261593193,4.652506156495351,1,7.7,21.2,False,146,False,192
BST-063,PROD-002,57,1,56,17.817982646901367,5.835176531445999,1,9.6,27.4,False,191,False,248
BST-063,PROD-003,32,0,32,9.34357747474554,2.954765376345906,1,5.0,14.3,False,104,False,136
BST-063,PROD-004,0,0,0,19.598204781415284,6.247165227448561,1,10.3,29.9,True,164,False,164
BST-063,PROD-005,0,0,0,23.816903732368903,8.505143443256603,1,14.0,37.8,True,206,False,206
BST-063,PROD-006,0,0,0,21.40147954069638,7.478858115693874,1,12.3,33.7,True,178,False,178
BST-063,PROD-007,0,0,0,23.081575024006888,6.705677613704486,1,11.1,34.2,True,164,False,164
BST-063,PROD-008,0,0,0,19.618687330806853,6.035904000951369,1,10.0,29.6,True,136,False,136
BST-063,PROD-009,0,0,0,21.931736538969805,6.796220136484942,1,11.2,33.1,True,150,False,150
BST-063,PROD-010,10,5,5,3.9299362970928096,1.3093154042220976,1,4.0,7.9,True,46,False,56
BST-063,PROD-011,13,5,8,4.772987047035078,1.5938875988153665,1,4.0,8.8,True,57,False,70
BST-063,PROD-012,12,2,10,5.914377911190832,2.006220282587069,1,4.0,9.9,False,72,False,84
BST-063,PROD-013,5,1,4,5.919655323655294,1.963371393722967,1,4.0,9.9,True,79,False,84
BST-063,PROD-014,8,1,7,7.907890653120796,2.4793909929582627,1,4.1,12.0,True,100,False,108
BST-063,PROD-015,9,0,9,4.052878300362747,1.3612474713388376,1,4.0,8.1,False,47,False,56
BST-063,PROD-016,5,1,4,2.846167125029338,0.8941823234249311,1,4.0,6.8,True,40,False,52
BST-063,PROD-017,13,5,8,1.012595253745302,0.015167054112642296,1,4.0,5.0,False,10,False,52
BST-063,PROD-018,11,4,7,1.9744369184572028,0.6330708356001065,1,4.0,6.0,False,25,False,52
BST-063,PROD-019,75,1,74,19.450584556511348,6.550481220051693,1,10.8,30.3,False,201,False,276
BST-063,PROD-020,70,3,67,24.353272994012475,7.9918978637792994,1,13.2,37.6,False,273,False,343
BST-063,PROD-021,38,1,37,17.533683347372314,5.980653452357887,1,9.9,27.4,False,210,False,248
BST-063,PROD-022,19,3,16,13.291329069518257,3.932783290188329,1,7.0,20.3,True,173,False,192
BST-063,PROD-023,28,3,25,11.464261246428046,3.8157593772633738,1,6.3,17.8,False,136,False,164
BST-063,PROD-024,39,3,36,9.894204453777531,3.278948593764897,1,5.4,15.3,False,97,False,136
BST-063,PROD-025,7,3,4,5.626536952884314,1.8621680146518917,1,4.0,9.6,True,77,False,84
BST-063,PROD-026,5,4,1,4.795583632321014,1.4781112041218905,1,4.0,8.8,True,65,False,70
BST-063,PROD-027,11,4,7,3.867330388013619,1.2579258003155631,1,4.0,7.9,True,45,False,56
BST-063,PROD-028,15,5,10,3.8811158717218044,1.2782007539186246,1,4.0,7.9,False,41,False,56
BST-063,PROD-029,9,5,4,2.913114555007582,1.0451060462174613,1,4.0,6.9,True,41,False,52
BST-063,PROD-030,17,3,14,4.057302045046351,1.3885137539943635,1,4.0,8.1,False,39,False,56
BST-063,PROD-031,7,4,3,1.0114942421411288,0.015676958529711415,1,4.0,5.0,True,15,False,52
BST-063,PROD-032,7,4,3,1.0043113990580212,0.013966311830808034,1,4.0,5.0,True,15,False,52
BST-063,PROD-033,12,2,10,1.0060951799180533,0.012814343683149479,1,4.0,5.0,False,8,False,52
BST-063,PROD-034,13,3,10,1.00455506470003,0.012777783396467563,1,4.0,5.0,False,8,False,52
BST-063,PROD-035,39,5,34,0.002331237594914806,0.0002530404185569227,1,4.0,4.0,False,0,True,52
BST-064,PROD-001,12,2,10,12.605100622118426,4.386758836115546,1,7.2,19.8,True,163,False,175
BST-064,PROD-002,64,0,64,16.022154632057585,5.372430393237714,1,8.9,24.9,False,164,False,228
BST-064,PROD-003,32,4,28,8.892039419490226,2.9720440749592933,1,4.9,13.8,False,94,False,126
BST-064,PROD-004,0,0,0,17.29348217673131,5.279896709391865,1,8.7,26.0,True,150,False,150
BST-064,PROD-005,0,0,0,22.613701006588204,7.891175523793151,1,13.0,35.6,True,189,False,189
BST-064,PROD-006,0,0,0,20.274338912604726,6.8964138541853774,1,11.4,31.7,True,164,False,164
BST-064,PROD-007,22,5,17,21.858847022718,6.795696962936467,1,11.2,33.1,True,128,False,150
BST-064,PROD-008,25,5,20,18.11794357808235,5.606775439005144,1,9.3,27.4,True,101,False,126
BST-064,PROD-009,16,0,16,20.03846851044663,6.277691597767791,1,10.4,30.4,True,124,False,140
BST-064,PROD-010,13,1,12,3.6970067845052266,1.1434565987616534,1,4.0,7.7,False,39,False,52
BST-064,PROD-011,7,5,2,4.423025405610475,1.4447346890458235,1,4.0,8.4,True,56,False,63
BST-064,PROD-012,17,4,13,5.45624926944875,1.8967902107672825,1,4.0,9.5,False,60,False,77
BST-064,PROD-013,9,2,7,5.129852885226772,1.701841601641424,1,4.0,9.1,True,68,False,77
BST-064,PROD-014,28,5,23,7.077717333582742,2.334572331113726,1,4.0,11.1,False,74,False,102
BST-064,PROD-015,17,2,15,3.637688558164736,1.1394224754410447,1,4.0,7.6,False,35,False,52
BST-064,PROD-016,17,3,14,2.667261119459693,0.9651740634478811,1,4.0,6.7,False,27,False,52
BST-064,PROD-017,13,3,10,1.010949137876641,0.015091408221605495,1,4.0,5.0,False,8,False,52
BST-064,PROD-018,16,0,16,1.8007953012102742,0.46284073597554437,1,4.0,5.8,False,13,False,52
BST-064,PROD-019,71,3,68,17.468965822494564,5.527022079670245,1,9.1,26.6,False,181,False,252
BST-064,PROD-020,42,0,42,21.795270251049992,7.103982992552114,1,11.7,33.5,False,273,False,315
BST-064,PROD-021,24,4,20,15.981196936472594,4.959582467596515,1,8.2,24.2,True,204,False,228
BST-064,PROD-022,7,3,4,12.885470716050419,4.207560875222657,1,6.9,19.8,True,168,False,175
BST-064,PROD-023,32,3,29,10.507459838253178,3.61711644127591,1,6.0,16.5,False,118,False,150
BST-064,PROD-024,20,4,16,8.600489529256292,2.7726283243472634,1,4.6,13.2,False,106,False,126
BST-064,PROD-025,9,1,8,5.253075237486732,1.7988855403242048,1,4.0,9.3,True,68,False,77
BST-064,PROD-026,19,0,19,4.467858111965646,1.4747120316688798,1,4.0,8.5,False,44,False,63
BST-064,PROD-027,12,5,7,3.5744853673060684,1.1801087446252396,1,4.0,7.6,True,40,False,52
BST-064,PROD-028,15,0,15,3.6200835925354466,1.1816891326039767,1,4.0,7.6,False,37,False,52
BST-064,PROD-029,10,2,8,2.6580200171002053,0.9422335931530003,1,4.0,6.7,False,33,False,52
BST-064,PROD-030,15,5,10,3.506100951452779,1.158130037875814,1,4.0,7.5,False,37,False,52
BST-064,PROD-031,11,5,6,1.0100208784355615,0.015877729969226824,1,4.0,5.0,False,12,False,52
BST-064,PROD-032,15,1,14,1.0020950182439081,0.014125383612693545,1,4.0,5.0,False,4,False,52
BST-064,PROD-033,14,4,10,1.004371485809074,0.012854737507518105,1,4.0,5.0,False,8,False,52
BST-064,PROD-034,13,0,13,1.002893370042664,0.01282903080162586,1,4.0,5.0,False,5,False,52
BST-064,PROD-035,39,3,36,0.002057554698828542,0.0002225995547879377,1,4.0,4.0,False,0,True,52
BST-065,PROD-001,49,5,44,51.53688647143361,12.08771029644963,1,19.9,71.4,True,266,False,315
BST-065,PROD-002,31,0,31,63.91303980546341,13.083143183074261,1,21.6,85.5,True,371,False,402
BST-065,PROD-003,23,4,19,36.22000712954932,7.487364365849045,1,12.4,48.6,True,201,False,224
BST-065,PROD-004,56,4,52,17.036335165286694,4.875600921835837,1,10.0,27.0,False,197,False,270
BST-065,PROD-005,19,4,15,23.49843610947408,5.91931237675747,1,12.0,35.5,True,317,False,336
BST-065,PROD-006,39,1,38,19.35819410929067,5.6402878965777345,1,10.0,29.4,False,243,False,290
BST-065,PROD-007,80,2,78,16.657642398874724,4.330119480619806,1,10.0,26.7,False,165,False,270
BST-065,PROD-008,38,1,37,14.496947274469516,3.8126792144640778,1,8.0,22.5,False,174,False,224
BST-065,PROD-009,65,4,61,15.560392889569144,4.518925149371784,1,9.0,24.6,False,166,False,248
BST-065,PROD-010,13,3,10,5.67013579069169,1.3792868750313565,1,4.0,9.7,False,73,False,91
BST-065,PROD-011,16,1,15,7.330539117639439,2.0105626048967067,1,4.0,11.3,False,92,False,112
BST-065,PROD-012,15,1,14,8.221566855829689,2.145602019010123,1,5.0,13.2,False,106,False,133
BST-065,PROD-013,25,5,20,8.396168387473288,1.7497325798525767,1,5.0,13.4,False,103,False,133
BST-065,PROD-014,26,3,23,11.545581776959137,3.3036059963895914,1,6.0,17.5,False,145,False,178
BST-065,PROD-015,13,5,8,5.681385190782625,1.5640225702518302,1,4.0,9.7,True,76,False,91
BST-065,PROD-016,6,1,5,4.221580652949695,1.1283902242517878,1,4.0,8.2,True,58,False,66
BST-065,PROD-017,15,0,15,1.2534841850672718,0.34689928744786197,1,4.0,5.3,False,7,False,52
BST-065,PROD-018,13,2,11,2.881577896129383,0.8702412695293792,1,4.0,6.9,False,33,False,52
BST-065,PROD-019,37,3,34,61.04067533343784,13.519198764841585,1,22.3,83.3,True,411,False,448
BST-065,PROD-020,97,1,96,76.23511809251299,17.23550778420044,1,28.4,104.6,True,463,False,560
BST-065,PROD-021,17,2,15,55.94400159454425,13.030117159044584,1,21.5,77.4,True,385,False,402
BST-065,PROD-022,64,2,62,19.626065833607022,5.233165118686311,1,11.0,30.6,False,224,False,315
BST-065,PROD-023,33,4,29,16.83790558113504,4.789131586237363,1,10.0,26.8,False,217,False,270
BST-065,PROD-024,18,3,15,14.558602590638328,4.140551249760231,1,8.0,22.6,True,197,False,224
BST-065,PROD-025,31,0,31,8.820484389270844,2.441656335574652,1,5.0,13.8,False,97,False,133
BST-065,PROD-026,19,5,14,7.124382771039899,1.968074725272981,1,4.0,11.1,False,90,False,112
BST-065,PROD-027,10,0,10,5.768775414372404,1.3374640398288675,1,4.0,9.8,False,75,False,91
BST-065,PROD-028,28,2,26,5.610303970754827,1.3712443662043945,1,4.0,9.6,False,57,False,91
BST-065,PROD-029,19,5,14,4.285535185238071,1.181968937879258,1,4.0,8.3,False,47,False,66
BST-065,PROD-030,26,4,22,5.726932551560553,1.3797731471714967,1,4.0,9.7,False,62,False,91
BST-065,PROD-031,12,4,8,1.0145838776329195,0.012097124335636393,1,4.0,5.0,False,10,False,52
BST-065,PROD-032,14,2,12,1.0078309378787864,0.011636884745419043,1,4.0,5.0,False,6,False,52
BST-065,PROD-033,5,3,2,1.0078616036152181,0.010579703363947295,1,4.0,5.0,True,16,False,52
BST-065,PROD-034,13,5,8,1.006413353479132,0.01055448949857733,1,4.0,5.0,False,10,False,52
BST-065,PROD-035,39,5,34,0.0024947296268753665,0.00027121288487296576,1,4.0,4.0,False,0,True,52
BST-066,PROD-001,10,0,10,17.52326506864174,2.234354296257345,1,8.0,25.5,True,207,False,217
BST-066,PROD-002,57,3,54,23.436858109731936,3.0569921537291336,1,10.0,33.4,False,223,False,280
BST-066,PROD-003,16,1,15,12.723054814082404,1.361750497606303,1,5.0,17.7,True,138,False,154
BST-066,PROD-004,28,2,26,15.48811576505605,2.699622992437674,1,7.0,22.5,False,158,False,186
BST-066,PROD-005,20,4,16,20.451458877481976,3.3061283796405982,1,8.0,28.5,True,211,False,231
BST-066,PROD-006,0,0,0,17.95359048713267,2.6036490629022406,1,7.0,25.0,True,203,False,203
BST-066,PROD-007,47,3,44,15.476924416624945,1.8295339824570909,1,7.0,22.5,False,139,False,186
BST-066,PROD-008,4,4,0,13.105145773355584,1.6159224459484998,1,5.0,18.1,True,150,False,154
BST-066,PROD-009,23,2,21,14.411022776672212,2.1417229945637772,1,6.0,20.4,False,149,False,172
BST-066,PROD-010,18,0,18,5.13453089155878,0.9309796321620301,1,4.0,9.1,False,45,False,63
BST-066,PROD-011,14,0,14,6.31054788934766,0.8935189743100613,1,4.0,10.3,False,63,False,77
BST-066,PROD-012,24,3,21,7.745594604935647,1.101848288338585,1,4.0,11.7,False,70,False,94
BST-066,PROD-013,23,3,20,7.701687146736786,0.976251101303699,1,4.0,11.7,False,71,False,94
BST-066,PROD-014,31,1,30,10.323078960976906,1.5135430299316435,1,4.0,14.3,False,91,False,122
BST-066,PROD-015,20,3,17,5.006979175538809,0.663417058894052,1,4.0,9.0,False,43,False,63
BST-066,PROD-016,15,3,12,3.9583251389440623,0.5688012755644385,1,4.0,8.0,False,37,False,52
BST-066,PROD-017,5,4,1,1.1169443446834546,0.17599935573149086,1,4.0,5.1,True,19,False,52
BST-066,PROD-018,10,5,5,2.7072896810119,0.3666464695362461,1,4.0,6.7,True,37,False,52
BST-066,PROD-019,8,0,8,25.278484477330135,3.5045867253224654,1,11.0,36.3,True,300,False,308
BST-066,PROD-020,109,5,104,33.00858998659307,4.532965613737619,1,14.0,47.0,False,279,False,388
BST-066,PROD-021,60,4,56,22.30777175499438,2.860829647711793,1,10.0,32.3,False,220,False,280
BST-066,PROD-022,59,1,58,17.918654007265882,2.7016293662122615,1,8.0,25.9,False,158,False,217
BST-066,PROD-023,23,5,18,14.942151841634054,1.8457518932526764,1,7.0,21.9,True,163,False,186
BST-066,PROD-024,32,1,31,12.913286917411506,2.010436563606879,1,5.0,17.9,False,122,False,154
BST-066,PROD-025,27,3,24,7.90692585268294,1.169618400551894,1,4.0,11.9,False,67,False,94
BST-066,PROD-026,25,5,20,6.498858651631458,1.0074683428027662,1,4.0,10.5,False,52,False,77
BST-066,PROD-027,13,0,13,5.1514893042440875,0.6835047520078008,1,4.0,9.2,False,50,False,63
BST-066,PROD-028,10,3,7,5.224539989133642,0.6233312034022875,1,4.0,9.2,True,53,False,63
BST-066,PROD-029,15,3,12,3.8726402895165792,0.4214422987472035,1,4.0,7.9,False,37,False,52
BST-066,PROD-030,10,5,5,5.439018257677715,0.6887154551671358,1,4.0,9.4,True,53,False,63
BST-066,PROD-031,13,0,13,1.0135954215511818,0.011593064070553343,1,4.0,5.0,False,5,False,52
BST-066,PROD-032,7,5,2,1.006554521383239,0.01074457642095941,1,4.0,5.0,True,16,False,52
BST-066,PROD-033,12,4,8,1.0072248877715875,0.01019115865590388,1,4.0,5.0,False,10,False,52
BST-066,PROD-034,13,3,10,1.0057776262178832,0.01017403712836699,1,4.0,5.0,False,8,False,52
BST-066,PROD-035,39,1,38,0.0022037020315624012,0.00023929935312406718,1,4.0,4.0,False,0,True,52
BST-067,PROD-001,25,2,23,11.754122884759033,3.664838053537659,1,6.0,17.8,False,143,False,168
BST-067,PROD-002,50,0,50,15.218750631115295,5.1209599303781586,1,8.4,23.6,False,164,False,214
BST-067,PROD-003,13,2,11,8.389879064207975,2.96378313225954,1,4.9,13.3,True,106,False,119
BST-067,PROD-004,0,0,0,16.655744508334944,5.399131675917448,1,8.9,25.6,True,144,False,144
BST-067,PROD-005,0,0,0,20.932607584494765,7.0974898621665385,1,11.7,32.6,True,178,False,178
BST-067,PROD-006,0,0,0,18.975453537736122,6.588191350717399,1,10.9,29.9,True,154,False,154
BST-067,PROD-007,23,3,20,20.908341996971128,6.982362918054073,1,11.5,32.4,True,121,False,144
BST-067,PROD-008,0,0,0,16.22787551588211,5.024772053478987,1,8.3,24.5,True,119,False,119
BST-067,PROD-009,0,0,0,17.97682816687873,5.316633552552534,1,8.8,26.8,True,130,False,130
BST-067,PROD-010,9,4,5,3.635458133664925,1.145389551491813,1,4.0,7.6,True,43,False,52
BST-067,PROD-011,17,4,13,4.233050225287014,1.3695954752619608,1,4.0,8.2,False,43,False,60
BST-067,PROD-012,2,2,0,5.143879356117382,1.6707146848553236,1,4.0,9.1,True,68,False,70
BST-067,PROD-013,10,3,7,5.125235195182298,1.7025375316426068,1,4.0,9.1,True,60,False,70
BST-067,PROD-014,24,2,22,6.791620542354955,2.161244972191329,1,4.0,10.8,False,70,False,94
BST-067,PROD-015,15,5,10,3.445547400778246,1.0880676715539175,1,4.0,7.4,False,37,False,52
BST-067,PROD-016,11,1,10,2.453618385499658,0.737091466332657,1,4.0,6.5,False,28,False,52
BST-067,PROD-017,13,3,10,1.0091194608256757,0.015330541352863972,1,4.0,5.0,False,8,False,52
BST-067,PROD-018,9,1,8,1.7432114556478895,0.4138237765304551,1,4.0,5.7,False,20,False,52
BST-067,PROD-019,59,1,58,16.221221597011063,5.005424717115966,1,8.3,24.5,False,177,False,238
BST-067,PROD-020,19,4,15,20.582655828803702,6.8966706075817585,1,11.4,32.0,True,279,False,298
BST-067,PROD-021,24,4,20,15.01797225065108,4.984380835637114,1,8.2,23.2,True,190,False,214
BST-067,PROD-022,25,4,21,11.59284484230468,3.8299319731073784,1,6.3,17.9,False,143,False,168
BST-067,PROD-023,37,2,35,10.140299130733831,3.26951675995894,1,5.4,15.5,False,107,False,144
BST-067,PROD-024,4,0,4,8.272537462249282,2.809892554573121,1,4.6,12.9,True,115,False,119
BST-067,PROD-025,9,5,4,5.034948592348949,1.6402177195310212,1,4.0,9.0,True,61,False,70
BST-067,PROD-026,14,5,9,4.144026521075196,1.4424404017634174,1,4.0,8.1,False,46,False,60
BST-067,PROD-027,15,5,10,3.4411007495989274,1.0772505717075893,1,4.0,7.4,False,37,False,52
BST-067,PROD-028,12,0,12,3.4107865984394943,1.05364770834445,1,4.0,7.4,False,40,False,52
BST-067,PROD-029,15,4,11,2.715845735955104,0.9020072753875041,1,4.0,6.7,False,31,False,52
BST-067,PROD-030,3,0,3,3.2252361405642143,0.9855012109369486,1,4.0,7.2,True,46,False,52
BST-067,PROD-031,7,5,2,1.0083374681905755,0.016391291315751753,1,4.0,5.0,True,16,False,52
BST-067,PROD-032,15,5,10,1.0005016902653903,0.014837003105652256,1,4.0,5.0,False,8,False,52
BST-067,PROD-033,14,3,11,1.002590452255482,0.013544797211549497,1,4.0,5.0,False,7,False,52
BST-067,PROD-034,13,3,10,1.0011148610846263,0.013510604252203734,1,4.0,5.0,False,8,False,52
BST-067,PROD-035,39,3,36,0.002106177158900847,0.0002281118568490575,1,4.0,4.0,False,0,True,52
BST-068,PROD-001,40,3,37,40.729480224705675,9.156017498575762,1,15.1,55.8,True,230,False,270
BST-068,PROD-002,59,4,55,55.47565708177644,11.89215181786742,1,19.6,75.1,True,287,False,346
BST-068,PROD-003,20,1,19,30.79521867548695,6.562103865261971,1,10.8,41.6,True,172,False,192
BST-068,PROD-004,7,4,3,14.65964100704117,4.214543285805016,1,8.0,22.7,True,210,False,231
BST-068,PROD-005,14,2,12,19.051854635878016,5.299133204486681,1,10.0,29.1,True,265,False,287
BST-068,PROD-006,42,0,42,16.230084192216825,4.559356920542004,1,9.0,25.2,False,194,False,248
BST-068,PROD-007,23,2,21,14.629739212441446,3.956728579218326,1,8.0,22.6,True,192,False,231
BST-068,PROD-008,34,4,30,12.09760323046354,3.3764015206402473,1,7.0,19.1,False,146,False,192
BST-068,PROD-009,12,3,9,13.316860948453956,3.2331994115837475,1,7.0,20.3,True,184,False,210
BST-068,PROD-010,23,1,22,4.905968372617623,1.208413819086932,1,4.0,8.9,False,51,False,77
BST-068,PROD-011,12,1,11,6.094315804565624,1.6637434281893333,1,4.0,10.1,False,78,False,94
BST-068,PROD-012,30,5,25,7.2298520361981815,1.9655972892394653,1,4.0,11.2,False,80,False,116
BST-068,PROD-013,31,1,30,7.427254095337387,1.945917479244254,1,4.0,11.4,False,78,False,116
BST-068,PROD-014,32,3,29,9.735640594280957,2.6552992070508394,1,5.0,14.7,False,112,False,154
BST-068,PROD-015,7,1,6,4.684687839533113,1.178907285060088,1,4.0,8.7,True,64,False,77
BST-068,PROD-016,8,4,4,3.561274512199558,0.9000471486789627,1,4.0,7.6,True,48,False,56
BST-068,PROD-017,16,5,11,1.2406434039425793,0.32429247187675536,1,4.0,5.2,False,10,False,52
BST-068,PROD-018,8,4,4,2.4590912885305967,0.6228749229667779,1,4.0,6.5,True,34,False,52
BST-068,PROD-019,65,0,65,51.96315460886233,11.652505723320433,1,19.2,71.2,True,317,False,382
BST-068,PROD-020,93,2,91,63.996737620847135,14.391367312052827,1,23.7,87.7,False,387,False,480
BST-068,PROD-021,57,4,53,47.4923904889978,11.450346749894543,1,18.9,66.4,True,289,False,346
BST-068,PROD-022,74,3,71,16.92514358302635,4.816159988147456,1,9.0,25.9,False,175,False,270
BST-068,PROD-023,39,2,37,14.472755169473468,3.911378339810365,1,8.0,22.5,False,174,False,231
BST-068,PROD-024,26,1,25,11.909454891610205,3.6112561009809894,1,7.0,18.9,False,149,False,192
BST-068,PROD-025,12,0,12,7.600908695101124,2.392308275371832,1,4.0,11.6,False,98,False,116
BST-068,PROD-026,25,5,20,6.05102302758957,1.6302634468323831,1,4.0,10.1,False,69,False,94
BST-068,PROD-027,18,3,15,4.9543617122468735,1.281536659988888,1,4.0,9.0,False,58,False,77
BST-068,PROD-028,22,0,22,4.836458851398026,1.2726142541981336,1,4.0,8.8,False,50,False,77
BST-068,PROD-029,15,2,13,3.6745350060531607,0.8946544508836728,1,4.0,7.7,False,41,False,56
BST-068,PROD-030,22,1,21,4.867230873097143,1.3745117909696942,1,4.0,8.9,False,51,False,77
BST-068,PROD-031,10,4,6,1.0119448880115258,0.011767813862523582,1,4.0,5.0,False,12,False,52
BST-068,PROD-032,15,3,12,1.004736387585633,0.01119269370201469,1,4.0,5.0,False,6,False,52
BST-068,PROD-033,15,0,15,1.0047284453812706,0.010094535826912604,1,4.0,5.0,False,3,False,52
BST-068,PROD-034,13,0,13,1.0035658041907334,0.009973283639544271,1,4.0,5.0,False,5,False,52
BST-068,PROD-035,39,5,34,0.0020415364137991924,0.00022057220398590387,1,4.0,4.0,False,0,True,52
BST-069,PROD-001,36,2,34,8.457770409529909,0.9153453477980892,1,4.0,12.5,False,88,False,126
BST-069,PROD-002,7,0,7,10.595605975471717,1.5646979184872774,1,6.0,16.6,True,147,False,161
BST-069,PROD-003,19,3,16,6.109942820729442,0.706611210649871,1,4.0,10.1,False,72,False,91
BST-069,PROD-004,0,0,0,13.942327994888776,2.1838727939824287,1,4.0,17.9,True,108,False,108
BST-069,PROD-005,0,0,0,17.59350124812366,2.519516834407702,1,5.0,22.6,True,136,False,136
BST-069,PROD-006,0,0,0,15.055364648537449,1.5978536090997801,1,4.0,19.1,True,116,False,116
BST-069,PROD-007,0,0,0,15.488511103046504,2.2451856065062414,1,4.0,19.5,True,108,False,108
BST-069,PROD-008,7,2,5,6.007006702378502,0.7364034489358329,1,4.0,10.0,True,83,False,91
BST-069,PROD-009,17,5,12,6.421855404649117,0.6570367812642577,1,4.0,10.4,False,81,False,98
BST-069,PROD-010,18,0,18,2.314459896243367,0.41909460603925225,1,4.0,6.3,False,18,False,52
BST-069,PROD-011,17,3,14,3.0458801608551105,0.44757759641344613,1,4.0,7.0,False,33,False,52
BST-069,PROD-012,7,0,7,3.6407283016127416,0.5478960200207983,1,4.0,7.6,True,45,False,52
BST-069,PROD-013,5,0,5,10.390018541200478,1.2611717931553672,1,4.0,14.4,True,47,False,52
BST-069,PROD-014,1,1,0,12.913768121251113,1.623121060656623,1,4.0,16.9,True,73,False,74
BST-069,PROD-015,0,0,0,7.127531819894168,0.9795385818804204,1,4.0,11.1,True,52,False,52
BST-069,PROD-016,7,0,7,1.954314443790192,0.1822459912561032,1,4.0,6.0,False,24,False,52
BST-069,PROD-017,13,1,12,1.0088334240168155,0.012188197142269134,1,4.0,5.0,False,6,False,52
BST-069,PROD-018,7,2,5,1.042063007025886,0.0782061527362067,1,4.0,5.0,False,14,False,52
BST-069,PROD-019,49,2,47,11.995090221203053,1.5048160260083754,1,6.0,18.0,False,127,False,178
BST-069,PROD-020,11,0,11,14.597635362827218,2.1084699058558134,1,8.0,22.6,True,201,False,224
BST-069,PROD-021,12,0,12,10.690234860492788,1.2698119408790611,1,6.0,16.7,True,144,False,161
BST-069,PROD-022,11,3,8,8.504440811734058,1.2938316879202796,1,4.0,12.5,True,115,False,126
BST-069,PROD-023,30,5,25,6.917521020222679,0.7602094374078997,1,4.0,10.9,False,76,False,108
BST-069,PROD-024,28,4,24,6.241350084646847,0.6553962367066144,1,4.0,10.2,False,63,False,91
BST-069,PROD-025,7,0,7,3.6150453293454166,0.583060893712787,1,4.0,7.6,True,45,False,52
BST-069,PROD-026,12,1,11,2.9608593298994985,0.364442909929359,1,4.0,7.0,False,34,False,52
BST-069,PROD-027,14,5,9,2.397150250383983,0.4385826398602144,1,4.0,6.4,False,29,False,52
BST-069,PROD-028,8,1,7,2.415777249773043,0.4406817349040987,1,4.0,6.4,False,31,False,52
BST-069,PROD-029,17,4,13,1.7919507580306158,0.2744045852628266,1,4.0,5.8,False,16,False,52
BST-069,PROD-030,14,4,10,2.322034875106486,0.3702185205604241,1,4.0,6.3,False,27,False,52
BST-069,PROD-031,16,3,13,1.0091784061261007,0.011092615031542777,1,4.0,5.0,False,5,False,52
BST-069,PROD-032,14,0,14,1.003359387213704,0.010067259260143555,1,4.0,5.0,False,4,False,52
BST-069,PROD-033,12,2,10,1.004714513324324,0.009767326793035599,1,4.0,5.0,False,8,False,52
BST-069,PROD-034,13,3,10,1.0037476501004667,0.009455419028709621,1,4.0,5.0,False,8,False,52
BST-069,PROD-035,39,2,37,0.0022527888717998284,0.00024096165712986348,1,4.0,4.0,False,0,True,52
BST-070,PROD-001,15,1,14,16.271184987216312,2.2133931196523595,1,7.0,23.3,True,185,False,200
BST-070,PROD-002,38,5,33,21.42111628586566,2.432036812439138,1,9.0,30.4,False,221,False,259
BST-070,PROD-003,6,4,2,11.569343865787081,1.3908972649950766,1,5.0,16.6,True,138,False,144
BST-070,PROD-004,12,4,8,14.77264588213101,2.277106162865723,1,6.0,20.8,True,160,False,172
BST-070,PROD-005,29,4,25,17.088748806718705,2.241835729102984,1,8.0,25.1,True,185,False,214
BST-070,PROD-006,0,0,0,16.56490328319067,2.3803701885174338,1,7.0,23.6,True,186,False,186
BST-070,PROD-007,37,0,37,14.285636790796977,2.043411896701918,1,6.0,20.3,False,135,False,172
BST-070,PROD-008,18,3,15,12.070056628585588,1.4843497944973416,1,5.0,17.1,True,126,False,144
BST-070,PROD-009,20,5,15,13.279306585215775,1.735215784883649,1,6.0,19.3,True,138,False,158
BST-070,PROD-010,8,2,6,4.791444670638566,0.572331511241241,1,4.0,8.8,True,48,False,56
BST-070,PROD-011,9,1,8,5.8718098668545045,0.8037545298956957,1,4.0,9.9,True,61,False,70
BST-070,PROD-012,26,4,22,7.049994570745768,1.0959581612831502,1,4.0,11.0,False,62,False,88
BST-070,PROD-013,18,4,14,7.22410706570887,0.9710788223411916,1,4.0,11.2,False,70,False,88
BST-070,PROD-014,5,2,3,9.392188561740582,1.112363037667157,1,4.0,13.4,True,111,False,116
BST-070,PROD-015,7,2,5,4.827648619751045,0.7650235064305276,1,4.0,8.8,True,49,False,56
BST-070,PROD-016,16,0,16,3.7223183809747913,0.542122161176521,1,4.0,7.7,False,36,False,52
BST-070,PROD-017,9,1,8,1.111332382083112,0.17268508844682948,1,4.0,5.1,False,12,False,52
BST-070,PROD-018,10,0,10,2.525234175540096,0.3103956968103414,1,4.0,6.5,False,29,False,52
BST-070,PROD-019,76,5,71,23.082097751052455,2.907008816437632,1,10.0,33.1,False,211,False,287
BST-070,PROD-020,59,5,54,30.426407656235288,4.253529772953775,1,13.0,43.4,False,298,False,357
BST-070,PROD-021,27,1,26,21.298769135802008,2.7277138217559354,1,9.0,30.3,True,232,False,259
BST-070,PROD-022,12,3,9,16.903879350959865,2.229791331237163,1,7.0,23.9,True,188,False,200
BST-070,PROD-023,21,1,20,14.104246604660494,1.8874968716372438,1,6.0,20.1,True,151,False,172
BST-070,PROD-024,14,5,9,11.890602913317853,1.6962175978085139,1,5.0,16.9,True,130,False,144
BST-070,PROD-025,5,2,3,7.015871719491206,0.8415459832337652,1,4.0,11.0,True,83,False,88
BST-070,PROD-026,15,1,14,5.738174609318301,0.8318356630245785,1,4.0,9.7,False,55,False,70
BST-070,PROD-027,16,0,16,4.8309332514092365,0.6243840834284422,1,4.0,8.8,False,40,False,56
BST-070,PROD-028,14,4,10,4.698675499951512,0.6291040611930694,1,4.0,8.7,False,42,False,56
BST-070,PROD-029,3,0,3,3.639678593669465,0.5454548484863037,1,4.0,7.6,True,49,False,52
BST-070,PROD-030,16,4,12,4.96806553405512,0.7197771065555474,1,4.0,9.0,False,40,False,56
BST-070,PROD-031,7,1,6,1.0115315357546444,0.01109616159785217,1,4.0,5.0,False,12,False,52
BST-070,PROD-032,14,3,11,1.0044551853440904,0.009939209241068295,1,4.0,5.0,False,7,False,52
BST-070,PROD-033,16,1,15,1.005452684890385,0.00959916647911947,1,4.0,5.0,False,3,False,52
BST-070,PROD-034,13,4,9,1.0040772697052067,0.009600130256850253,1,4.0,5.0,False,9,False,52
BST-070,PROD-035,39,4,35,0.0020436556700895673,0.00022070694544529533,1,4.0,4.0,False,0,True,52
BST-071,PROD-001,8,3,5,12.1475746522823,4.080917160124843,1,6.7,18.8,True,167,False,175
BST-071,PROD-002,13,1,12,15.145555880776064,4.87946930520494,1,8.1,23.2,True,208,False,224
BST-071,PROD-003,34,4,30,8.676451679902085,2.8472826168551024,1,4.7,13.4,False,88,False,122
BST-071,PROD-004,0,0,0,16.768894763849634,5.085055187107257,1,8.4,25.2,True,147,False,147
BST-071,PROD-005,0,0,0,21.117909061546005,7.480915275464566,1,12.3,33.4,True,186,False,186
BST-071,PROD-006,0,0,0,20.18377655949009,6.786883655594513,1,11.2,31.4,True,161,False,161
BST-071,PROD-007,0,0,0,22.26620648658005,6.8516710647321055,1,11.3,33.6,True,147,False,147
BST-071,PROD-008,22,3,19,17.54522873294233,5.42775020578525,1,9.0,26.5,True,100,False,122
BST-071,PROD-009,24,1,23,18.747031385174573,5.759800511357858,1,9.5,28.2,True,112,False,136
BST-071,PROD-010,5,0,5,3.5007901793241003,1.1758640290987867,1,4.0,7.5,True,47,False,52
BST-071,PROD-011,5,4,1,4.293008482031647,1.3603511313618244,1,4.0,8.3,True,58,False,63
BST-071,PROD-012,21,4,17,5.080727477806901,1.6876556416104063,1,4.0,9.1,False,53,False,74
BST-071,PROD-013,3,2,1,5.254266311224572,1.6771218591751837,1,4.0,9.3,True,71,False,74
BST-071,PROD-014,3,3,0,7.012093920356187,2.4113570059732607,1,4.0,11.0,True,95,False,98
BST-071,PROD-015,5,4,1,3.522668722941479,1.1041196955400583,1,4.0,7.5,True,47,False,52
BST-071,PROD-016,6,0,6,2.686024472278743,0.8579847371831525,1,4.0,6.7,True,36,False,52
BST-071,PROD-017,13,5,8,1.0094110876984588,0.01590104733584594,1,4.0,5.0,False,10,False,52
BST-071,PROD-018,8,1,7,1.8062747452734367,0.48590647099127565,1,4.0,5.8,False,22,False,52
BST-071,PROD-019,9,3,6,17.40971866222888,5.534325239596971,1,9.1,26.5,True,239,False,248
BST-071,PROD-020,57,3,54,21.90091494615291,7.524147100925636,1,12.4,34.3,False,251,False,308
BST-071,PROD-021,16,1,15,15.786889457444158,5.046428729274363,1,8.3,24.1,True,208,False,224
BST-071,PROD-022,24,1,23,12.099537245933758,3.9948050294043624,1,6.6,18.7,False,151,False,175
BST-071,PROD-023,5,2,3,10.503612678717772,3.485562448513149,1,5.8,16.3,True,142,False,147
BST-071,PROD-024,23,5,18,8.889953621440602,2.993584855554521,1,4.9,13.8,False,99,False,122
BST-071,PROD-025,22,5,17,5.246612414258071,1.803177859458884,1,4.0,9.2,False,52,False,74
BST-071,PROD-026,12,4,8,4.275321763471665,1.4652618716179735,1,4.0,8.3,True,51,False,63
BST-071,PROD-027,10,4,6,3.5555754645049604,1.1242189108245073,1,4.0,7.6,True,42,False,52
BST-071,PROD-028,9,3,6,3.378608152117672,1.079588630758473,1,4.0,7.4,True,43,False,52
BST-071,PROD-029,8,4,4,2.742088969893364,0.8575798879218898,1,4.0,6.7,True,38,False,52
BST-071,PROD-030,10,4,6,3.5111923450141673,1.0961338663497915,1,4.0,7.5,True,42,False,52
BST-071,PROD-031,12,1,11,1.0083493779051576,0.016917766980523368,1,4.0,5.0,False,7,False,52
BST-071,PROD-032,14,5,9,1.000920857813793,0.015507950628801942,1,4.0,5.0,False,9,False,52
BST-071,PROD-033,14,3,11,1.0029236394289671,0.014089542921863813,1,4.0,5.0,False,7,False,52
BST-071,PROD-034,13,0,13,1.0013885980863788,0.01406950403696374,1,4.0,5.0,False,5,False,52
BST-071,PROD-035,39,2,37,0.0021070100820259033,0.0002282949674363112,1,4.0,4.0,False,0,True,52
BST-072,PROD-001,37,2,35,10.02389154715974,3.2242851862595767,1,5.3,15.3,False,107,False,144
BST-072,PROD-002,22,0,22,13.037783209436922,4.4509310700599665,1,7.3,20.3,False,164,False,186
BST-072,PROD-003,23,1,22,7.2023799871407,2.4004499833477664,1,4.0,11.2,False,79,False,102
BST-072,PROD-004,0,0,0,15.675807821066527,5.121417434610451,1,8.5,24.2,True,122,False,122
BST-072,PROD-005,0,0,0,17.936647151568256,6.388898548049364,1,10.5,28.4,True,154,False,154
BST-072,PROD-006,0,0,0,15.510395989534903,4.688791243427357,1,7.7,23.2,True,133,False,133
BST-072,PROD-007,15,2,13,17.807998192421362,5.385022246490245,1,8.9,26.7,True,107,False,122
BST-072,PROD-008,0,0,0,13.91644048496104,4.084953143138409,1,6.7,20.6,True,102,False,102
BST-072,PROD-009,0,0,0,16.38463035368527,4.836666222339593,1,8.0,24.4,True,112,False,112
BST-072,PROD-010,4,4,0,2.880320297828438,0.9615605232168247,1,4.0,6.9,True,44,False,52
BST-072,PROD-011,15,3,12,3.613225557234449,1.1178425179063476,1,4.0,7.6,False,37,False,52
BST-072,PROD-012,7,4,3,4.3593266085831495,1.4477120758946864,1,4.0,8.4,True,56,False,63
BST-072,PROD-013,17,5,12,4.340971133784346,1.4983941675890087,1,4.0,8.3,False,46,False,63
BST-072,PROD-014,18,3,15,5.852112925445892,2.127897454855316,1,4.0,9.9,False,66,False,84
BST-072,PROD-015,12,4,8,2.8139027107878083,0.9591068571835056,1,4.0,6.8,False,35,False,52
BST-072,PROD-016,11,3,8,2.27000029383673,0.7835089295769943,1,4.0,6.3,False,28,False,52
BST-072,PROD-017,13,5,8,1.0074078217083504,0.017356269839788035,1,4.0,5.0,False,10,False,52
BST-072,PROD-018,7,5,2,1.5357477896582759,0.33382187959162113,1,4.0,5.5,True,24,False,52
BST-072,PROD-019,7,2,5,14.888034367497436,5.224846113606533,1,8.6,23.5,True,199,False,206
BST-072,PROD-020,64,4,60,18.50207891095841,6.31446046135218,1,10.4,28.9,False,192,False,256
BST-072,PROD-021,9,4,5,12.942255399740251,4.332877634499959,1,7.1,20.0,True,177,False,186
BST-072,PROD-022,40,2,38,9.63118578131883,3.3045643887674663,1,5.5,15.1,False,102,False,144
BST-072,PROD-023,1,1,0,8.840446836019062,3.0089060249528026,1,5.0,13.8,True,121,False,122
BST-072,PROD-024,11,1,10,7.302174423171517,2.531666662466538,1,4.2,11.5,True,91,False,102
BST-072,PROD-025,15,5,10,4.364448186385096,1.4980638045739767,1,4.0,8.4,False,48,False,63
BST-072,PROD-026,7,0,7,3.779398600090557,1.2358513140691463,1,4.0,7.8,True,45,False,52
BST-072,PROD-027,5,4,1,2.9252874861387665,0.9806853940799551,1,4.0,6.9,True,44,False,52
BST-072,PROD-028,17,5,12,2.927997738742632,0.9421224492063474,1,4.0,6.9,False,33,False,52
BST-072,PROD-029,3,3,0,2.185571379300336,0.7553739163309654,1,4.0,6.2,True,35,False,52
BST-072,PROD-030,4,4,0,2.853224211802908,0.8824302516474213,1,4.0,6.9,True,44,False,52
BST-072,PROD-031,7,3,4,1.0054855901328605,0.02104946130266135,1,4.0,5.0,True,14,False,52
BST-072,PROD-032,11,3,8,0.998098900599822,0.019326373890975586,1,4.0,5.0,False,10,False,52
BST-072,PROD-033,16,1,15,1.002248956419227,0.015206122141854328,1,4.0,5.0,False,3,False,52
BST-072,PROD-034,13,2,11,1.0007151244903645,0.015196938417306212,1,4.0,5.0,False,7,False,52
BST-072,PROD-035,39,0,39,0.0023221533318722896,0.0002507508123470303,1,4.0,4.0,False,0,True,52
BST-073,PROD-001,40,4,36,29.9117338381804,7.112799495026865,1,11.7,41.6,True,149,False,189
BST-073,PROD-002,35,4,31,39.5060213889359,8.258081167161935,1,13.6,53.1,True,210,False,245
BST-073,PROD-003,29,0,29,21.14671520276439,4.339655644789837,1,7.2,28.3,False,107,False,136
BST-073,PROD-004,27,4,23,11.088639848072289,2.6763738982442438,1,6.0,17.1,False,137,False,164
BST-073,PROD-005,19,0,19,13.502078091901451,3.970825533873333,1,7.0,20.5,True,177,False,203
BST-073,PROD-006,27,1,26,12.27199556339412,3.1125772680057344,1,6.0,18.3,False,148,False,175
BST-073,PROD-007,10,4,6,10.513438461742448,3.039691896154497,1,6.0,16.5,True,147,False,164
BST-073,PROD-008,27,1,26,8.563343610392504,2.31635453107179,1,5.0,13.6,False,99,False,136
BST-073,PROD-009,20,0,20,9.653787903975106,2.541681890806613,1,5.0,14.7,False,120,False,150
BST-073,PROD-010,19,3,16,3.4672956695694817,1.0104417358157314,1,4.0,7.5,False,37,False,56
BST-073,PROD-011,23,1,22,4.3137442236164025,1.1797598123021704,1,4.0,8.3,False,42,False,66
BST-073,PROD-012,5,4,1,5.22277758602091,1.4265825279285573,1,4.0,9.2,True,75,False,80
BST-073,PROD-013,24,0,24,5.317081452151547,1.4687566945927373,1,4.0,9.3,False,54,False,80
BST-073,PROD-014,13,3,10,6.937955892944698,1.7602773319164582,1,4.0,10.9,True,91,False,108
BST-073,PROD-015,18,0,18,3.3544682893308035,1.0005962970791742,1,4.0,7.4,False,33,False,56
BST-073,PROD-016,10,0,10,2.70941270110727,0.647001975133333,1,4.0,6.7,False,32,False,52
BST-073,PROD-017,13,1,12,1.0057128334329115,0.017289470246185167,1,4.0,5.0,False,6,False,52
BST-073,PROD-018,5,2,3,1.5225483164691436,0.44878969697286164,1,4.0,5.5,True,22,False,52
BST-073,PROD-019,18,3,15,37.42232608712199,8.840149021130468,1,14.6,52.0,True,255,False,273
BST-073,PROD-020,17,1,16,45.871297347364084,10.560435151303418,1,17.4,63.3,True,323,False,340
BST-073,PROD-021,50,1,49,33.06082252487819,7.88489617204255,1,13.0,46.1,False,195,False,245
BST-073,PROD-022,50,0,50,11.95496620982436,3.2486742954500976,1,7.0,19.0,False,124,False,189
BST-073,PROD-023,12,1,11,10.271286386587704,2.766550541999682,1,6.0,16.3,True,139,False,164
BST-073,PROD-024,27,1,26,8.59507918506994,2.47246391818805,1,5.0,13.6,False,99,False,136
BST-073,PROD-025,16,3,13,5.187457483467358,1.6170360956968084,1,4.0,9.2,False,64,False,80
BST-073,PROD-026,18,4,14,4.316068740638188,1.133794277252086,1,4.0,8.3,False,48,False,66
BST-073,PROD-027,16,1,15,3.4306096414694163,1.0256028789533214,1,4.0,7.4,False,37,False,56
BST-073,PROD-028,7,4,3,3.376080279992426,0.9995192869001662,1,4.0,7.4,True,48,False,56
BST-073,PROD-029,17,5,12,2.6610423141352753,0.7381070093106691,1,4.0,6.7,False,29,False,52
BST-073,PROD-030,10,4,6,3.4605286733737386,1.0612958517213253,1,4.0,7.5,True,46,False,56
BST-073,PROD-031,7,4,3,1.006265177776467,0.01641872738675955,1,4.0,5.0,True,15,False,52
BST-073,PROD-032,4,1,3,1.0009249446326252,0.01564736957913022,1,4.0,5.0,True,15,False,52
BST-073,PROD-033,15,5,10,1.000390470784509,0.012476498933644187,1,4.0,5.0,False,8,False,52
BST-073,PROD-034,13,0,13,0.9999961277129762,0.011589800965736504,1,4.0,5.0,False,5,False,52
BST-073,PROD-035,39,0,39,0.0024769740336426037,0.0002638131969083905,1,4.0,4.0,False,0,True,52
BST-074,PROD-001,45,5,40,41.85246402851334,8.813375296873998,1,14.5,56.4,True,217,False,262
BST-074,PROD-002,50,0,50,53.91816524143257,11.505042930020927,1,19.0,72.9,True,290,False,340
BST-074,PROD-003,29,5,24,28.535326626778332,6.178387150736011,1,10.2,38.7,True,160,False,189
BST-074,PROD-004,42,0,42,14.970549480279788,4.446321795677822,1,8.0,23.0,False,176,False,224
BST-074,PROD-005,0,0,0,18.312725375484103,5.375786915829166,1,10.0,28.3,True,266,False,284
BST-074,PROD-006,0,0,0,15.854248263780581,4.810719058142915,1,9.0,24.9,True,231,False,245
BST-074,PROD-007,36,3,33,14.001275234509766,3.9830740211599194,1,8.0,22.0,False,171,False,224
BST-074,PROD-008,58,0,58,11.80506884143499,2.6305962834428946,1,7.0,18.8,False,114,False,189
BST-074,PROD-009,69,1,68,13.171128745100813,3.4800375538890234,1,7.0,20.2,False,123,False,206
BST-074,PROD-010,16,4,12,4.852055987041392,1.1741844198798466,1,4.0,8.9,False,58,False,74
BST-074,PROD-011,16,4,12,5.816966715294057,1.5466648207847542,1,4.0,9.8,False,73,False,94
BST-074,PROD-012,13,2,11,7.175596739583871,1.8325329862879363,1,4.0,11.2,True,93,False,112
BST-074,PROD-013,16,3,13,7.23260140299896,2.0367485390043316,1,4.0,11.2,False,92,False,112
BST-074,PROD-014,31,4,27,9.543029675834944,2.644556183530014,1,5.0,14.5,False,112,False,150
BST-074,PROD-015,6,0,6,4.83590527370484,1.3385732851887895,1,4.0,8.8,True,66,False,74
BST-074,PROD-016,18,0,18,3.632539034483211,1.0331609500363,1,4.0,7.6,False,37,False,56
BST-074,PROD-017,10,5,5,1.2170762942756082,0.31096624306479753,1,4.0,5.2,True,16,False,52
BST-074,PROD-018,14,1,13,2.4898348094852927,0.7273714468196556,1,4.0,6.5,False,26,False,52
BST-074,PROD-019,10,3,7,51.360860658739625,11.47656525475746,1,18.9,70.3,True,364,False,374
BST-074,PROD-020,4,0,4,63.51115644046638,13.90112819515017,1,22.9,86.4,True,465,False,469
BST-074,PROD-021,6,2,4,47.50452000523116,10.97116642971264,1,18.1,65.6,True,334,False,340
BST-074,PROD-022,32,2,30,16.334880906232772,4.142619175453544,1,9.0,25.3,False,208,False,262
BST-074,PROD-023,29,4,25,14.140758442858596,4.000993186472321,1,8.0,22.1,False,181,False,224
BST-074,PROD-024,38,2,36,12.076689499261798,3.1880131721588536,1,7.0,19.1,False,140,False,189
BST-074,PROD-025,36,3,33,7.142315764459639,1.6784537460952864,1,4.0,11.1,False,71,False,112
BST-074,PROD-026,32,5,27,5.981957308058307,1.5385230305452708,1,4.0,10.0,False,61,False,94
BST-074,PROD-027,16,3,13,4.572570709876124,1.2588510227479397,1,4.0,8.6,False,55,False,74
BST-074,PROD-028,12,3,9,4.759897457690149,1.2933834524142178,1,4.0,8.8,False,62,False,74
BST-074,PROD-029,6,1,5,3.5733650093455367,1.0859777669109414,1,4.0,7.6,True,49,False,56
BST-074,PROD-030,5,2,3,4.65337002230541,1.3325020961270502,1,4.0,8.7,True,66,False,74
BST-074,PROD-031,12,2,10,1.0125158633539892,0.012386846089543473,1,4.0,5.0,False,8,False,52
BST-074,PROD-032,14,4,10,1.005398349800011,0.011918102140728156,1,4.0,5.0,False,8,False,52
BST-074,PROD-033,15,5,10,1.0047220488350879,0.01032504625712538,1,4.0,5.0,False,8,False,52
BST-074,PROD-034,13,1,12,1.0036557324985773,0.010233886747863815,1,4.0,5.0,False,6,False,52
BST-074,PROD-035,39,2,37,0.0020419781336000306,0.00022059131084069389,1,4.0,4.0,False,0,True,52
BST-075,PROD-001,8,1,7,5.404384799532356,0.6099623315045486,1,4.0,9.4,True,72,False,80
BST-075,PROD-002,30,0,30,7.097686992582488,0.8102885129384061,1,4.0,11.1,False,73,False,105
BST-075,PROD-003,6,3,3,3.9669379804980545,0.5459403089143632,1,4.0,8.0,True,54,False,60
BST-075,PROD-004,0,0,0,9.625936673675332,1.0401818377152647,1,4.0,13.6,True,70,False,70
BST-075,PROD-005,0,0,0,11.436800029858986,1.3045409878892098,1,4.0,15.4,True,88,False,88
BST-075,PROD-006,0,0,0,10.155815996019925,1.3860035183285933,1,4.0,14.2,True,77,False,77
BST-075,PROD-007,10,3,7,10.20378584032801,1.285964303849001,1,4.0,14.2,True,60,False,70
BST-075,PROD-008,12,1,11,4.009700180774176,0.5793709032869008,1,4.0,8.0,False,48,False,60
BST-075,PROD-009,19,4,15,4.298768742675294,0.5868066834592678,1,4.0,8.3,False,44,False,63
BST-075,PROD-010,16,2,14,1.4242571212390553,0.3637761288059983,1,4.0,5.4,False,10,False,52
BST-075,PROD-011,10,0,10,2.042690556728375,0.21515772711155007,1,4.0,6.0,False,23,False,52
BST-075,PROD-012,8,3,5,2.338562148088035,0.4013856662915639,1,4.0,6.3,True,32,False,52
BST-075,PROD-013,6,0,6,6.993462145408044,1.0320115566638999,1,4.0,11.0,True,46,False,52
BST-075,PROD-014,5,1,4,9.485878566530932,1.2431480089120157,1,4.0,13.5,True,47,False,52
BST-075,PROD-015,6,4,2,4.78882473810551,0.6104519546266983,1,4.0,8.8,True,46,False,52
BST-075,PROD-016,18,0,18,1.0402800876237255,0.09165526799631749,1,4.0,5.0,False,1,False,52
BST-075,PROD-017,13,4,9,1.0033080621410801,0.012340543839230628,1,4.0,5.0,False,9,False,52
BST-075,PROD-018,13,1,12,1.0054856424523118,0.013659249194940454,1,4.0,5.0,False,6,False,52
BST-075,PROD-019,34,4,30,7.672577631430307,0.9873502747741971,1,4.0,11.7,False,81,False,116
BST-075,PROD-020,32,1,31,9.57134284328644,1.5845867368945612,1,5.0,14.6,False,108,False,147
BST-075,PROD-021,23,1,22,6.927853736561829,0.9181403616682937,1,4.0,10.9,False,79,False,105
BST-075,PROD-022,13,5,8,5.327689242137681,0.8294733384188615,1,4.0,9.3,True,67,False,80
BST-075,PROD-023,9,1,8,4.606481840400348,0.7023889630862227,1,4.0,8.6,True,60,False,70
BST-075,PROD-024,10,1,9,3.9003132495225326,0.532199836448121,1,4.0,7.9,False,50,False,60
BST-075,PROD-025,4,0,4,2.408968200287751,0.39055242398595935,1,4.0,6.4,True,34,False,52
BST-075,PROD-026,16,0,16,2.01639313774977,0.10341992763721869,1,4.0,6.0,False,16,False,52
BST-075,PROD-027,5,3,2,1.5135153778328234,0.3713583173503062,1,4.0,5.5,True,23,False,52
BST-075,PROD-028,14,3,11,1.4416175059721623,0.32448082971939723,1,4.0,5.4,False,13,False,52
BST-075,PROD-029,17,3,14,1.0417994479292083,0.07835032814249228,1,4.0,5.0,False,5,False,52
BST-075,PROD-030,16,0,16,1.4843241502871456,0.3633823826537124,1,4.0,5.5,False,9,False,52
BST-075,PROD-031,12,1,11,1.003612553756137,0.011213994467754052,1,4.0,5.0,False,7,False,52
BST-075,PROD-032,8,3,5,0.9986005184166166,0.010418759057480633,1,4.0,5.0,False,13,False,52
BST-075,PROD-033,13,2,11,1.0001903803436036,0.010004263472954028,1,4.0,5.0,False,7,False,52
BST-075,PROD-034,13,1,12,0.9991614647173837,0.009633213386640934,1,4.0,5.0,False,6,False,52
BST-075,PROD-035,39,1,38,0.002476365925568631,0.00026316529826324645,1,4.0,4.0,False,0,True,52
BST-076,PROD-001,42,2,40,10.078491919188279,1.561087988625186,1,5.0,15.1,False,105,False,147
BST-076,PROD-002,11,2,9,12.43817358218696,1.4893216601236658,1,7.0,19.4,True,172,False,186
BST-076,PROD-003,10,2,8,6.852882311948902,0.8544771446335135,1,4.0,10.9,True,92,False,105
BST-076,PROD-004,0,0,0,15.929280251303444,2.27179958009651,1,4.0,19.9,True,126,False,126
BST-076,PROD-005,0,0,0,19.89361009100677,2.564513928021959,1,6.0,25.9,True,154,False,154
BST-076,PROD-006,6,4,2,17.710656939739668,2.4110402012426664,1,5.0,22.7,True,130,False,136
BST-076,PROD-007,15,0,15,18.290015713127747,2.3918250793728273,1,4.0,22.3,True,111,False,126
BST-076,PROD-008,9,0,9,7.04018721587462,1.0653067574867867,1,4.0,11.0,True,94,False,105
BST-076,PROD-009,26,5,21,7.477845127038612,1.0500106883202793,1,4.0,11.5,False,88,False,116
BST-076,PROD-010,7,1,6,2.5518292720098996,0.4284575371857963,1,4.0,6.6,True,34,False,52
BST-076,PROD-011,6,2,4,3.4725262595811652,0.44626975119121803,1,4.0,7.5,True,46,False,52
BST-076,PROD-012,12,5,7,4.153794534949221,0.6106417516620084,1,4.0,8.2,True,51,False,63
BST-076,PROD-013,4,0,4,11.23405916609231,1.4624130055491025,1,4.0,15.2,True,59,False,63
BST-076,PROD-014,0,0,0,14.145283274105184,0.9294386370063408,1,4.0,18.1,True,84,False,84
BST-076,PROD-015,7,0,7,8.00463423926233,0.8134171620663495,1,4.0,12.0,True,45,False,52
BST-076,PROD-016,11,1,10,2.1634182044492927,0.2448773480962425,1,4.0,6.2,False,24,False,52
BST-076,PROD-017,13,3,10,1.0107696176176557,0.012389265150590988,1,4.0,5.0,False,8,False,52
BST-076,PROD-018,8,5,3,1.2238923299375308,0.265742964198514,1,4.0,5.2,True,18,False,52
BST-076,PROD-019,17,0,17,13.877666565460354,2.0730250693743066,1,7.0,20.9,True,184,False,206
BST-076,PROD-020,76,2,74,17.187943918172653,2.579617363137396,1,9.0,26.2,False,176,False,259
BST-076,PROD-021,44,3,41,12.66929391450205,1.7388437636512626,1,7.0,19.7,False,142,False,186
BST-076,PROD-022,27,5,22,9.83714417147613,1.209104153375316,1,5.0,14.8,False,120,False,147
BST-076,PROD-023,17,5,12,8.350518505930447,1.034346193605213,1,4.0,12.4,True,109,False,126
BST-076,PROD-024,30,0,30,6.974112788621421,0.7999648267954171,1,4.0,11.0,False,72,False,105
BST-076,PROD-025,14,0,14,4.326964380112001,0.8088891194680282,1,4.0,8.3,False,49,False,63
BST-076,PROD-026,12,4,8,3.527031838195747,0.4130267281475357,1,4.0,7.5,False,40,False,52
BST-076,PROD-027,17,0,17,2.852042125929349,0.5089422345119844,1,4.0,6.9,False,27,False,52
BST-076,PROD-028,18,0,18,2.811124079324166,0.48345040342976753,1,4.0,6.8,False,25,False,52
BST-076,PROD-029,4,0,4,2.0846039750538945,0.17281485649411424,1,4.0,6.1,True,29,False,52
BST-076,PROD-030,5,0,5,2.8510964653843236,0.3733472794583145,1,4.0,6.9,True,39,False,52
BST-076,PROD-031,15,2,13,1.0105800485617167,0.011060384016545091,1,4.0,5.0,False,5,False,52
BST-076,PROD-032,5,0,5,1.0039765911568872,0.009857165240476048,1,4.0,5.0,False,13,False,52
BST-076,PROD-033,5,1,4,1.0051651277531581,0.00971969549587916,1,4.0,5.0,True,14,False,52
BST-076,PROD-034,13,0,13,1.0036950937329159,0.009585414015899785,1,4.0,5.0,False,5,False,52
BST-076,PROD-035,39,0,39,0.002146368810843662,0.0002316346232735456,1,4.0,4.0,False,0,True,52
BST-077,PROD-001,8,3,5,15.513602559461365,2.121773666537876,1,7.0,22.5,True,178,False,186
BST-077,PROD-002,33,1,32,19.161037423178737,2.4953079106786915,1,8.0,27.2,False,205,False,238
BST-077,PROD-003,2,2,0,11.436437935869412,1.4583475697842876,1,5.0,16.4,True,131,False,133
BST-077,PROD-004,13,0,13,14.206842200013279,2.105657046160173,1,6.0,20.2,True,145,False,158
BST-077,PROD-005,0,0,0,16.957129845995006,3.135249480298396,1,7.0,24.0,True,200,False,200
BST-077,PROD-006,8,5,3,15.481191185756643,2.160402511009454,1,6.0,21.5,True,164,False,172
BST-077,PROD-007,41,0,41,13.339558793326413,1.6102164272188,1,6.0,19.3,False,117,False,158
BST-077,PROD-008,31,3,28,10.854658419532168,1.6411556013534514,1,5.0,15.9,False,102,False,133
BST-077,PROD-009,34,0,34,12.136408741242718,1.8031244191508546,1,5.0,17.1,False,113,False,147
BST-077,PROD-010,10,1,9,4.3043017895855025,0.7158932205965434,1,4.0,8.3,False,42,False,52
BST-077,PROD-011,4,1,3,5.378730509914457,0.908506842091229,1,4.0,9.4,True,62,False,66
BST-077,PROD-012,4,2,2,6.794652597827212,0.8951400891688934,1,4.0,10.8,True,76,False,80
BST-077,PROD-013,24,0,24,6.735199827943979,0.8536141951706697,1,4.0,10.7,False,56,False,80
BST-077,PROD-014,10,4,6,9.036135904061455,0.989528673774976,1,4.0,13.0,True,95,False,105
BST-077,PROD-015,5,5,0,4.366493252204016,0.6408068908324546,1,4.0,8.4,True,47,False,52
BST-077,PROD-016,12,0,12,3.2614940048609973,0.47495404150817305,1,4.0,7.3,False,38,False,52
BST-077,PROD-017,11,3,8,1.0113319702530625,0.012778160415885835,1,4.0,5.0,False,10,False,52
BST-077,PROD-018,14,4,10,2.225179693769498,0.3282633705903707,1,4.0,6.2,False,25,False,52
BST-077,PROD-019,61,0,61,21.79350105175615,3.302657583635401,1,9.0,30.8,False,205,False,266
BST-077,PROD-020,11,4,7,27.464187416852155,3.5916862085066845,1,12.0,39.5,True,318,False,329
BST-077,PROD-021,17,1,16,18.816897182216785,2.5036152697756524,1,8.0,26.8,True,221,False,238
BST-077,PROD-022,16,0,16,15.807287529090006,2.1871139699595212,1,7.0,22.8,True,170,False,186
BST-077,PROD-023,32,2,30,13.143231750738385,1.8324620444893511,1,6.0,19.1,False,126,False,158
BST-077,PROD-024,8,3,5,10.608843093993409,1.5257775614116058,1,5.0,15.6,True,125,False,133
BST-077,PROD-025,18,2,16,6.882823331408287,0.9973960336241211,1,4.0,10.9,False,62,False,80
BST-077,PROD-026,16,4,12,5.552588283053105,0.7401267239508066,1,4.0,9.6,False,50,False,66
BST-077,PROD-027,12,3,9,4.342340414817448,0.6841395921611317,1,4.0,8.3,False,40,False,52
BST-077,PROD-028,4,2,2,4.391465511122709,0.5476684420858147,1,4.0,8.4,True,48,False,52
BST-077,PROD-029,14,5,9,3.486633106986527,0.4524849068480254,1,4.0,7.5,False,38,False,52
BST-077,PROD-030,15,0,15,4.424230069165946,0.6920060560325285,1,4.0,8.4,False,37,False,52
BST-077,PROD-031,11,2,9,1.0117335547454605,0.011169225250876295,1,4.0,5.0,False,9,False,52
BST-077,PROD-032,17,4,13,1.0044960737673192,0.01013244275564748,1,4.0,5.0,False,5,False,52
BST-077,PROD-033,4,4,0,1.0053493643526947,0.009747609379920847,1,4.0,5.0,True,18,False,52
BST-077,PROD-034,13,1,12,1.0039489061749227,0.009655698960888554,1,4.0,5.0,False,6,False,52
BST-077,PROD-035,39,3,36,0.001993481570525092,0.00021535009718165904,1,4.0,4.0,False,0,True,52
BST-078,PROD-001,30,0,30,13.533144863593703,4.48190886693126,1,7.4,20.9,False,166,False,196
BST-078,PROD-002,24,4,20,17.44618386531808,5.53470677725085,1,9.1,26.5,True,228,False,252
BST-078,PROD-003,26,1,25,10.179797578164917,3.408305415355467,1,5.6,15.8,False,114,False,140
BST-078,PROD-004,0,0,0,19.222682304929062,6.212239824017257,1,10.3,29.5,True,168,False,168
BST-078,PROD-005,0,0,0,24.5734801394837,8.470796471226732,1,14.0,38.6,True,210,False,210
BST-078,PROD-006,0,0,0,21.81447419217942,7.390932561446072,1,12.2,34.0,True,182,False,182
BST-078,PROD-007,26,3,23,23.734170879247525,6.912679060614571,1,11.4,35.1,True,142,False,168
BST-078,PROD-008,0,0,0,19.41640178526406,5.811761445323501,1,9.6,29.0,True,140,False,140
BST-078,PROD-009,0,0,0,21.512916253026777,6.6188382867027205,1,10.9,32.4,True,154,False,154
BST-078,PROD-010,5,3,2,3.969628408710896,1.298405981039485,1,4.0,8.0,True,51,False,56
BST-078,PROD-011,13,1,12,4.9277918550625355,1.6324518281901919,1,4.0,8.9,False,57,False,70
BST-078,PROD-012,6,2,4,5.983420889362951,2.016329229154259,1,4.0,10.0,True,78,False,84
BST-078,PROD-013,22,2,20,5.971219980764151,2.0351660376384704,1,4.0,10.0,False,62,False,84
BST-078,PROD-014,19,4,15,8.015253089232045,2.641222228196621,1,4.4,12.4,False,93,False,112
BST-078,PROD-015,13,0,13,3.861329496060685,1.270441595516328,1,4.0,7.9,False,43,False,56
BST-078,PROD-016,17,0,17,2.892116730215502,0.9073709208770219,1,4.0,6.9,False,27,False,52
BST-078,PROD-017,13,0,13,1.0130497892650017,0.015022998219397982,1,4.0,5.0,False,5,False,52
BST-078,PROD-018,14,4,10,1.9301374649225367,0.5755507624212586,1,4.0,5.9,False,21,False,52
BST-078,PROD-019,51,5,46,19.555157179445597,6.737385182572702,1,11.1,30.7,False,229,False,280
BST-078,PROD-020,43,4,39,24.727340578831534,8.214013216943268,1,13.6,38.3,False,307,False,350
BST-078,PROD-021,61,0,61,17.615894104014327,5.81995160125233,1,9.6,27.2,False,191,False,252
BST-078,PROD-022,20,1,19,13.79944383349496,4.82949424042463,1,8.0,21.8,True,176,False,196
BST-078,PROD-023,30,1,29,11.541144334196767,3.836864027064295,1,6.3,17.8,False,138,False,168
BST-078,PROD-024,28,4,24,9.53062329072205,3.1702850655700687,1,5.2,14.7,False,112,False,140
BST-078,PROD-025,9,2,7,5.701986815656853,1.857475314012263,1,4.0,9.7,True,75,False,84
BST-078,PROD-026,15,1,14,4.909535296368436,1.5473690549080952,1,4.0,8.9,False,55,False,70
BST-078,PROD-027,14,2,12,3.8730469076540044,1.2839522593466353,1,4.0,7.9,False,42,False,56
BST-078,PROD-028,3,3,0,3.947639350144013,1.2831757442749423,1,4.0,7.9,True,53,False,56
BST-078,PROD-029,4,3,1,3.0299551359459302,0.9754760106665409,1,4.0,7.0,True,45,False,52
BST-078,PROD-030,17,4,13,3.7399864972229424,1.2147743924966508,1,4.0,7.7,False,39,False,56
BST-078,PROD-031,10,4,6,1.0122036394374183,0.014834827043461878,1,4.0,5.0,False,12,False,52
BST-078,PROD-032,7,5,2,1.0047103326575781,0.01377889401967273,1,4.0,5.0,True,16,False,52
BST-078,PROD-033,11,1,10,1.0066671595653671,0.012650132563909167,1,4.0,5.0,False,8,False,52
BST-078,PROD-034,13,4,9,1.0051855536392693,0.012614808404698101,1,4.0,5.0,False,9,False,52
BST-078,PROD-035,39,3,36,0.002513163082288448,0.00027274434801435654,1,4.0,4.0,False,0,True,52
BST-079,PROD-001,31,1,30,34.76939915260701,7.625298654217385,1,12.6,47.4,True,200,False,231
BST-079,PROD-002,38,0,38,45.44456754091637,9.477937903548918,1,15.6,61.0,True,260,False,298
BST-079,PROD-003,22,4,18,26.935322556561633,6.089960154893052,1,10.0,36.9,True,142,False,164
BST-079,PROD-004,0,0,0,12.567222310836586,3.168044386820769,1,7.0,19.6,True,183,False,196
BST-079,PROD-005,0,0,0,16.521034489806002,5.149250254076731,1,9.0,25.5,True,240,False,248
BST-079,PROD-006,34,0,34,14.876982029435412,4.944943073547407,1,8.2,23.1,False,180,False,214
BST-079,PROD-007,58,2,56,12.659994882452125,3.370712908384675,1,7.0,19.7,False,128,False,196
BST-079,PROD-008,35,4,31,10.80382087905332,3.1014490120388465,1,6.0,16.8,False,126,False,164
BST-079,PROD-009,23,5,18,11.555909046257492,2.99907383256919,1,6.0,17.6,False,150,False,182
BST-079,PROD-010,11,4,7,4.230129892750985,1.1314756715733958,1,4.0,8.2,True,55,False,66
BST-079,PROD-011,22,4,18,5.163490650771009,1.5129635592506943,1,4.0,9.2,False,58,False,84
BST-079,PROD-012,10,1,9,6.146787266798567,1.5577093417018486,1,4.0,10.1,True,81,False,98
BST-079,PROD-013,11,5,6,6.313660974040585,1.7378568057035662,1,4.0,10.3,True,86,False,98
BST-079,PROD-014,42,2,40,8.53012389059363,2.1670194620082133,1,5.0,13.5,False,84,False,133
BST-079,PROD-015,16,4,12,4.289164400051842,1.1821677429221529,1,4.0,8.3,False,50,False,66
BST-079,PROD-016,16,0,16,3.223322552827835,0.9525036531224624,1,4.0,7.2,False,33,False,52
BST-079,PROD-017,6,3,3,1.1161070085117115,0.2021708212248332,1,4.0,5.1,True,17,False,52
BST-079,PROD-018,10,3,7,2.152097080417382,0.5439944775457627,1,4.0,6.2,False,27,False,52
BST-079,PROD-019,66,5,61,45.16951072677314,10.697965341788949,1,17.7,62.9,True,263,False,329
BST-079,PROD-020,72,2,70,56.303210248554066,13.89939430229417,1,22.9,79.2,True,341,False,413
BST-079,PROD-021,48,0,48,41.68978109549393,10.100391884098164,1,16.7,58.4,True,250,False,298
BST-079,PROD-022,68,5,63,14.6223428336723,4.063340166080083,1,8.0,22.6,False,150,False,231
BST-079,PROD-023,18,0,18,12.185230916813685,3.1934777709069357,1,7.0,19.2,True,160,False,196
BST-079,PROD-024,20,2,18,10.18224405549891,2.8119675706600256,1,6.0,16.2,False,131,False,164
BST-079,PROD-025,24,0,24,6.219009688570607,1.6264958311555275,1,4.0,10.2,False,67,False,98
BST-079,PROD-026,26,2,24,5.316717381669316,1.5335891146813292,1,4.0,9.3,False,54,False,84
BST-079,PROD-027,15,2,13,4.246634476306812,1.1390298526118952,1,4.0,8.2,False,50,False,66
BST-079,PROD-028,6,0,6,4.333176118207034,1.1800980105757437,1,4.0,8.3,True,59,False,66
BST-079,PROD-029,5,5,0,2.968823655676921,0.7676393405517322,1,4.0,7.0,True,46,False,52
BST-079,PROD-030,7,2,5,4.227320424091081,1.1333780747464612,1,4.0,8.2,True,58,False,66
BST-079,PROD-031,11,3,8,1.0100537268845087,0.012826472248980255,1,4.0,5.0,False,10,False,52
BST-079,PROD-032,10,2,8,1.0036191348907582,0.012499296775801506,1,4.0,5.0,False,10,False,52
BST-079,PROD-033,4,2,2,1.0034186471957105,0.010954410840823492,1,4.0,5.0,True,16,False,52
BST-079,PROD-034,13,5,8,1.002384999068159,0.010389183135873182,1,4.0,5.0,False,10,False,52
BST-079,PROD-035,39,1,38,0.0020897396560024973,0.00022447845554411742,1,4.0,4.0,False,0,True,52
BST-080,PROD-001,42,5,37,39.21523323868188,7.447096952553211,1,12.3,51.5,True,203,False,245
BST-080,PROD-002,33,2,31,50.62566187272399,10.810098553194484,1,17.8,68.4,True,282,False,315
BST-080,PROD-003,24,2,22,28.44555586646693,6.4874139088328535,1,10.7,39.1,True,151,False,175
BST-080,PROD-004,30,5,25,14.494984713981406,4.197369045975148,1,7.0,21.5,False,180,False,210
BST-080,PROD-005,0,0,0,16.505491409695413,5.587239413467674,1,9.2,25.7,True,240,False,262
BST-080,PROD-006,0,0,0,15.143933511612667,4.540478572314215,1,8.0,23.1,True,220,False,228
BST-080,PROD-007,40,5,35,13.392723995038832,3.533072782144619,1,7.0,20.4,False,159,False,210
BST-080,PROD-008,17,3,14,11.23627915764723,2.81373048967969,1,6.0,17.2,True,149,False,175
BST-080,PROD-009,19,5,14,12.280200444154588,3.6681761096805126,1,7.0,19.3,True,165,False,192
BST-080,PROD-010,24,3,21,4.423477512195777,1.217373525315901,1,4.0,8.4,False,45,False,70
BST-080,PROD-011,10,1,9,5.711575250657328,1.6725423488420952,1,4.0,9.7,True,75,False,88
BST-080,PROD-012,25,3,22,6.912310994768191,2.046787443098812,1,4.0,10.9,False,79,False,105
BST-080,PROD-013,19,4,15,6.678882606906606,1.6804629946385592,1,4.0,10.7,False,83,False,105
BST-080,PROD-014,8,2,6,8.775212279427516,2.3059441622202397,1,5.0,13.8,True,122,False,140
BST-080,PROD-015,9,5,4,4.630083723868525,1.2609319711794156,1,4.0,8.6,True,61,False,70
BST-080,PROD-016,12,1,11,3.3460240504194645,0.8933674236014753,1,4.0,7.3,False,40,False,52
BST-080,PROD-017,4,2,2,1.2051337508775806,0.2891986307466644,1,4.0,5.2,True,19,False,52
BST-080,PROD-018,6,1,5,2.2920364050197906,0.4523006428313683,1,4.0,6.3,True,31,False,52
BST-080,PROD-019,72,1,71,47.54540806647263,11.510723880593263,1,19.0,66.5,False,278,False,350
BST-080,PROD-020,71,0,71,60.07363293427157,14.39052807717829,1,23.7,83.8,True,367,False,438
BST-080,PROD-021,0,0,0,44.547741880004445,10.118686657011095,1,16.7,61.2,True,315,False,315
BST-080,PROD-022,72,1,71,15.14610205081967,3.9164515817110788,1,9.0,24.1,False,150,False,245
BST-080,PROD-023,25,0,25,13.333478070807713,3.8102767462533076,1,7.0,20.3,False,169,False,210
BST-080,PROD-024,18,0,18,11.184660993000367,3.2311253547406986,1,6.0,17.2,False,145,False,175
BST-080,PROD-025,23,3,20,6.595172621131131,1.6331889385850542,1,4.0,10.6,False,76,False,105
BST-080,PROD-026,27,4,23,5.727136087329996,1.308668202001777,1,4.0,9.7,False,61,False,88
BST-080,PROD-027,13,3,10,4.545340751606021,1.3124548137234195,1,4.0,8.5,False,57,False,70
BST-080,PROD-028,16,0,16,4.313334526331918,1.023857065456181,1,4.0,8.3,False,48,False,70
BST-080,PROD-029,10,5,5,3.475301677420254,1.1794084596535677,1,4.0,7.5,True,42,False,52
BST-080,PROD-030,10,5,5,4.569971026895701,1.2739499052828562,1,4.0,8.6,True,60,False,70
BST-080,PROD-031,11,0,11,1.012471844980624,0.013873989902095754,1,4.0,5.0,False,7,False,52
BST-080,PROD-032,17,4,13,1.0053076033319377,0.013572205154096824,1,4.0,5.0,False,5,False,52
BST-080,PROD-033,18,3,15,1.004233440998375,0.010921207195285918,1,4.0,5.0,False,3,False,52
BST-080,PROD-034,13,3,10,1.0031688723744219,0.010535996261617503,1,4.0,5.0,False,8,False,52
BST-080,PROD-035,39,3,36,0.0020407710780486143,0.00021974100172752987,1,4.0,4.0,False,0,True,52
BST-081,PROD-001,26,4,22,30.25825501803877,6.885035320241864,1,11.4,41.7,True,160,False,186
BST-081,PROD-002,35,1,34,37.856322655954884,8.005055906361013,1,13.2,51.1,True,203,False,238
BST-081,PROD-003,30,1,29,20.617348137372424,4.674568525746307,1,7.7,28.3,False,103,False,133
BST-081,PROD-004,4,3,1,10.996228173085358,2.605620339329558,1,6.0,17.0,True,157,False,161
BST-081,PROD-005,35,4,31,13.19815539032648,3.464977441760136,1,7.0,20.2,False,161,False,200
BST-081,PROD-006,2,2,0,11.62690208197529,3.048025945806391,1,6.0,17.6,True,169,False,172
BST-081,PROD-007,44,4,40,10.249056615412922,2.8816242908030314,1,6.0,16.2,False,109,False,161
BST-081,PROD-008,26,4,22,8.678589749808385,2.278667596746692,1,5.0,13.7,False,105,False,133
BST-081,PROD-009,43,3,40,9.148866255702726,2.589594153982067,1,5.0,14.1,False,93,False,147
BST-081,PROD-010,14,2,12,3.2369556596784355,0.8613034413678854,1,4.0,7.2,False,37,False,52
BST-081,PROD-011,20,2,18,4.200393851013151,0.9694845159496381,1,4.0,8.2,False,45,False,66
BST-081,PROD-012,13,1,12,5.033161656498771,1.54897457229599,1,4.0,9.0,False,62,False,80
BST-081,PROD-013,17,0,17,5.0618900815701755,1.2380613953844042,1,4.0,9.1,False,58,False,80
BST-081,PROD-014,34,5,29,6.742381568902777,1.9928382635731126,1,4.0,10.7,False,69,False,105
BST-081,PROD-015,17,1,16,3.3541925858474095,0.9200601769958016,1,4.0,7.4,False,35,False,52
BST-081,PROD-016,5,0,5,2.6293706983961487,0.7621062413135878,1,4.0,6.6,True,36,False,52
BST-081,PROD-017,13,2,11,1.0046761009828054,0.016215099089742297,1,4.0,5.0,False,7,False,52
BST-081,PROD-018,4,4,0,1.5630606139300305,0.5241160204722827,1,4.0,5.6,True,26,False,52
BST-081,PROD-019,14,3,11,36.18667998651457,7.5673227461329065,1,12.5,48.7,True,252,False,266
BST-081,PROD-020,4,1,3,45.85176980984382,10.712815785946818,1,17.7,63.6,True,328,False,332
BST-081,PROD-021,17,0,17,33.01281954925627,7.518453240897467,1,12.4,45.4,True,221,False,238
BST-081,PROD-022,26,3,23,11.860015075331797,3.390106452253591,1,7.0,18.9,False,150,False,186
BST-081,PROD-023,35,3,32,10.34978966849484,2.9881091280010623,1,6.0,16.3,False,119,False,161
BST-081,PROD-024,41,3,38,8.779624281738819,2.316872703699754,1,5.0,13.8,False,90,False,133
BST-081,PROD-025,11,1,10,5.228480312596727,1.4875546968970967,1,4.0,9.2,False,67,False,80
BST-081,PROD-026,13,3,10,4.3538291406624055,1.2861509003797784,1,4.0,8.4,False,53,False,66
BST-081,PROD-027,9,2,7,3.442388070243467,0.9381045686993191,1,4.0,7.4,True,43,False,52
BST-081,PROD-028,19,0,19,3.278004253943967,0.9305269078242747,1,4.0,7.3,False,31,False,52
BST-081,PROD-029,4,1,3,2.5883709418115934,0.7194147301290181,1,4.0,6.6,True,37,False,52
BST-081,PROD-030,8,1,7,3.450382493493545,0.86546260584409,1,4.0,7.5,True,44,False,52
BST-081,PROD-031,7,3,4,1.0052478026580558,0.015244232685443044,1,4.0,5.0,True,14,False,52
BST-081,PROD-032,5,1,4,1.0003550451828236,0.0149406797471851,1,4.0,5.0,True,14,False,52
BST-081,PROD-033,13,4,9,0.9997626330764336,0.011884837775306833,1,4.0,5.0,False,9,False,52
BST-081,PROD-034,13,5,8,0.999369293886179,0.011027088166767876,1,4.0,5.0,False,10,False,52
BST-081,PROD-035,39,1,38,0.0024754820232759885,0.0002638595050832143,1,4.0,4.0,False,0,True,52
BST-082,PROD-001,12,0,12,19.782554512041656,2.717587168224898,1,8.0,27.8,True,222,False,234
BST-082,PROD-002,32,5,27,24.340440793827433,3.15081115772626,1,11.0,35.3,True,269,False,301
BST-082,PROD-003,29,3,26,14.051586862833025,1.3263697902476,1,6.0,20.1,False,139,False,168
BST-082,PROD-004,36,0,36,16.8372229737038,2.3359000500353724,1,7.0,23.8,False,164,False,200
BST-082,PROD-005,35,2,33,21.85342088567911,4.146175567106503,1,9.0,30.9,False,217,False,252
BST-082,PROD-006,0,0,0,19.290148224281534,3.0406332613022307,1,8.0,27.3,True,217,False,217
BST-082,PROD-007,57,3,54,16.815691468086357,2.449428975864029,1,7.0,23.8,False,143,False,200
BST-082,PROD-008,32,0,32,14.138241389461767,1.9938695536788826,1,6.0,20.1,False,136,False,168
BST-082,PROD-009,17,5,12,15.199934217257711,2.382933410479815,1,6.0,21.2,True,169,False,186
BST-082,PROD-010,13,1,12,5.577565255618402,0.8097424660770078,1,4.0,9.6,False,53,False,66
BST-082,PROD-011,12,5,7,6.903849879983318,1.0450556850853265,1,4.0,10.9,True,72,False,84
BST-082,PROD-012,31,1,30,8.451003143740389,1.0498398915492635,1,4.0,12.5,False,71,False,102
BST-082,PROD-013,24,0,24,8.571369072770088,1.1160950266410277,1,4.0,12.6,False,78,False,102
BST-082,PROD-014,4,4,0,10.958617000466605,1.272711507247338,1,5.0,16.0,True,129,False,133
BST-082,PROD-015,16,5,11,5.443841606909977,0.6348230063742473,1,4.0,9.4,False,50,False,66
BST-082,PROD-016,14,0,14,4.208015168349942,0.6103310123783481,1,4.0,8.2,False,38,False,52
BST-082,PROD-017,17,1,16,1.356272376105394,0.32503971920004615,1,4.0,5.4,False,7,False,52
BST-082,PROD-018,17,0,17,2.9475401747861363,0.43042355359755513,1,4.0,6.9,False,28,False,52
BST-082,PROD-019,97,1,96,27.155231491789998,3.684720436814021,1,12.0,39.2,False,235,False,332
BST-082,PROD-020,34,1,33,35.28351357218303,5.5138397918319795,1,15.0,50.3,True,382,False,416
BST-082,PROD-021,66,5,61,24.334946699074102,3.2095965736818126,1,11.0,35.3,False,235,False,301
BST-082,PROD-022,29,5,24,19.15659249437772,3.2506816954195275,1,8.0,27.2,True,205,False,234
BST-082,PROD-023,38,4,34,16.749481196063854,2.372752297746255,1,7.0,23.7,False,162,False,200
BST-082,PROD-024,48,2,46,13.860814908334504,1.8559977531571428,1,6.0,19.9,False,120,False,168
BST-082,PROD-025,13,2,11,8.17943402832818,1.0827590713056876,1,4.0,12.2,True,89,False,102
BST-082,PROD-026,19,5,14,7.136979230692683,1.1996707379856608,1,4.0,11.1,False,65,False,84
BST-082,PROD-027,18,1,17,5.124599819399371,0.6788152611445908,1,4.0,9.1,False,48,False,66
BST-082,PROD-028,20,2,18,5.506526081813673,0.6623091260968841,1,4.0,9.5,False,46,False,66
BST-082,PROD-029,16,2,14,4.421696828692611,0.6401076938218603,1,4.0,8.4,False,36,False,52
BST-082,PROD-030,6,1,5,5.487077980416534,0.8306207270610615,1,4.0,9.5,True,60,False,66
BST-082,PROD-031,11,0,11,1.0141799259210253,0.011696179015745819,1,4.0,5.0,False,7,False,52
BST-082,PROD-032,11,1,10,1.0067233135698062,0.010906674922749998,1,4.0,5.0,False,8,False,52
BST-082,PROD-033,5,2,3,1.007280998463613,0.010322929206668741,1,4.0,5.0,True,15,False,52
BST-082,PROD-034,13,0,13,1.0057389140860942,0.010270021105307519,1,4.0,5.0,False,5,False,52
BST-082,PROD-035,39,1,38,0.0020977836009382265,0.0002283817726666639,1,4.0,4.0,False,0,True,52
BST-083,PROD-001,44,5,39,15.86513224978761,2.1679635149512753,1,7.0,22.9,False,145,False,189
BST-083,PROD-002,38,4,34,19.863310670561365,2.3987184823066197,1,9.0,28.9,False,207,False,245
BST-083,PROD-003,40,5,35,11.669943245549408,1.5555879236083743,1,5.0,16.7,False,96,False,136
BST-083,PROD-004,5,0,5,14.121124815546494,1.837778731381396,1,6.0,20.1,True,156,False,161
BST-083,PROD-005,22,4,18,17.494890579417916,2.802401610616969,1,7.0,24.5,True,181,False,203
BST-083,PROD-006,28,2,26,16.027365271129874,2.089882255295095,1,6.0,22.0,False,147,False,175
BST-083,PROD-007,8,0,8,13.53725286348936,1.6893704959290052,1,6.0,19.5,True,153,False,161
BST-083,PROD-008,23,0,23,11.074545889583275,1.6109508782781723,1,5.0,16.1,False,113,False,136
BST-083,PROD-009,36,0,36,12.348629800911604,1.7022242060589743,1,5.0,17.3,False,114,False,150
BST-083,PROD-010,9,4,5,4.472926816357561,0.7514301131485989,1,4.0,8.5,True,43,False,52
BST-083,PROD-011,15,4,11,5.573157161240016,0.6926210331063885,1,4.0,9.6,False,51,False,66
BST-083,PROD-012,22,0,22,6.660974234514759,0.8405257556280464,1,4.0,10.7,False,58,False,80
BST-083,PROD-013,15,1,14,6.735839021960777,1.0131716812984288,1,4.0,10.7,False,65,False,80
BST-083,PROD-014,24,4,20,9.215452287095449,1.172993362017997,1,4.0,13.2,False,84,False,108
BST-083,PROD-015,17,3,14,4.600355027705122,0.6241708555829183,1,4.0,8.6,False,35,False,52
BST-083,PROD-016,7,1,6,3.471382704577052,0.4482880683255715,1,4.0,7.5,True,45,False,52
BST-083,PROD-017,10,5,5,1.0443753450768871,0.08746361149729799,1,4.0,5.0,False,14,False,52
BST-083,PROD-018,3,0,3,2.324530029908256,0.24843309423386895,1,4.0,6.3,True,34,False,52
BST-083,PROD-019,30,5,25,22.55653661334703,3.3310304906059396,1,10.0,32.6,True,240,False,270
BST-083,PROD-020,39,2,37,28.477825010975,3.554951447921979,1,12.0,40.5,True,301,False,340
BST-083,PROD-021,12,4,8,20.560759532428076,2.718671437512588,1,9.0,29.6,True,233,False,245
BST-083,PROD-022,32,0,32,15.842084244766927,2.0555118089696043,1,7.0,22.8,False,157,False,189
BST-083,PROD-023,28,1,27,13.476977733602231,1.8443168937878176,1,6.0,19.5,False,133,False,161
BST-083,PROD-024,36,1,35,11.035160660317908,1.5271395507026446,1,5.0,16.0,False,100,False,136
BST-083,PROD-025,22,5,17,6.896912973054968,0.9693563468233829,1,4.0,10.9,False,58,False,80
BST-083,PROD-026,3,1,2,5.699591839050441,0.772198219325606,1,4.0,9.7,True,63,False,66
BST-083,PROD-027,7,2,5,4.466021744000698,0.6756148135711414,1,4.0,8.5,True,45,False,52
BST-083,PROD-028,9,1,8,4.527271971487594,0.6691401902032582,1,4.0,8.5,True,43,False,52
BST-083,PROD-029,5,4,1,3.3490833031213327,0.4396734156760483,1,4.0,7.3,True,47,False,52
BST-083,PROD-030,7,5,2,4.595526382877813,0.5812377348683208,1,4.0,8.6,True,45,False,52
BST-083,PROD-031,7,3,4,1.0118630264940978,0.011513248095209467,1,4.0,5.0,True,14,False,52
BST-083,PROD-032,14,1,13,1.004731793023509,0.010280956343908002,1,4.0,5.0,False,5,False,52
BST-083,PROD-033,3,3,0,1.005841619310898,0.010043596805147171,1,4.0,5.0,True,18,False,52
BST-083,PROD-034,13,1,12,1.0043616086415776,0.010050018652718878,1,4.0,5.0,False,6,False,52
BST-083,PROD-035,39,3,36,0.0020447124301933494,0.00022196760623340795,1,4.0,4.0,False,0,True,52
BST-084,PROD-001,3,3,0,9.026204806349638,2.9409945560198705,1,5.0,14.0,True,127,False,130
BST-084,PROD-002,42,2,40,12.068527058594468,3.8979524828843872,1,6.4,18.5,False,126,False,168
BST-084,PROD-003,5,3,2,6.656632941253613,2.133495838205575,1,4.0,10.7,True,89,False,94
BST-084,PROD-004,0,0,0,13.120801299923075,4.201828515085867,1,6.9,20.0,True,112,False,112
BST-084,PROD-005,0,0,0,16.90761473998574,5.669968773756018,1,9.4,26.3,True,140,False,140
BST-084,PROD-006,0,0,0,14.72947311565287,4.941458365048999,1,8.2,22.9,True,122,False,122
BST-084,PROD-007,6,1,5,16.5775155034768,4.835286670460258,1,8.0,24.6,True,106,False,112
BST-084,PROD-008,0,0,0,13.587859728929928,4.247282685502064,1,7.0,20.6,True,94,False,94
BST-084,PROD-009,16,1,15,15.05887699835281,4.989513914742113,1,8.2,23.3,True,86,False,102
BST-084,PROD-010,4,0,4,2.491276857527655,0.8813189857619768,1,4.0,6.5,True,35,False,52
BST-084,PROD-011,8,1,7,3.2666322562460133,0.9819045997501084,1,4.0,7.3,True,43,False,52
BST-084,PROD-012,2,2,0,3.98151197429965,1.3729007037596344,1,4.0,8.0,True,54,False,56
BST-084,PROD-013,18,1,17,4.121845271222033,1.4534738035652173,1,4.0,8.1,False,38,False,56
BST-084,PROD-014,8,3,5,5.41061145420723,1.7611318967370313,1,4.0,9.4,True,66,False,74
BST-084,PROD-015,7,1,6,2.6063728821962693,0.9180167641295267,1,4.0,6.6,True,34,False,52
BST-084,PROD-016,17,1,16,1.8229367047018499,0.49344335284128765,1,4.0,5.8,False,14,False,52
BST-084,PROD-017,13,0,13,1.0059800992456456,0.018948242125657287,1,4.0,5.0,False,5,False,52
BST-084,PROD-018,13,1,12,1.286616017171152,0.3037327083719695,1,4.0,5.3,False,10,False,52
BST-084,PROD-019,56,2,54,12.855563829263565,3.990150331983775,1,7.0,19.9,False,130,False,186
BST-084,PROD-020,24,2,22,15.954366480018873,5.293916773365781,1,8.7,24.7,True,210,False,234
BST-084,PROD-021,21,5,16,12.457265364175536,4.324967038107947,1,7.1,19.6,True,147,False,168
BST-084,PROD-022,20,4,16,9.001157032972374,2.9014878668540716,1,5.0,14.0,False,110,False,130
BST-084,PROD-023,5,4,1,7.951070137928991,2.7551852055326136,1,4.5,12.5,True,107,False,112
BST-084,PROD-024,21,4,17,6.462823620444466,2.0817933851558017,1,4.0,10.5,False,73,False,94
BST-084,PROD-025,14,0,14,3.9808431592001754,1.3371885817262663,1,4.0,8.0,False,42,False,56
BST-084,PROD-026,14,2,12,3.2482286655379142,1.0854672451312752,1,4.0,7.2,False,37,False,52
BST-084,PROD-027,7,3,4,2.6215845982504162,0.9188806588579704,1,4.0,6.6,True,37,False,52
BST-084,PROD-028,4,3,1,2.5968563894306103,0.9484446430356094,1,4.0,6.6,True,39,False,52
BST-084,PROD-029,16,0,16,1.9176208829832533,0.5635961446353588,1,4.0,5.9,False,15,False,52
BST-084,PROD-030,16,0,16,2.617059900154978,0.9087757092989325,1,4.0,6.6,False,25,False,52
BST-084,PROD-031,7,3,4,1.0038044532672608,0.022663044748833842,1,4.0,5.0,True,14,False,52
BST-084,PROD-032,12,1,11,0.9971781231017458,0.021346024356696455,1,4.0,5.0,False,7,False,52
BST-084,PROD-033,4,0,4,1.0012419820359144,0.017396984614939052,1,4.0,5.0,True,14,False,52
BST-084,PROD-034,13,0,13,0.9997683945611733,0.017361043348571838,1,4.0,5.0,False,5,False,52
BST-084,PROD-035,39,0,39,0.002320129378773065,0.00025059749411211274,1,4.0,4.0,False,0,True,52
BST-085,PROD-001,38,5,33,9.590023989546774,3.301819138428252,1,5.4,15.0,False,95,False,133
BST-085,PROD-002,25,5,20,12.085486671973646,3.8151423168511136,1,6.3,18.4,False,147,False,172
BST-085,PROD-003,15,1,14,6.921978936474459,2.3235989966552673,1,4.0,10.9,False,79,False,94
BST-085,PROD-004,0,0,0,14.181651907541717,4.531981425191597,1,7.5,21.7,True,116,False,116
BST-085,PROD-005,0,0,0,17.707931180003833,6.140629250166001,1,10.1,27.8,True,144,False,144
BST-085,PROD-006,0,0,0,15.287478523541825,4.74143323176187,1,7.8,23.1,True,122,False,122
BST-085,PROD-007,0,0,0,16.734083782582825,5.022037439431007,1,8.3,25.0,True,116,False,116
BST-085,PROD-008,13,4,9,13.855895197736695,4.299438326342776,1,7.1,21.0,True,81,False,94
BST-085,PROD-009,13,2,11,14.461148849644038,4.275735970850789,1,7.1,21.6,True,92,False,105
BST-085,PROD-010,3,0,3,2.7365092655377827,1.0777153058870101,1,4.0,6.7,True,39,False,52
BST-085,PROD-011,13,3,10,3.244744582828207,1.0071623643016412,1,4.0,7.2,False,39,False,52
BST-085,PROD-012,7,0,7,4.052516823400865,1.2920553828754293,1,4.0,8.1,True,49,False,56
BST-085,PROD-013,8,2,6,4.150026878242991,1.4200304697127193,1,4.0,8.2,True,48,False,56
BST-085,PROD-014,14,4,10,5.456204328274683,1.8511786295526556,1,4.0,9.5,False,63,False,77
BST-085,PROD-015,10,0,10,2.778893062580294,0.9913375770108007,1,4.0,6.8,False,33,False,52
BST-085,PROD-016,10,4,6,1.9458043412506154,0.6008904932315146,1,4.0,5.9,False,25,False,52
BST-085,PROD-017,13,1,12,1.0065402042908962,0.01779235780874335,1,4.0,5.0,False,6,False,52
BST-085,PROD-018,9,3,6,1.401960095970659,0.31215043011421034,1,4.0,5.4,False,18,False,52
BST-085,PROD-019,5,3,2,13.356803489071655,4.523629913285284,1,7.5,20.9,True,184,False,189
BST-085,PROD-020,23,3,20,16.771967011329334,5.553246446856536,1,9.2,26.0,True,215,False,238
BST-085,PROD-021,24,2,22,12.029430797588208,4.115031691775515,1,6.8,18.8,False,148,False,172
BST-085,PROD-022,22,2,20,9.293231559287047,3.1045592296844737,1,5.1,14.4,False,111,False,133
BST-085,PROD-023,13,4,9,8.296319912407117,2.8712084740712527,1,4.7,13.0,True,103,False,116
BST-085,PROD-024,26,3,23,6.515564488961978,2.1718056001664494,1,4.0,10.5,False,68,False,94
BST-085,PROD-025,14,1,13,3.895022770138864,1.2956593485570647,1,4.0,7.9,False,42,False,56
BST-085,PROD-026,6,3,3,3.4604358159802793,1.1283100530958796,1,4.0,7.5,True,46,False,52
BST-085,PROD-027,15,2,13,2.862729531275847,0.9020564967090008,1,4.0,6.9,False,31,False,52
BST-085,PROD-028,15,4,11,2.7335069551283024,0.8617621621586635,1,4.0,6.7,False,31,False,52
BST-085,PROD-029,4,1,3,2.011605433602241,0.6143713517311133,1,4.0,6.0,True,29,False,52
BST-085,PROD-030,10,3,7,2.5209539352474484,0.9376862916443071,1,4.0,6.5,False,32,False,52
BST-085,PROD-031,7,1,6,1.004149677804892,0.022168801502707856,1,4.0,5.0,False,12,False,52
BST-085,PROD-032,7,5,2,0.9978817456602009,0.019756941272147825,1,4.0,5.0,True,16,False,52
BST-085,PROD-033,3,1,2,1.0020953970100566,0.015600304312986245,1,4.0,5.0,True,16,False,52
BST-085,PROD-034,13,5,8,1.0006204427403573,0.015558494012414667,1,4.0,5.0,False,10,False,52
BST-085,PROD-035,39,1,38,0.002439052171845817,0.0002633560615214318,1,4.0,4.0,False,0,True,52
BST-086,PROD-001,29,3,26,40.82561726822222,9.550024460713344,1,15.8,56.6,True,227,False,256
BST-086,PROD-002,47,4,43,52.14272415248302,9.480736502976972,1,15.6,67.7,True,282,False,329
BST-086,PROD-003,32,5,27,29.07619584626705,6.749309869979099,1,11.1,40.2,True,150,False,182
BST-086,PROD-004,17,0,17,14.94228623003666,4.3159413186463,1,8.0,22.9,False,183,False,220
BST-086,PROD-005,0,0,0,18.387660013450418,5.695774235687029,1,10.0,28.4,True,267,False,273
BST-086,PROD-006,2,2,0,16.306998190008628,4.329552004123121,1,8.0,24.3,True,236,False,238
BST-086,PROD-007,64,5,59,14.013252383545042,4.3517892072091975,1,8.0,22.0,False,145,False,220
BST-086,PROD-008,9,4,5,11.418133442822542,2.7886254289383805,1,6.0,17.4,True,161,False,182
BST-086,PROD-009,43,1,42,12.926301415408409,3.5682686710182954,1,7.0,19.9,False,146,False,200
BST-086,PROD-010,11,5,6,4.5628334758333855,1.2602391279656424,1,4.0,8.6,True,62,False,74
BST-086,PROD-011,17,1,16,5.709312133506601,1.7230842374219473,1,4.0,9.7,False,68,False,91
BST-086,PROD-012,14,2,12,6.911355441582612,1.6850260952927198,1,4.0,10.9,False,89,False,108
BST-086,PROD-013,16,2,14,6.83625283956339,1.873614516859669,1,4.0,10.8,False,86,False,108
BST-086,PROD-014,7,3,4,9.13624746011495,2.402422662479038,1,5.0,14.1,True,129,False,147
BST-086,PROD-015,13,2,11,4.574536368958634,1.2833032181211308,1,4.0,8.6,False,57,False,74
BST-086,PROD-016,16,2,14,3.573884648110084,1.0101598380440728,1,4.0,7.6,False,40,False,56
BST-086,PROD-017,13,0,13,1.0471395621170665,0.09514399541691418,1,4.0,5.0,False,6,False,52
BST-086,PROD-018,9,0,9,2.4665004658039003,0.6820704743305007,1,4.0,6.5,False,30,False,52
BST-086,PROD-019,12,3,9,50.46295740164037,11.678851681313242,1,19.3,69.8,True,352,False,364
BST-086,PROD-020,108,4,104,64.12593871531473,14.946910479292393,1,24.7,88.8,False,347,False,455
BST-086,PROD-021,3,1,2,46.20621655824351,10.432609678732137,1,17.2,63.4,True,326,False,329
BST-086,PROD-022,58,2,56,16.527245320625415,4.2388938924271375,1,9.0,25.5,False,184,False,256
BST-086,PROD-023,37,0,37,13.393295980636283,3.5106051962108102,1,8.0,21.4,False,159,False,220
BST-086,PROD-024,16,0,16,11.671186909099783,3.139504319426339,1,6.0,17.7,True,153,False,182
BST-086,PROD-025,26,4,22,7.083014695121292,1.922751267319423,1,4.0,11.1,False,81,False,108
BST-086,PROD-026,6,4,2,6.005874810266752,1.8553967161389167,1,4.0,10.0,True,85,False,91
BST-086,PROD-027,8,1,7,4.613499166906529,1.283055981283401,1,4.0,8.6,True,62,False,74
BST-086,PROD-028,24,3,21,4.559110331694982,1.3559370605868688,1,4.0,8.6,False,47,False,74
BST-086,PROD-029,10,0,10,3.4745449892415463,0.8439763418354563,1,4.0,7.5,False,43,False,56
BST-086,PROD-030,10,0,10,4.669824520822188,1.2262959935717948,1,4.0,8.7,False,59,False,74
BST-086,PROD-031,13,2,11,1.0124939124596208,0.012278644131434983,1,4.0,5.0,False,7,False,52
BST-086,PROD-032,12,0,12,1.0052791480377599,0.012271367256626815,1,4.0,5.0,False,6,False,52
BST-086,PROD-033,16,2,14,1.0041765490848262,0.010268382695261343,1,4.0,5.0,False,4,False,52
BST-086,PROD-034,13,2,11,1.002741534989997,0.0100182591480097,1,4.0,5.0,False,7,False,52
BST-086,PROD-035,39,4,35,0.0020405138757927676,0.00021995211829987842,1,4.0,4.0,False,0,True,52
BST-087,PROD-001,58,4,54,50.88638976197627,11.616729609374003,1,19.2,70.1,True,278,False,336
BST-087,PROD-002,60,3,57,66.57662023893275,15.804400804239851,1,26.1,92.7,True,370,False,430
BST-087,PROD-003,31,4,27,39.051622481095556,8.93392376081324,1,14.7,53.8,True,207,False,238
BST-087,PROD-004,21,5,16,18.187481161601585,4.995537822927391,1,10.0,28.2,True,249,False,287
BST-087,PROD-005,13,2,11,24.225082340135565,6.783256934748481,1,13.0,37.2,True,341,False,360
BST-087,PROD-006,53,0,53,20.74916310526723,5.94849171547353,1,11.0,31.7,False,248,False,312
BST-087,PROD-007,92,3,89,17.646437433814043,4.4641051143220345,1,10.0,27.6,False,168,False,287
BST-087,PROD-008,19,3,16,15.490368304947287,3.9364517693697545,1,8.0,23.5,True,209,False,238
BST-087,PROD-009,81,0,81,16.702339908900335,4.560104304781541,1,9.0,25.7,False,162,False,262
BST-087,PROD-010,13,3,10,6.0449982950855645,1.604056303377241,1,4.0,10.0,False,79,False,94
BST-087,PROD-011,15,0,15,7.550454512016197,1.9206569241036415,1,4.0,11.6,False,95,False,119
BST-087,PROD-012,42,5,37,8.98713193588649,2.4138459713847262,1,5.0,14.0,False,94,False,144
BST-087,PROD-013,16,2,14,8.829625812007952,2.2909787775288613,1,5.0,13.8,False,115,False,144
BST-087,PROD-014,9,0,9,11.726027096060353,2.7415627391183968,1,7.0,18.7,True,162,False,192
BST-087,PROD-015,7,3,4,6.053375015360229,1.7598420774628762,1,4.0,10.1,True,85,False,94
BST-087,PROD-016,8,5,3,4.615127358195748,1.2034075874313315,1,4.0,8.6,True,66,False,74
BST-087,PROD-017,10,0,10,1.3828989564053362,0.3999795935910558,1,4.0,5.4,False,13,False,52
BST-087,PROD-018,4,4,0,3.1486382135490634,0.9038092768346704,1,4.0,7.1,True,48,False,52
BST-087,PROD-019,14,1,13,65.91153163816162,16.072849892059395,1,26.5,92.4,True,466,False,480
BST-087,PROD-020,21,3,18,78.55284955870438,18.20771617717157,1,30.0,108.6,True,577,False,598
BST-087,PROD-021,77,2,75,59.20967550932271,14.160435422326993,1,23.4,82.6,True,353,False,430
BST-087,PROD-022,55,1,54,20.781846724808,5.869505829906264,1,12.0,32.8,False,249,False,336
BST-087,PROD-023,17,1,16,17.697713346068912,4.490319748289452,1,10.0,27.7,True,242,False,287
BST-087,PROD-024,10,2,8,15.467813490768757,4.244122448301332,1,8.0,23.5,True,217,False,238
BST-087,PROD-025,18,4,14,9.007941060856608,2.6729986230165084,1,5.0,14.0,False,117,False,144
BST-087,PROD-026,26,3,23,7.4707975694233015,2.0195660033588663,1,4.0,11.5,False,86,False,119
BST-087,PROD-027,5,0,5,5.989790019746054,1.6231364335899636,1,4.0,10.0,True,83,False,94
BST-087,PROD-028,19,5,14,6.007030693121187,1.7058874208371397,1,4.0,10.0,False,74,False,94
BST-087,PROD-029,16,4,12,4.622250005559352,1.288459744049361,1,4.0,8.6,False,57,False,74
BST-087,PROD-030,6,2,4,5.8741640585470645,1.4326080097438563,1,4.0,9.9,True,82,False,94
BST-087,PROD-031,7,2,5,1.015988972003583,0.012060226594868865,1,4.0,5.0,False,13,False,52
BST-087,PROD-032,13,1,12,1.0086913350217053,0.01149268528318103,1,4.0,5.0,False,6,False,52
BST-087,PROD-033,14,3,11,1.00893257146297,0.010525870313470898,1,4.0,5.0,False,7,False,52
BST-087,PROD-034,9,0,9,1.0988146575586668,0.15603547729461903,1,4.0,5.1,False,10,False,52
BST-087,PROD-035,39,0,39,0.002757365856778534,0.00029944597883508776,1,4.0,4.0,False,0,True,52
BST-088,PROD-001,15,1,14,5.685546193740144,0.6783444882608282,1,4.0,9.7,False,70,False,88
BST-088,PROD-002,8,4,4,7.673967628597759,1.0397283996246043,1,4.0,11.7,True,104,False,112
BST-088,PROD-003,7,5,2,4.268774944762868,0.5459447263813213,1,4.0,8.3,True,56,False,63
BST-088,PROD-004,0,0,0,9.80827351441547,1.1964527562978216,1,4.0,13.8,True,74,False,74
BST-088,PROD-005,0,0,0,11.703292023562678,1.3450859865482947,1,4.0,15.7,True,94,False,94
BST-088,PROD-006,0,0,0,10.968720821823954,1.4252414079283162,1,4.0,15.0,True,80,False,80
BST-088,PROD-007,9,1,8,11.187782206255124,1.7289652246344265,1,4.0,15.2,True,65,False,74
BST-088,PROD-008,16,1,15,4.277797690592814,0.6860444127258337,1,4.0,8.3,False,47,False,63
BST-088,PROD-009,13,2,11,4.443762870055415,0.5212091551320764,1,4.0,8.4,False,55,False,70
BST-088,PROD-010,9,1,8,1.648167047874897,0.35476753451933746,1,4.0,5.6,False,19,False,52
BST-088,PROD-011,8,1,7,2.052053031916817,0.1565307542301338,1,4.0,6.1,False,26,False,52
BST-088,PROD-012,13,3,10,2.3504522374963672,0.35318065023325323,1,4.0,6.4,False,27,False,52
BST-088,PROD-013,7,5,2,7.623493750396364,1.022033066773742,1,4.0,11.6,True,45,False,52
BST-088,PROD-014,9,2,7,9.878002535793119,1.3441551723232528,1,4.0,13.9,True,43,False,52
BST-088,PROD-015,13,3,10,5.098880096477431,0.6819947845367383,1,4.0,9.1,False,39,False,52
BST-088,PROD-016,12,4,8,1.0407094539085329,0.09146506761725806,1,4.0,5.0,False,11,False,52
BST-088,PROD-017,13,2,11,1.0036093069759435,0.012314309913535814,1,4.0,5.0,False,7,False,52
BST-088,PROD-018,13,4,9,1.005921706289676,0.013595683480408176,1,4.0,5.0,False,9,False,52
BST-088,PROD-019,4,2,2,8.436139498585964,1.1701646474149232,1,4.0,12.4,True,120,False,126
BST-088,PROD-020,34,1,33,10.707892239298085,1.3558511354925453,1,5.0,15.7,False,120,False,154
BST-088,PROD-021,21,4,17,7.566862776884284,1.1170639022394515,1,4.0,11.6,False,91,False,112
BST-088,PROD-022,19,2,17,5.768956328357318,1.013023684819374,1,4.0,9.8,False,68,False,88
BST-088,PROD-023,17,1,16,4.836575987918367,0.5740688687451256,1,4.0,8.8,False,56,False,74
BST-088,PROD-024,16,5,11,4.1818307416121465,0.4823060717627092,1,4.0,8.2,False,47,False,63
BST-088,PROD-025,16,2,14,2.5990682823647346,0.25986840367871267,1,4.0,6.6,False,26,False,52
BST-088,PROD-026,9,3,6,2.1432684856702298,0.2371292672950325,1,4.0,6.1,True,28,False,52
BST-088,PROD-027,14,1,13,1.6525886499490465,0.35009491193176745,1,4.0,5.7,False,14,False,52
BST-088,PROD-028,18,5,13,1.652908841814499,0.35741713301020717,1,4.0,5.7,False,14,False,52
BST-088,PROD-029,15,2,13,1.1233195340065254,0.19905724953027784,1,4.0,5.1,False,7,False,52
BST-088,PROD-030,18,5,13,1.64359533235215,0.32731171347478255,1,4.0,5.6,False,14,False,52
BST-088,PROD-031,5,0,5,1.0040742421478983,0.011131532487475924,1,4.0,5.0,False,13,False,52
BST-088,PROD-032,17,0,17,0.9990337046412936,0.010344571131407363,1,4.0,5.0,False,1,False,52
BST-088,PROD-033,13,3,10,1.0005182584735235,0.009889255808844857,1,4.0,5.0,False,8,False,52
BST-088,PROD-034,13,5,8,0.9992643015098294,0.009626964331898353,1,4.0,5.0,False,10,False,52
BST-088,PROD-035,39,2,37,0.0024771170362063964,0.00026348129666214465,1,4.0,4.0,False,0,True,52
BST-089,PROD-001,29,5,24,13.597790919833463,4.205452040122774,1,7.0,20.6,False,167,False,196
BST-089,PROD-002,16,0,16,18.120683350949665,6.030089327368302,1,9.9,28.0,True,236,False,252
BST-089,PROD-003,2,0,2,9.967391551124155,3.3817807523699206,1,5.6,15.6,True,138,False,140
BST-089,PROD-004,0,0,0,19.12249630408221,5.98842122906155,1,9.9,29.0,True,168,False,168
BST-089,PROD-005,0,0,0,24.024528404771562,8.3770604935396,1,13.8,37.8,True,210,False,210
BST-089,PROD-006,0,0,0,22.014801754800327,7.32118961810986,1,12.1,34.1,True,182,False,182
BST-089,PROD-007,0,0,0,24.168040480434666,7.296040928074304,1,12.0,36.2,True,168,False,168
BST-089,PROD-008,0,0,0,19.010682537875272,5.7535428279308,1,9.5,28.5,True,140,False,140
BST-089,PROD-009,0,0,0,21.075341143354247,6.953094874369443,1,11.5,32.6,True,154,False,154
BST-089,PROD-010,17,4,13,3.871590260359004,1.256857060444454,1,4.0,7.9,False,39,False,56
BST-089,PROD-011,3,3,0,4.928831067119839,1.8125613676393406,1,4.0,8.9,True,67,False,70
BST-089,PROD-012,5,4,1,5.771247219399141,1.8667345388328798,1,4.0,9.8,True,79,False,84
BST-089,PROD-013,19,5,14,6.039922548093129,1.842499479667008,1,4.0,10.0,False,65,False,84
BST-089,PROD-014,23,1,22,7.808520978914251,2.615242557783828,1,4.3,12.1,False,89,False,112
BST-089,PROD-015,7,3,4,3.9347315427117366,1.3238403406933243,1,4.0,7.9,True,49,False,56
BST-089,PROD-016,3,3,0,2.972915814018017,1.0037029905579762,1,4.0,7.0,True,46,False,52
BST-089,PROD-017,13,0,13,1.0132733393594726,0.015269851942477918,1,4.0,5.0,False,5,False,52
BST-089,PROD-018,15,5,10,1.9739893615888897,0.6091936372681516,1,4.0,6.0,False,22,False,52
BST-089,PROD-019,30,3,27,19.571919418351463,6.678643825286518,1,11.0,30.6,True,250,False,280
BST-089,PROD-020,65,4,61,24.458969227629417,8.526664817084095,1,14.1,38.6,False,285,False,350
BST-089,PROD-021,44,5,39,18.032111599843468,5.881192935875781,1,9.7,27.7,False,208,False,252
BST-089,PROD-022,13,0,13,13.966379730843231,4.476442927247245,1,7.4,21.4,True,183,False,196
BST-089,PROD-023,15,0,15,11.816215878201545,3.882280707034042,1,6.4,18.2,True,153,False,168
BST-089,PROD-024,25,3,22,10.049595169633033,3.2706439066332953,1,5.4,15.4,False,115,False,140
BST-089,PROD-025,5,2,3,5.828672209846773,1.911075746720285,1,4.0,9.8,True,79,False,84
BST-089,PROD-026,14,2,12,4.843276546433423,1.5549920287667789,1,4.0,8.8,False,56,False,70
BST-089,PROD-027,5,2,3,3.9279724980781325,1.2773968504146362,1,4.0,7.9,True,51,False,56
BST-089,PROD-028,17,5,12,3.981952799081678,1.3203929480115992,1,4.0,8.0,False,39,False,56
BST-089,PROD-029,15,1,14,3.1693981665068756,1.01999117259604,1,4.0,7.2,False,34,False,52
BST-089,PROD-030,7,4,3,3.9193753169468306,1.3137562498457969,1,4.0,7.9,True,49,False,56
BST-089,PROD-031,8,0,8,1.0122823903130322,0.01591092139886264,1,4.0,5.0,False,10,False,52
BST-089,PROD-032,7,0,7,1.004985867744793,0.014220506044283291,1,4.0,5.0,False,11,False,52
BST-089,PROD-033,11,4,7,1.0070013049516044,0.013015887621629928,1,4.0,5.0,False,11,False,52
BST-089,PROD-034,13,5,8,1.0054598142284752,0.012980225364281516,1,4.0,5.0,False,10,False,52
BST-089,PROD-035,39,3,36,0.002706643094838775,0.0002939012039416624,1,4.0,4.0,False,0,True,52
BST-090,PROD-001,28,4,24,9.703934936574385,3.2992896092869604,1,5.4,15.1,False,105,False,133
BST-090,PROD-002,36,0,36,12.201121764771738,4.194772482913898,1,6.9,19.1,False,136,False,172
BST-090,PROD-003,15,4,11,6.767316992304068,2.326917370098754,1,4.0,10.8,False,79,False,94
BST-090,PROD-004,0,0,0,13.310734509150933,3.9476970609113957,1,6.5,19.8,True,116,False,116
BST-090,PROD-005,0,0,0,18.100489244341453,6.474785154533345,1,10.7,28.8,True,144,False,144
BST-090,PROD-006,0,0,0,15.335626204883107,5.245515867429709,1,8.7,24.0,True,126,False,126
BST-090,PROD-007,0,0,0,16.764691452325604,5.441428428975077,1,9.0,25.8,True,116,False,116
BST-090,PROD-008,0,0,0,14.140755399081085,4.633283901928027,1,7.6,21.7,True,94,False,94
BST-090,PROD-009,21,4,17,14.926646432005779,4.7376198079090495,1,7.8,22.7,True,84,False,105
BST-090,PROD-010,8,3,5,2.797901834322885,1.0063102566505824,1,4.0,6.8,True,38,False,52
BST-090,PROD-011,4,0,4,3.5740809515527583,1.1206962327697887,1,4.0,7.6,True,48,False,52
BST-090,PROD-012,15,1,14,4.063354632469428,1.3895446054657343,1,4.0,8.1,False,41,False,56
BST-090,PROD-013,13,0,13,4.139737421991499,1.4703242088410937,1,4.0,8.1,False,43,False,56
BST-090,PROD-014,4,1,3,5.580267828344164,1.8384281554646669,1,4.0,9.6,True,73,False,77
BST-090,PROD-015,5,3,2,2.8869558306464507,0.903166031451857,1,4.0,6.9,True,42,False,52
BST-090,PROD-016,4,3,1,1.9597740659344705,0.6129219505100254,1,4.0,6.0,True,30,False,52
BST-090,PROD-017,13,2,11,1.0060920707612069,0.019851268332529703,1,4.0,5.0,False,7,False,52
BST-090,PROD-018,15,0,15,1.3987507637378014,0.3249835742362625,1,4.0,5.4,False,9,False,52
BST-090,PROD-019,25,1,24,13.489510574112657,4.313268821334864,1,7.1,20.6,False,167,False,192
BST-090,PROD-020,43,2,41,16.927775487115653,5.538620377677318,1,9.1,26.0,False,199,False,242
BST-090,PROD-021,7,0,7,12.384025289694232,4.048404816724076,1,6.7,19.1,True,165,False,172
BST-090,PROD-022,13,3,10,9.440183593032568,3.224368955874435,1,5.3,14.7,True,120,False,133
BST-090,PROD-023,14,1,13,8.174025572790836,2.8130910209769633,1,4.6,12.8,False,102,False,116
BST-090,PROD-024,20,4,16,6.477824959789524,2.2066477379470846,1,4.0,10.5,False,74,False,94
BST-090,PROD-025,9,3,6,4.191759842244433,1.29908180790507,1,4.0,8.2,True,47,False,56
BST-090,PROD-026,14,0,14,3.3911807086418237,1.12787877991297,1,4.0,7.4,False,37,False,52
BST-090,PROD-027,10,3,7,2.7060652827591882,0.8506574594482699,1,4.0,6.7,False,35,False,52
BST-090,PROD-028,16,5,11,2.75290238496465,1.0102112033494726,1,4.0,6.8,False,32,False,52
BST-090,PROD-029,4,0,4,2.03673069116824,0.65083896847667,1,4.0,6.0,True,29,False,52
BST-090,PROD-030,4,4,0,2.8483792727460577,0.9682399333705392,1,4.0,6.8,True,44,False,52
BST-090,PROD-031,7,0,7,1.003328053691675,0.02373816647428694,1,4.0,5.0,False,11,False,52
BST-090,PROD-032,16,2,14,0.9966286930808399,0.02240292788774583,1,4.0,5.0,False,4,False,52
BST-090,PROD-033,4,4,0,1.0005560650945502,0.01857270047081228,1,4.0,5.0,True,18,False,52
BST-090,PROD-034,13,4,9,0.9990832596055198,0.018522013725162743,1,4.0,5.0,False,9,False,52
BST-090,PROD-035,39,0,39,0.002207851739599812,0.00023877860816576624,1,4.0,4.0,False,0,True,52
BST-091,PROD-001,26,3,23,14.110230819497575,4.558015180425626,1,7.5,21.6,False,170,False,196
BST-091,PROD-002,46,2,44,17.263605550928137,5.753927998638278,1,9.5,26.8,False,206,False,252
BST-091,PROD-003,3,3,0,10.063705176547208,3.430440334593679,1,5.7,15.8,True,137,False,140
BST-091,PROD-004,0,0,0,19.12125313447019,6.167810304848646,1,10.2,29.3,True,168,False,168
BST-091,PROD-005,0,0,0,23.923223076021536,8.561642557345577,1,14.1,38.0,True,210,False,210
BST-091,PROD-006,0,0,0,21.971587324508523,7.466741143365262,1,12.3,34.3,True,182,False,182
BST-091,PROD-007,28,0,28,22.868099888034628,6.738689104290632,1,11.1,34.0,True,140,False,168
BST-091,PROD-008,22,2,20,20.77674555288184,6.299682105341534,1,10.4,31.2,True,118,False,140
BST-091,PROD-009,0,0,0,19.800533575623994,5.602436945234759,1,9.2,29.0,True,154,False,154
BST-091,PROD-010,13,1,12,3.954409099524803,1.3624124880488864,1,4.0,8.0,False,43,False,56
BST-091,PROD-011,19,1,18,5.001846922712673,1.6257922916701937,1,4.0,9.0,False,51,False,70
BST-091,PROD-012,22,0,22,5.881903873214354,1.9433730272499807,1,4.0,9.9,False,62,False,84
BST-091,PROD-013,18,3,15,5.750771272148318,1.607276282383397,1,4.0,9.8,False,66,False,84
BST-091,PROD-014,11,2,9,8.118236664133429,2.651575277592089,1,4.4,12.5,True,101,False,112
BST-091,PROD-015,18,3,15,3.824460830270108,1.2222558614790828,1,4.0,7.8,False,38,False,56
BST-091,PROD-016,8,2,6,2.9312671268505417,1.037523448385385,1,4.0,6.9,True,39,False,52
BST-091,PROD-017,13,3,10,1.0129587972208296,0.014535358750734141,1,4.0,5.0,False,8,False,52
BST-091,PROD-018,4,2,2,1.9672018652440608,0.6155166275491629,1,4.0,6.0,True,30,False,52
BST-091,PROD-019,23,5,18,19.346412105315643,6.388244056889145,1,10.5,29.8,True,257,False,280
BST-091,PROD-020,102,5,97,24.403129846398134,7.96813659850287,1,13.1,37.5,False,248,False,350
BST-091,PROD-021,63,2,61,17.75993458554314,5.968058292598621,1,9.8,27.6,False,189,False,252
BST-091,PROD-022,30,1,29,13.816790612125567,4.755044543251805,1,7.8,21.6,False,166,False,196
BST-091,PROD-023,3,3,0,12.184465932473884,4.188891676107616,1,6.9,19.1,True,165,False,168
BST-091,PROD-024,38,5,33,9.73580229004258,3.479252571661458,1,5.7,15.4,False,102,False,140
BST-091,PROD-025,3,2,1,6.08066319385366,1.9168158105453426,1,4.0,10.1,True,81,False,84
BST-091,PROD-026,10,0,10,5.1020168827318075,1.7250569521050574,1,4.0,9.1,False,60,False,70
BST-091,PROD-027,7,0,7,3.867157710251054,1.2581822311775355,1,4.0,7.9,True,49,False,56
BST-091,PROD-028,9,4,5,3.9758613881612495,1.3389648607575544,1,4.0,8.0,True,47,False,56
BST-091,PROD-029,11,3,8,3.016282367888613,0.9793817297967503,1,4.0,7.0,False,38,False,52
BST-091,PROD-030,15,2,13,3.8171771526075013,1.2253767753119875,1,4.0,7.8,False,41,False,56
BST-091,PROD-031,10,5,5,1.0119657648368268,0.015041192688334381,1,4.0,5.0,False,13,False,52
BST-091,PROD-032,7,0,7,1.0046729313082412,0.013367453191696485,1,4.0,5.0,False,11,False,52
BST-091,PROD-033,12,1,11,1.0066896162746821,0.012240401332605193,1,4.0,5.0,False,7,False,52
BST-091,PROD-034,13,0,13,1.0051485187507303,0.012197435724100534,1,4.0,5.0,False,5,False,52
BST-091,PROD-035,39,1,38,0.0024512454337857143,0.00026506151042620714,1,4.0,4.0,False,0,True,52
BST-092,PROD-001,35,3,32,19.319167804733667,2.7399832790034733,1,8.0,27.3,False,203,False,238
BST-092,PROD-002,87,4,83,25.07692663252168,3.5849538089452992,1,11.0,36.1,False,217,False,304
BST-092,PROD-003,36,0,36,14.318699963608209,1.9617353642924054,1,6.0,20.3,False,132,False,168
BST-092,PROD-004,28,2,26,16.314856019542418,1.942396674926671,1,7.0,23.3,False,175,False,203
BST-092,PROD-005,15,3,12,22.75380618863644,3.4191411983530755,1,9.0,31.8,True,241,False,256
BST-092,PROD-006,28,1,27,19.07977511754709,2.850158347902824,1,8.0,27.1,True,192,False,220
BST-092,PROD-007,30,0,30,16.329052703635195,2.1097278756755014,1,7.0,23.3,False,173,False,203
BST-092,PROD-008,33,4,29,14.160945354026795,1.823730248177151,1,6.0,20.2,False,135,False,168
BST-092,PROD-009,51,0,51,15.56132123305513,2.2127938809692065,1,7.0,22.6,False,135,False,186
BST-092,PROD-010,13,0,13,5.559562807181504,0.8276260618113085,1,4.0,9.6,False,53,False,66
BST-092,PROD-011,8,4,4,7.083575338578975,1.029549257437889,1,4.0,11.1,True,76,False,84
BST-092,PROD-012,29,0,29,8.243060789436312,1.3662513805981966,1,4.0,12.2,False,73,False,102
BST-092,PROD-013,6,2,4,8.480000808030379,1.0418005530431527,1,4.0,12.5,True,96,False,102
BST-092,PROD-014,35,3,32,11.383650617346424,1.3418430517857636,1,5.0,16.4,False,101,False,136
BST-092,PROD-015,11,3,8,5.392008676795709,0.768295394651549,1,4.0,9.4,True,55,False,66
BST-092,PROD-016,13,1,12,4.383340332267431,0.5870405896620617,1,4.0,8.4,False,39,False,52
BST-092,PROD-017,13,3,10,1.3476639448914334,0.31259329575989425,1,4.0,5.3,False,13,False,52
BST-092,PROD-018,11,1,10,2.8889326877434356,0.5543621799221101,1,4.0,6.9,False,34,False,52
BST-092,PROD-019,76,1,75,28.126843250409614,4.040483349197523,1,12.0,40.1,False,264,False,340
BST-092,PROD-020,123,4,119,36.19984973551185,5.421855404268006,1,15.0,51.2,False,301,False,424
BST-092,PROD-021,59,4,55,25.287455120905953,3.46909053096329,1,11.0,36.3,False,245,False,304
BST-092,PROD-022,13,0,13,19.21582551775345,2.6140257486800067,1,8.0,27.2,True,225,False,238
BST-092,PROD-023,26,1,25,16.70446104318012,2.1088746238321794,1,7.0,23.7,False,177,False,203
BST-092,PROD-024,18,3,15,13.969006318678817,1.9452227740745445,1,6.0,20.0,True,150,False,168
BST-092,PROD-025,11,5,6,8.698381607678893,1.22856750857479,1,4.0,12.7,True,91,False,102
BST-092,PROD-026,24,0,24,7.001845094305807,1.195200866999478,1,4.0,11.0,False,60,False,84
BST-092,PROD-027,8,2,6,5.636588886783939,0.7708727965767163,1,4.0,9.6,True,58,False,66
BST-092,PROD-028,10,1,9,5.576142178865005,0.7162953074686548,1,4.0,9.6,True,56,False,66
BST-092,PROD-029,4,4,0,4.317434765924882,0.5885949967833479,1,4.0,8.3,True,48,False,52
BST-092,PROD-030,18,3,15,5.695353246989062,0.8322278673193159,1,4.0,9.7,False,48,False,66
BST-092,PROD-031,9,1,8,1.0138161740804021,0.011410967913300193,1,4.0,5.0,False,10,False,52
BST-092,PROD-032,7,3,4,1.0060946483779196,0.010141594507619289,1,4.0,5.0,True,14,False,52
BST-092,PROD-033,5,2,3,1.0069653105986534,0.009978367978116588,1,4.0,5.0,True,15,False,52
BST-092,PROD-034,13,0,13,1.0055183621466999,0.009954910416642766,1,4.0,5.0,False,5,False,52
BST-092,PROD-035,39,1,38,0.0020971556619573976,0.00022726942698506598,1,4.0,4.0,False,0,True,52
BST-093,PROD-001,34,5,29,39.50357730102017,8.671953809213695,1,14.3,53.8,True,225,False,259
BST-093,PROD-002,37,1,36,54.114614099246225,12.760257390140884,1,21.1,75.2,True,295,False,332
BST-093,PROD-003,26,0,26,29.481624571495136,6.5564485853460885,1,10.8,40.3,True,160,False,186
BST-093,PROD-004,0,0,0,14.615318403259865,4.177407558305401,1,8.0,22.6,True,213,False,224
BST-093,PROD-005,42,2,40,17.559141469660684,5.1017156215511426,1,10.0,27.6,False,216,False,276
BST-093,PROD-006,30,2,28,16.414023684255188,4.518453146309638,1,9.0,25.4,False,211,False,242
BST-093,PROD-007,71,4,67,14.218835603092828,3.8684786160603646,1,8.0,22.2,False,140,False,224
BST-093,PROD-008,39,3,36,12.065114526899185,3.004374987018792,1,7.0,19.1,False,140,False,186
BST-093,PROD-009,64,2,62,12.850692888944788,3.178727640753621,1,7.0,19.9,False,125,False,203
BST-093,PROD-010,14,0,14,4.79764092045875,1.2645295344181589,1,4.0,8.8,False,57,False,74
BST-093,PROD-011,18,3,15,6.040815687885283,1.558770354810164,1,4.0,10.0,False,73,False,91
BST-093,PROD-012,19,1,18,6.977676186599659,1.6952556717442269,1,4.0,11.0,False,84,False,112
BST-093,PROD-013,28,4,24,7.095303586546677,2.0877153661270915,1,4.0,11.1,False,79,False,112
BST-093,PROD-014,35,0,35,9.37297637408891,2.3011706901677993,1,5.0,14.4,False,101,False,147
BST-093,PROD-015,7,5,2,4.679013366271017,1.5208003348378194,1,4.0,8.7,True,67,False,74
BST-093,PROD-016,11,1,10,3.584812946996663,0.948341907314712,1,4.0,7.6,False,44,False,56
BST-093,PROD-017,6,2,4,1.2363522893131946,0.31325198006415245,1,4.0,5.2,True,17,False,52
BST-093,PROD-018,7,5,2,2.3561523010040486,0.5120916342578588,1,4.0,6.4,True,35,False,52
BST-093,PROD-019,63,0,63,50.0320830750931,11.63572716011255,1,19.2,69.2,True,308,False,371
BST-093,PROD-020,0,0,0,64.30765775670002,15.860827376668565,1,26.2,90.5,True,462,False,462
BST-093,PROD-021,2,0,2,45.75518041296085,10.492230361994688,1,17.3,63.1,True,330,False,332
BST-093,PROD-022,28,4,24,16.312048535945795,4.545041278864799,1,9.0,25.3,True,213,False,259
BST-093,PROD-023,26,3,23,14.17648527156288,3.845178379450786,1,8.0,22.2,False,183,False,224
BST-093,PROD-024,22,5,17,11.807073844908729,3.1732253955750767,1,7.0,18.8,True,155,False,186
BST-093,PROD-025,12,2,10,6.643969645427579,1.6996887525375897,1,4.0,10.6,True,87,False,112
BST-093,PROD-026,21,5,16,6.03198777190896,1.618182052694721,1,4.0,10.0,False,70,False,91
BST-093,PROD-027,22,3,19,4.668565509968279,1.2328931437499113,1,4.0,8.7,False,50,False,74
BST-093,PROD-028,18,2,16,4.671366426235095,1.2680579668725356,1,4.0,8.7,False,53,False,74
BST-093,PROD-029,5,5,0,3.6633810274871617,1.1090376227526615,1,4.0,7.7,True,51,False,56
BST-093,PROD-030,6,3,3,4.685990605444645,1.2414005593581416,1,4.0,8.7,True,67,False,74
BST-093,PROD-031,11,2,9,1.0115644087499265,0.011298613618539509,1,4.0,5.0,False,9,False,52
BST-093,PROD-032,7,3,4,1.0043989132295945,0.010977386133709794,1,4.0,5.0,True,14,False,52
BST-093,PROD-033,14,3,11,1.004147806361398,0.009728196433537605,1,4.0,5.0,False,7,False,52
BST-093,PROD-034,13,2,11,1.0027966246654705,0.009558676787373058,1,4.0,5.0,False,7,False,52
BST-093,PROD-035,39,0,39,0.002092038233087268,0.00022559312780790866,1,4.0,4.0,False,0,True,52
BST-094,PROD-001,12,2,10,11.595179261829477,3.5232299428264615,1,6.0,17.6,True,152,False,164
BST-094,PROD-002,57,4,53,15.01721866910905,5.12925704941029,1,8.5,23.5,False,153,False,210
BST-094,PROD-003,27,3,24,7.994314964996041,2.317233965434218,1,4.0,12.0,False,92,False,119
BST-094,PROD-004,13,0,13,15.851366044365415,5.0780068008501384,1,8.4,24.3,False,114,False,140
BST-094,PROD-005,0,0,0,21.160622856054324,7.25792994874471,1,12.0,33.2,True,175,False,175
BST-094,PROD-006,0,0,0,19.255772538758016,6.683958181184215,1,11.0,30.3,True,154,False,154
BST-094,PROD-007,22,2,20,20.132851150725052,6.298643774842717,1,10.4,30.5,True,118,False,140
BST-094,PROD-008,12,3,9,15.9957025056399,4.779219434311514,1,7.9,23.9,True,107,False,119
BST-094,PROD-009,16,4,12,18.804461362455644,5.980908557124426,1,9.9,28.7,True,114,False,130
BST-094,PROD-010,4,1,3,3.400675018237802,1.0571277008113342,1,4.0,7.4,True,48,False,52
BST-094,PROD-011,7,3,4,4.217660423063664,1.4859759680367224,1,4.0,8.2,True,53,False,60
BST-094,PROD-012,18,5,13,4.973184364259571,1.5654468548340437,1,4.0,9.0,False,52,False,70
BST-094,PROD-013,10,2,8,4.928194071589513,1.605606223131433,1,4.0,8.9,True,60,False,70
BST-094,PROD-014,25,4,21,6.774781968717401,2.297667836531873,1,4.0,10.8,False,69,False,94
BST-094,PROD-015,10,5,5,3.593055230219819,1.0798825928444882,1,4.0,7.6,True,42,False,52
BST-094,PROD-016,14,5,9,2.28993202593091,0.8120639263664492,1,4.0,6.3,False,27,False,52
BST-094,PROD-017,13,3,10,1.008997448639542,0.01521736532126381,1,4.0,5.0,False,8,False,52
BST-094,PROD-018,5,3,2,1.7431847811031147,0.4138242860934049,1,4.0,5.7,True,26,False,52
BST-094,PROD-019,19,5,14,17.220462696166113,5.662117239246043,1,9.3,26.5,True,215,False,234
BST-094,PROD-020,56,1,55,20.86081920994891,7.105089378861578,1,11.7,32.6,False,238,False,294
BST-094,PROD-021,29,3,26,14.808853261171233,4.838431971544611,1,8.0,22.8,False,181,False,210
BST-094,PROD-022,35,0,35,11.362249504437939,3.525396517188355,1,6.0,17.4,False,129,False,164
BST-094,PROD-023,9,2,7,9.947363703464175,3.2809331899739664,1,5.4,15.3,True,131,False,140
BST-094,PROD-024,34,4,30,8.058094051497811,2.4235754195466743,1,4.0,12.1,False,85,False,119
BST-094,PROD-025,16,1,15,5.036764562091411,1.6826988075074265,1,4.0,9.0,False,54,False,70
BST-094,PROD-026,5,4,1,4.016890738718232,1.358411752343569,1,4.0,8.0,True,55,False,60
BST-094,PROD-027,9,5,4,3.196597812854408,1.0096174858542142,1,4.0,7.2,True,43,False,52
BST-094,PROD-028,12,4,8,3.396573141171449,1.0155806295570928,1,4.0,7.4,False,40,False,52
BST-094,PROD-029,8,0,8,2.4727888243136698,0.8649581866181538,1,4.0,6.5,False,31,False,52
BST-094,PROD-030,11,5,6,3.5089296519211683,1.2056645768348184,1,4.0,7.5,True,41,False,52
BST-094,PROD-031,7,4,3,1.008025880129688,0.01625906550900611,1,4.0,5.0,True,15,False,52
BST-094,PROD-032,17,4,13,1.000478055816837,0.014828162199436652,1,4.0,5.0,False,5,False,52
BST-094,PROD-033,13,3,10,1.0023924238008932,0.01339893884807409,1,4.0,5.0,False,8,False,52
BST-094,PROD-034,13,1,12,1.000880364355204,0.013357736875644063,1,4.0,5.0,False,6,False,52
BST-094,PROD-035,39,1,38,0.002053814343533656,0.0002214947455792665,1,4.0,4.0,False,0,True,52
BST-095,PROD-001,45,3,42,36.4840764794231,8.161902523945926,1,13.5,50.0,True,186,False,231
BST-095,PROD-002,34,1,33,44.41672250591237,9.454157317336138,1,15.6,60.0,True,260,False,294
BST-095,PROD-003,22,0,22,26.421386418602765,5.660750306487202,1,9.3,35.7,True,142,False,164
BST-095,PROD-004,0,0,0,13.147786107631685,3.3035236142407864,1,7.0,20.1,True,191,False,196
BST-095,PROD-005,44,0,44,16.160468934548692,4.909259724118128,1,9.0,25.2,False,191,False,245
BST-095,PROD-006,52,5,47,14.332291303297083,4.066158489392407,1,8.0,22.3,False,162,False,214
BST-095,PROD-007,25,0,25,12.934080763716285,3.374161838817603,1,7.0,19.9,False,163,False,196
BST-095,PROD-008,40,1,39,10.379651415279513,3.0138744205222965,1,6.0,16.4,False,112,False,164
BST-095,PROD-009,22,2,20,11.437232078923275,3.053303088610247,1,6.0,17.4,False,146,False,182
BST-095,PROD-010,10,1,9,4.175006256291555,1.094281898329073,1,4.0,8.2,False,53,False,66
BST-095,PROD-011,26,1,25,5.16892984950975,1.410198457755021,1,4.0,9.2,False,51,False,80
BST-095,PROD-012,10,1,9,6.1855443219173365,1.7285792952198051,1,4.0,10.2,True,82,False,98
BST-095,PROD-013,15,4,11,6.392935227071992,1.7950891626830394,1,4.0,10.4,False,83,False,98
BST-095,PROD-014,16,1,15,8.440742119353057,2.3526406161781006,1,5.0,13.4,False,108,False,133
BST-095,PROD-015,22,2,20,4.366687145303198,1.2945957013923106,1,4.0,8.4,False,44,False,66
BST-095,PROD-016,7,4,3,3.185105318863823,0.7569368616465094,1,4.0,7.2,True,45,False,52
BST-095,PROD-017,10,0,10,1.1770017468684888,0.2580695864919834,1,4.0,5.2,False,10,False,52
BST-095,PROD-018,15,0,15,2.1954902149822653,0.5211748424672269,1,4.0,6.2,False,20,False,52
BST-095,PROD-019,53,0,53,45.66655498451685,11.098259398891887,1,18.3,64.0,True,276,False,329
BST-095,PROD-020,97,2,95,56.69246901346439,13.589119688703168,1,22.4,79.1,False,313,False,410
BST-095,PROD-021,0,0,0,41.915880988819715,9.585194175332276,1,15.8,57.7,True,294,False,294
BST-095,PROD-022,39,0,39,14.461787920895516,4.225151642959348,1,8.0,22.5,False,171,False,231
BST-095,PROD-023,31,4,27,12.440757734543393,3.277310323004356,1,7.0,19.4,False,154,False,196
BST-095,PROD-024,33,4,29,10.30235374165736,2.747438660203791,1,6.0,16.3,False,121,False,164
BST-095,PROD-025,23,0,23,6.172344665853397,1.4120825302788236,1,4.0,10.2,False,67,False,98
BST-095,PROD-026,15,0,15,4.922821909378244,1.2035776966237937,1,4.0,8.9,False,58,False,80
BST-095,PROD-027,11,5,6,4.207750299055314,1.106079935814857,1,4.0,8.2,True,55,False,66
BST-095,PROD-028,6,5,1,4.213596897824776,1.0708464190722031,1,4.0,8.2,True,60,False,66
BST-095,PROD-029,5,1,4,3.1514724208046947,0.9056760840433777,1,4.0,7.2,True,44,False,52
BST-095,PROD-030,22,1,21,4.242827866334259,1.0438265975600607,1,4.0,8.2,False,42,False,66
BST-095,PROD-031,13,4,9,1.0098505971989922,0.01276188426193292,1,4.0,5.0,False,9,False,52
BST-095,PROD-032,12,5,7,1.0035643022519491,0.012826784742517512,1,4.0,5.0,False,11,False,52
BST-095,PROD-033,7,1,6,1.0026960857756715,0.01048399307558388,1,4.0,5.0,False,12,False,52
BST-095,PROD-034,13,4,9,1.0016598157597079,0.010031776418614613,1,4.0,5.0,False,9,False,52
BST-095,PROD-035,39,4,35,0.0021956618745746547,0.00023655360621329717,1,4.0,4.0,False,0,True,52
BST-096,PROD-001,47,1,46,38.123246909059894,8.788059722630788,1,14.5,52.6,True,191,False,238
BST-096,PROD-002,35,2,33,49.07070664294614,10.783676628161851,1,17.8,66.9,True,269,False,304
BST-096,PROD-003,20,3,17,26.419586716239962,5.456636818765065,1,9.0,35.4,True,152,False,172
BST-096,PROD-004,7,3,4,13.43651859319453,3.858547067111518,1,7.0,20.4,True,191,False,203
BST-096,PROD-005,35,0,35,16.460949200982988,5.375892996469188,1,9.0,25.5,False,204,False,256
BST-096,PROD-006,18,1,17,14.851427101358082,4.439134292856376,1,8.0,22.9,True,199,False,220
BST-096,PROD-007,54,5,49,13.001746634198112,3.2206775308868747,1,7.0,20.0,False,140,False,203
BST-096,PROD-008,33,2,31,10.8508047045031,2.8177432709983155,1,6.0,16.9,False,127,False,172
BST-096,PROD-009,56,1,55,11.616292261881899,2.9500299383024684,1,7.0,18.6,False,115,False,186
BST-096,PROD-010,9,1,8,4.4359312790495276,1.2490169887439266,1,4.0,8.4,True,57,False,66
BST-096,PROD-011,27,3,24,5.345719218467586,1.5583645395924863,1,4.0,9.3,False,55,False,84
BST-096,PROD-012,27,1,26,6.446258140817338,1.7155265947878624,1,4.0,10.4,False,68,False,102
BST-096,PROD-013,11,1,10,6.4176006446102765,1.5474648258763477,1,4.0,10.4,True,84,False,102
BST-096,PROD-014,35,1,34,8.47946251115123,2.028178677240782,1,5.0,13.5,False,90,False,136
BST-096,PROD-015,12,0,12,4.316476480693965,1.0882395505989888,1,4.0,8.3,False,52,False,66
BST-096,PROD-016,8,3,5,3.248289113901316,0.945910869651613,1,4.0,7.2,True,44,False,52
BST-096,PROD-017,6,3,3,1.158524641626461,0.26465458738160874,1,4.0,5.2,True,17,False,52
BST-096,PROD-018,11,0,11,2.3029170420953418,0.6432950402309481,1,4.0,6.3,False,25,False,52
BST-096,PROD-019,58,3,55,47.08520160957356,11.322244233265732,1,18.7,65.8,True,282,False,340
BST-096,PROD-020,67,1,66,58.08397430018054,14.115303459501604,1,23.3,81.4,True,357,False,424
BST-096,PROD-021,8,2,6,42.36069429819921,9.434244173506372,1,15.6,58.0,True,296,False,304
BST-096,PROD-022,52,4,48,14.901403638435285,4.180559493031579,1,8.0,22.9,False,169,False,238
BST-096,PROD-023,31,2,29,12.705893709239875,3.6238982201997283,1,7.0,19.7,False,156,False,203
BST-096,PROD-024,20,2,18,11.116893936884756,2.9750435573671923,1,6.0,17.1,False,144,False,172
BST-096,PROD-025,24,4,20,6.458195248212763,1.5843159937363334,1,4.0,10.5,False,74,False,102
BST-096,PROD-026,20,0,20,5.235319836395947,1.3753768323265385,1,4.0,9.2,False,57,False,84
BST-096,PROD-027,15,1,14,4.223023474076529,1.0623677756356824,1,4.0,8.2,False,49,False,66
BST-096,PROD-028,11,4,7,4.467839464353241,1.2206695928498346,1,4.0,8.5,True,55,False,66
BST-096,PROD-029,12,4,8,3.267171266713156,0.9141057892661055,1,4.0,7.3,False,40,False,52
BST-096,PROD-030,20,2,18,4.263639664984317,1.1586450661425751,1,4.0,8.3,False,46,False,66
BST-096,PROD-031,11,3,8,1.0105075772806373,0.012018303085845077,1,4.0,5.0,False,10,False,52
BST-096,PROD-032,13,4,9,1.0033658598181274,0.011335132893671373,1,4.0,5.0,False,9,False,52
BST-096,PROD-033,5,1,4,1.0036030482169578,0.010202146826672507,1,4.0,5.0,False,13,False,52
BST-096,PROD-034,13,1,12,1.0024096544096444,0.00994317664508197,1,4.0,5.0,False,6,False,52
BST-096,PROD-035,39,0,39,0.002090510123561223,0.00022517253143162732,1,4.0,4.0,False,0,True,52
BST-097,PROD-001,29,3,26,34.77982450516986,7.272497591604816,1,12.0,46.8,True,188,False,217
BST-097,PROD-002,55,2,53,44.28076397523879,9.485498598193244,1,15.7,60.0,True,225,False,280
BST-097,PROD-003,20,5,15,24.324590115107945,5.239179158008516,1,8.6,32.9,True,138,False,158
BST-097,PROD-004,33,1,32,12.26895891778578,3.348989926055716,1,7.0,19.3,False,147,False,189
BST-097,PROD-005,37,2,35,15.077261926624582,4.944862708697603,1,8.2,23.3,False,184,False,234
BST-097,PROD-006,44,3,41,13.546300024516702,3.9224288929531506,1,7.0,20.5,False,156,False,203
BST-097,PROD-007,44,2,42,11.653930161878394,3.6331227242453856,1,7.0,18.7,False,128,False,189
BST-097,PROD-008,23,0,23,10.034359535734612,2.4607410983322198,1,6.0,16.0,False,123,False,158
BST-097,PROD-009,17,4,13,11.25561738538743,2.9214735121020854,1,6.0,17.3,True,151,False,172
BST-097,PROD-010,15,2,13,4.085670468527818,1.1758883561451337,1,4.0,8.1,False,48,False,63
BST-097,PROD-011,18,1,17,5.10614635329454,1.6191071154563128,1,4.0,9.1,False,58,False,77
BST-097,PROD-012,14,1,13,5.940048932945065,1.6708112574714864,1,4.0,9.9,False,74,False,94
BST-097,PROD-013,20,2,18,5.955621025706869,1.6654467646658906,1,4.0,10.0,False,69,False,94
BST-097,PROD-014,35,2,33,7.845346872848687,2.136606304344572,1,4.0,11.8,False,81,False,126
BST-097,PROD-015,13,1,12,4.136235678226859,1.2490203386035528,1,4.0,8.1,False,50,False,63
BST-097,PROD-016,11,0,11,2.821612974014051,0.7391099914708678,1,4.0,6.8,False,33,False,52
BST-097,PROD-017,4,2,2,1.0090799311879028,0.016178469508863456,1,4.0,5.0,True,16,False,52
BST-097,PROD-018,9,0,9,2.113566003626647,0.5292100187970353,1,4.0,6.1,False,25,False,52
BST-097,PROD-019,60,0,60,42.79552959680655,10.085871773222454,1,16.6,59.4,False,252,False,312
BST-097,PROD-020,103,2,101,51.49466842812881,12.493122019975182,1,20.6,72.1,False,289,False,392
BST-097,PROD-021,19,2,17,37.54891680864565,8.469713010535985,1,14.0,51.5,True,261,False,280
BST-097,PROD-022,56,4,52,13.659085278652043,4.078406269801014,1,8.0,21.7,False,147,False,217
BST-097,PROD-023,59,3,56,11.70089074433594,3.2155927020721373,1,7.0,18.7,False,115,False,189
BST-097,PROD-024,48,4,44,10.004588661760847,2.8193696742026755,1,6.0,16.0,False,102,False,158
BST-097,PROD-025,27,3,24,6.209544001935623,1.7511411771260619,1,4.0,10.2,False,67,False,94
BST-097,PROD-026,20,3,17,4.9780433517698635,1.5638748539411198,1,4.0,9.0,False,57,False,77
BST-097,PROD-027,20,2,18,3.9700662904830812,1.144697572738982,1,4.0,8.0,False,42,False,63
BST-097,PROD-028,8,4,4,3.953736153537666,1.0278588158233448,1,4.0,8.0,True,55,False,63
BST-097,PROD-029,17,2,15,3.030445054912384,0.7694599315815592,1,4.0,7.0,False,31,False,52
BST-097,PROD-030,14,4,10,3.9702023430547597,0.9743974592261399,1,4.0,8.0,False,49,False,63
BST-097,PROD-031,12,2,10,1.0090624615255606,0.014496259427767241,1,4.0,5.0,False,8,False,52
BST-097,PROD-032,13,2,11,1.0032428291758346,0.014353300619849976,1,4.0,5.0,False,7,False,52
BST-097,PROD-033,5,4,1,1.0024107713947195,0.011624809043364132,1,4.0,5.0,True,17,False,52
BST-097,PROD-034,13,4,9,1.0015646791857122,0.011072141646630701,1,4.0,5.0,False,9,False,52
BST-097,PROD-035,39,1,38,0.0022479863252042056,0.00024087642568128113,1,4.0,4.0,False,0,True,52
BST-098,PROD-001,23,3,20,12.431273646529563,1.4682675014487554,1,5.0,17.4,False,131,False,154
BST-098,PROD-002,51,2,49,16.24837575758008,2.086308163692748,1,7.0,23.2,False,145,False,196
BST-098,PROD-003,13,2,11,9.095561080430356,1.2529697298595395,1,4.0,13.1,True,95,False,108
BST-098,PROD-004,6,3,3,11.682661574603387,1.440054747543191,1,5.0,16.7,True,127,False,133
BST-098,PROD-005,0,0,0,14.023072483432843,2.243342444233967,1,6.0,20.0,True,164,False,164
BST-098,PROD-006,16,0,16,12.375159207682314,1.532202324250971,1,5.0,17.4,True,128,False,144
BST-098,PROD-007,11,1,10,11.01531969569253,1.7605842232510203,1,5.0,16.0,True,122,False,133
BST-098,PROD-008,8,2,6,9.185768672560986,1.343665273124948,1,4.0,13.2,True,100,False,108
BST-098,PROD-009,14,1,13,10.205269705606128,1.2327090347146272,1,4.0,14.2,True,105,False,119
BST-098,PROD-010,4,3,1,3.753094202277931,0.4295617173676077,1,4.0,7.8,True,48,False,52
BST-098,PROD-011,16,2,14,4.739553953875136,0.6679396726564267,1,4.0,8.7,False,40,False,56
BST-098,PROD-012,11,3,8,5.398451965549382,0.8131558620356714,1,4.0,9.4,True,55,False,66
BST-098,PROD-013,15,4,11,5.432042142973744,0.815938687171416,1,4.0,9.4,False,51,False,66
BST-098,PROD-014,14,1,13,7.089042369740163,1.0802475855572151,1,4.0,11.1,False,74,False,88
BST-098,PROD-015,8,3,5,3.730767150710623,0.4741476605798756,1,4.0,7.7,True,44,False,52
BST-098,PROD-016,17,4,13,2.9071847523817724,0.32738774920872055,1,4.0,6.9,False,32,False,52
BST-098,PROD-017,13,2,11,1.009183990510634,0.01153782563119451,1,4.0,5.0,False,7,False,52
BST-098,PROD-018,18,5,13,1.986841886807251,0.0900970625111795,1,4.0,6.0,False,19,False,52
BST-098,PROD-019,30,4,26,17.532996714296065,2.4068650868938186,1,8.0,25.5,False,190,False,220
BST-098,PROD-020,73,2,71,22.5373904442848,3.224953729470885,1,10.0,32.5,False,200,False,273
BST-098,PROD-021,56,4,52,16.11395363449091,2.066837822126089,1,7.0,23.1,False,140,False,196
BST-098,PROD-022,39,1,38,12.443578377231594,1.7289484814440546,1,5.0,17.4,False,115,False,154
BST-098,PROD-023,10,2,8,10.83919852853019,1.6683457589907384,1,5.0,15.8,True,123,False,133
BST-098,PROD-024,11,3,8,9.138839431533434,1.2393028008932556,1,4.0,13.1,True,97,False,108
BST-098,PROD-025,10,1,9,5.371158922083727,0.6657300759884093,1,4.0,9.4,True,56,False,66
BST-098,PROD-026,18,0,18,4.5853702353485986,0.5950698631847027,1,4.0,8.6,False,38,False,56
BST-098,PROD-027,10,5,5,3.6755035343344162,0.48951825542307,1,4.0,7.7,True,42,False,52
BST-098,PROD-028,12,2,10,3.6226928631849398,0.4822079436672795,1,4.0,7.6,False,40,False,52
BST-098,PROD-029,14,5,9,2.605575677988083,0.37336278155203945,1,4.0,6.6,False,31,False,52
BST-098,PROD-030,7,0,7,3.757192799248262,0.46804212606174095,1,4.0,7.8,True,45,False,52
BST-098,PROD-031,7,2,5,1.0089407681201645,0.010184165562950157,1,4.0,5.0,False,13,False,52
BST-098,PROD-032,15,3,12,1.0031855275478592,0.00912124671417188,1,4.0,5.0,False,6,False,52
BST-098,PROD-033,9,5,4,1.0044861609082576,0.008874911898527965,1,4.0,5.0,True,14,False,52
BST-098,PROD-034,13,0,13,1.003146592814023,0.00883105363492677,1,4.0,5.0,False,5,False,52
BST-098,PROD-035,39,1,38,0.0023088322847559096,0.00024683241370713734,1,4.0,4.0,False,0,True,52
BST-099,PROD-001,66,0,66,20.68979000340439,2.9725903291216222,1,9.0,29.7,False,176,False,242
BST-099,PROD-002,16,0,16,24.95529098850019,3.281040408223872,1,11.0,36.0,True,292,False,308
BST-099,PROD-003,39,0,39,14.804906004208458,1.7740304619786085,1,6.0,20.8,False,133,False,172
BST-099,PROD-004,100,0,100,16.578470707336347,2.7920448440214294,1,7.0,23.6,False,6,False,206
BST-099,PROD-005,23,4,19,23.08108383404696,2.9864196543988504,1,9.0,32.1,True,236,False,259
BST-099,PROD-006,35,3,32,18.694139789143126,2.251793956638771,1,8.0,26.7,False,189,False,224
BST-099,PROD-007,6,1,5,17.468812603767624,2.7134444840820153,1,7.0,24.5,True,200,False,206
BST-099,PROD-008,48,5,43,14.4447967526642,2.0473655470512533,1,6.0,20.4,False,124,False,172
BST-099,PROD-009,12,4,8,15.674706378115005,2.0090862267808935,1,7.0,22.7,True,177,False,189
BST-099,PROD-010,17,4,13,5.916578690652822,1.0860768526822953,1,4.0,9.9,False,53,False,70
BST-099,PROD-011,6,4,2,7.250894086852461,0.9047813942236398,1,4.0,11.3,True,82,False,88
BST-099,PROD-012,8,4,4,8.537678069586502,0.9226348717734013,1,4.0,12.5,True,94,False,102
BST-099,PROD-013,1,1,0,8.90875469075535,1.2412439859239162,1,4.0,12.9,True,101,False,102
BST-099,PROD-014,29,4,25,11.458223446351072,1.26955303378626,1,5.0,16.5,False,107,False,136
BST-099,PROD-015,11,0,11,5.7518935641462665,0.7415205149923954,1,4.0,9.8,False,59,False,70
BST-099,PROD-016,15,2,13,4.512133580775346,0.5359269584436883,1,4.0,8.5,False,37,False,52
BST-099,PROD-017,13,4,9,1.3396289062779962,0.3222697215886897,1,4.0,5.3,False,14,False,52
BST-099,PROD-018,17,0,17,2.9495839004435846,0.42719649534467946,1,4.0,6.9,False,28,False,52
BST-099,PROD-019,63,4,59,28.7976200027767,3.303862655909676,1,12.0,40.8,False,280,False,343
BST-099,PROD-020,110,1,109,36.46151362344133,5.161491987346883,1,15.0,51.5,False,320,False,430
BST-099,PROD-021,77,0,77,26.070236917489247,3.9242892085968526,1,11.0,37.1,False,231,False,308
BST-099,PROD-022,54,2,52,19.064502711977205,2.799381875331142,1,9.0,28.1,False,188,False,242
BST-099,PROD-023,53,5,48,16.8176381164654,2.1434021340619784,1,7.0,23.8,False,153,False,206
BST-099,PROD-024,51,1,50,14.326470270681925,1.8672414207213595,1,6.0,20.3,False,121,False,172
BST-099,PROD-025,15,4,11,8.885269708673666,1.4048263869009374,1,4.0,12.9,True,87,False,102
BST-099,PROD-026,26,2,24,7.170362835780084,1.0641169761631422,1,4.0,11.2,False,62,False,88
BST-099,PROD-027,9,2,7,5.811364827307118,0.6683626483609245,1,4.0,9.8,True,61,False,70
BST-099,PROD-028,6,1,5,5.787909856116472,0.7116991564159904,1,4.0,9.8,True,64,False,70
BST-099,PROD-029,16,5,11,4.323464283243678,0.5185168276452846,1,4.0,8.3,False,36,False,52
BST-099,PROD-030,22,1,21,5.566796226203841,0.8514047571733271,1,4.0,9.6,False,48,False,70
BST-099,PROD-031,9,2,7,1.0134657091259132,0.011528085511154602,1,4.0,5.0,False,11,False,52
BST-099,PROD-032,7,4,3,1.0059504060312727,0.010611128761825754,1,4.0,5.0,True,15,False,52
BST-099,PROD-033,5,1,4,1.0066676108524204,0.009980415883924286,1,4.0,5.0,True,14,False,52
BST-099,PROD-034,13,0,13,1.0051864626676201,0.00999568081881063,1,4.0,5.0,False,5,False,52
BST-099,PROD-035,39,5,34,0.002096549435430878,0.00022737670050234336,1,4.0,4.0,False,0,True,52
BST-100,PROD-001,41,3,38,45.96297891058464,10.572375947257852,1,17.4,63.4,True,249,False,290
BST-100,PROD-002,55,1,54,59.07466138020968,13.23087944814582,1,21.8,80.9,True,319,False,374
BST-100,PROD-003,26,2,24,32.33569911960074,7.266343474031202,1,12.0,44.3,True,180,False,206
BST-100,PROD-004,0,0,0,16.314957913421114,4.520035377632514,1,9.0,25.3,True,237,False,248
BST-100,PROD-005,68,0,68,19.357318708910523,5.266010288864498,1,11.0,30.4,False,214,False,312
BST-100,PROD-006,43,0,43,17.525051430765817,5.189723395508259,1,10.0,27.5,False,212,False,270
BST-100,PROD-007,78,0,78,15.700714957248158,4.39465976935508,1,9.0,24.7,False,151,False,248
BST-100,PROD-008,69,1,68,13.312468792198619,3.78568999621145,1,7.0,20.3,False,125,False,206
BST-100,PROD-009,49,5,44,14.39024520743774,4.144016069252831,1,8.0,22.4,False,165,False,228
BST-100,PROD-010,23,4,19,5.134287842764033,1.3143154261426333,1,4.0,9.1,False,57,False,84
BST-100,PROD-011,20,0,20,6.535966919125893,1.7397972549326928,1,4.0,10.5,False,76,False,105
BST-100,PROD-012,21,3,18,7.964210251518686,2.308007387870967,1,4.0,12.0,False,97,False,126
BST-100,PROD-013,23,1,22,8.143386330033568,2.1246868975745734,1,4.0,12.1,False,96,False,126
BST-100,PROD-014,47,5,42,10.815793583520508,2.774500210127261,1,6.0,16.8,False,115,False,164
BST-100,PROD-015,25,1,24,5.414069726981053,1.5640568154467203,1,4.0,9.4,False,56,False,84
BST-100,PROD-016,9,1,8,4.030689762235357,1.0932574570404874,1,4.0,8.0,False,52,False,63
BST-100,PROD-017,17,0,17,1.2268554506575793,0.32534680509021363,1,4.0,5.2,False,4,False,52
BST-100,PROD-018,5,0,5,2.632377935434903,0.6455679713362192,1,4.0,6.6,True,36,False,52
BST-100,PROD-019,69,0,69,57.34066377376398,14.009989778379675,1,23.1,80.4,True,344,False,413
BST-100,PROD-020,7,2,5,70.3871851850893,16.402494416090818,1,27.1,97.5,True,511,False,518
BST-100,PROD-021,10,2,8,51.968497352895305,12.71089494805704,1,21.0,73.0,True,364,False,374
BST-100,PROD-022,86,0,86,17.54654623604505,4.564750107575437,1,10.0,27.5,False,170,False,290
BST-100,PROD-023,51,1,50,15.16595355491962,4.285917988032636,1,9.0,24.2,False,171,False,248
BST-100,PROD-024,56,3,53,12.878139010907363,3.3955017422779896,1,7.0,19.9,False,134,False,206
BST-100,PROD-025,25,1,24,7.881018313008554,2.0273349759702612,1,4.0,11.9,False,90,False,126
BST-100,PROD-026,8,3,5,6.605749145874006,1.749666473840019,1,4.0,10.6,True,91,False,105
BST-100,PROD-027,15,0,15,5.161913385767157,1.426669120163977,1,4.0,9.2,False,61,False,84
BST-100,PROD-028,14,1,13,5.152350760136508,1.1786252155050223,1,4.0,9.2,False,63,False,84
BST-100,PROD-029,15,1,14,3.9785925895770204,1.161669971331972,1,4.0,8.0,False,46,False,63
BST-100,PROD-030,27,4,23,5.353022759500563,1.5895164765532506,1,4.0,9.4,False,56,False,84
BST-100,PROD-031,7,4,3,1.0135873078261963,0.012028548385123697,1,4.0,5.0,True,15,False,52
BST-100,PROD-032,8,5,3,1.0065919767542404,0.011037460754680501,1,4.0,5.0,True,15,False,52
BST-100,PROD-033,10,3,7,1.007429592545972,0.010510552765157482,1,4.0,5.0,False,11,False,52
BST-100,PROD-034,13,3,10,1.0059562118611927,0.010380057681968879,1,4.0,5.0,False,8,False,52
BST-100,PROD-035,39,0,39,0.002314882613648883,0.000251511109153829,1,4.0,4.0,False,0,True,52
