Store_ID,Product_ID,Product_Name,Category,recommended_order_qty,Best_Supplier_ID,Best_Supplier_Name,Best_Supplier_Price,Selling_Price,procurement_cost,expected_revenue,holding_cost_est,expected_profit
BST-002,PROD-034,Fevicryl Acrylic Color (Multicolour),Festive Specials,1583,SUP-034-A,ServD Pooja Decoratives,160.0,224.0,253280.0,354592.0,5065.6,96246.4
BST-003,PROD-010,Lipton Honey Lemon Green Tea Bags,"Tea, Coffee & Milk Drinks",551,SUP-010-A,Chaayos Tea Premixers,130.0,172.0,71630.0,94772.0,1432.6000000000001,21709.4
BST-003,PROD-012,Nestea Ice Tea Premix - Lemon Flavour,"Tea, Coffee & Milk Drinks",494,SUP-012-A,Chaayos Tea Premixers,140.0,186.0,69160.0,91884.0,1383.2,21340.8
BST-001,PROD-012,Nestea Ice Tea Premix - Lemon Flavour,"Tea, Coffee & Milk Drinks",477,SUP-012-A,Chaayos Tea Premixers,140.0,186.0,66780.0,88722.0,1335.6000000000001,20606.4
BST-001,PROD-025,Kellogg's Original Corn Flakes,Dry Fruits & Cereals,662,SUP-025-A,Kellogg Cereal Packers,90.0,115.0,59580.0,76130.0,1191.6000000000001,15358.4
BST-004,PROD-025,Kellogg's Original Corn Flakes,Dry Fruits & Cereals,627,SUP-025-A,Kellogg Cereal Packers,90.0,115.0,56430.0,72105.0,1128.6000000000001,14546.4
BST-003,PROD-003,iD Idli & Dosa Batter - 1 kg,"Dairy, Bread & Eggs",982,SUP-003-A,Modern Bakeries Delhi,64.0,80.0,62848.0,78560.0,1256.96,14455.04
BST-006,PROD-010,Lipton Honey Lemon Green Tea Bags,"Tea, Coffee & Milk Drinks",266,SUP-010-A,Chaayos Tea Premixers,130.0,172.0,34580.0,45752.0,691.6,10480.4
BST-009,PROD-022,Parle Melody Bigger Chocolaty Toffee,Sweets & Chocolates,801,SUP-022-A,Parle Confectioners,38.0,50.0,30438.0,40050.0,608.76,9003.24
BST-001,PROD-011,Chaayos Masala Instant Tea Premix Regular Sugar,"Tea, Coffee & Milk Drinks",281,SUP-011-A,Chaayos Tea Premixers,115.0,149.0,32315.0,41869.0,646.3000000000001,8907.7
BST-008,PROD-003,iD Idli & Dosa Batter - 1 kg,"Dairy, Bread & Eggs",465,SUP-003-A,Modern Bakeries Delhi,64.0,80.0,29760.0,37200.0,595.2,6844.8
BST-002,PROD-004,Haldiram's Aloo Bhujia,Chips & Namkeen,337,SUP-004-A,Haldiram Packers Limited,88.0,110.0,29656.0,37070.0,593.12,6820.88
BST-005,PROD-004,Haldiram's Aloo Bhujia,Chips & Namkeen,302,SUP-004-A,Haldiram Packers Limited,88.0,110.0,26576.0,33220.0,531.52,6112.48
BST-054,PROD-004,Haldiram's Aloo Bhujia,Chips & Namkeen,254,SUP-004-A,Haldiram Packers Limited,88.0,110.0,22352.0,27940.0,447.04,5140.96
BST-054,PROD-012,Nestea Ice Tea Premix - Lemon Flavour,"Tea, Coffee & Milk Drinks",118,SUP-012-A,Chaayos Tea Premixers,140.0,186.0,16520.0,21948.0,330.40000000000003,5097.6
BST-087,PROD-004,Haldiram's Aloo Bhujia,Chips & Namkeen,249,SUP-004-A,Haldiram Packers Limited,88.0,110.0,21912.0,27390.0,438.24,5039.76
BST-045,PROD-012,Nestea Ice Tea Premix - Lemon Flavour,"Tea, Coffee & Milk Drinks",115,SUP-012-A,Chaayos Tea Premixers,140.0,186.0,16100.0,21390.0,322.0,4968.0
BST-055,PROD-004,Haldiram's Aloo Bhujia,Chips & Namkeen,243,SUP-004-A,Haldiram Packers Limited,88.0,110.0,21384.0,26730.0,427.68,4918.32
BST-045,PROD-004,Haldiram's Aloo Bhujia,Chips & Namkeen,242,SUP-004-A,Haldiram Packers Limited,88.0,110.0,21296.0,26620.0,425.92,4898.08
BST-052,PROD-012,Nestea Ice Tea Premix - Lemon Flavour,"Tea, Coffee & Milk Drinks",113,SUP-012-A,Chaayos Tea Premixers,140.0,186.0,15820.0,21018.0,316.40000000000003,4881.6
BST-100,PROD-004,Haldiram's Aloo Bhujia,Chips & Namkeen,237,SUP-004-A,Haldiram Packers Limited,88.0,110.0,20856.0,26070.0,417.12,4796.88
BST-052,PROD-004,Haldiram's Aloo Bhujia,Chips & Namkeen,235,SUP-004-A,Haldiram Packers Limited,88.0,110.0,20680.0,25850.0,413.6,4756.4
BST-010,PROD-023,Wrigley's Doublemint Peppermint Chewy Mint Candies,Sweets & Chocolates,499,SUP-023-A,Parle Confectioners,35.0,45.0,17465.0,22455.0,349.3,4640.7
BST-014,PROD-004,Haldiram's Aloo Bhujia,Chips & Namkeen,229,SUP-004-A,Haldiram Packers Limited,88.0,110.0,20152.0,25190.0,403.04,4634.96
BST-033,PROD-004,Haldiram's Aloo Bhujia,Chips & Namkeen,224,SUP-004-A,Haldiram Packers Limited,88.0,110.0,19712.0,24640.0,394.24,4533.76
BST-086,PROD-004,Haldiram's Aloo Bhujia,Chips & Namkeen,217,SUP-004-A,Haldiram Packers Limited,88.0,110.0,19096.0,23870.0,381.92,4392.08
BST-087,PROD-019,Onion (Pyaz),Vegetables & Fruits,466,SUP-019-A,Safal Fresh Greens Delhi,32.0,42.0,14912.0,19572.0,298.24,4361.76
BST-044,PROD-012,Nestea Ice Tea Premix - Lemon Flavour,"Tea, Coffee & Milk Drinks",100,SUP-012-A,Chaayos Tea Premixers,140.0,186.0,14000.0,18600.0,280.0,4320.0
BST-093,PROD-004,Haldiram's Aloo Bhujia,Chips & Namkeen,213,SUP-004-A,Haldiram Packers Limited,88.0,110.0,18744.0,23430.0,374.88,4311.12
BST-054,PROD-019,Onion (Pyaz),Vegetables & Fruits,458,SUP-019-A,Safal Fresh Greens Delhi,32.0,42.0,14656.0,19236.0,293.12,4286.88
BST-011,PROD-004,Haldiram's Aloo Bhujia,Chips & Namkeen,211,SUP-004-A,Haldiram Packers Limited,88.0,110.0,18568.0,23210.0,371.36,4270.64
BST-068,PROD-004,Haldiram's Aloo Bhujia,Chips & Namkeen,210,SUP-004-A,Haldiram Packers Limited,88.0,110.0,18480.0,23100.0,369.6,4250.4
BST-099,PROD-004,Haldiram's Aloo Bhujia,Chips & Namkeen,206,SUP-004-A,Haldiram Packers Limited,88.0,110.0,18128.0,22660.0,362.56,4169.44
BST-008,PROD-001,English Oven Milk Bread,"Dairy, Bread & Eggs",452,SUP-001-A,Modern Bakeries Delhi,40.0,50.0,18080.0,22600.0,361.6,4158.4
BST-099,PROD-012,Nestea Ice Tea Premix - Lemon Flavour,"Tea, Coffee & Milk Drinks",94,SUP-012-A,Chaayos Tea Premixers,140.0,186.0,13160.0,17484.0,263.2,4060.8
BST-034,PROD-019,Onion (Pyaz),Vegetables & Fruits,433,SUP-019-A,Safal Fresh Greens Delhi,32.0,42.0,13856.0,18186.0,277.12,4052.88
BST-006,PROD-006,Haldiram's Lite Mixture Namkeen,Chips & Namkeen,546,SUP-006-A,Haldiram Packers Limited,32.0,40.0,17472.0,21840.0,349.44,4018.56
BST-074,PROD-012,Nestea Ice Tea Premix - Lemon Flavour,"Tea, Coffee & Milk Drinks",93,SUP-012-A,Chaayos Tea Premixers,140.0,186.0,13020.0,17298.0,260.4,4017.6
BST-045,PROD-019,Onion (Pyaz),Vegetables & Fruits,423,SUP-019-A,Safal Fresh Greens Delhi,32.0,42.0,13536.0,17766.0,270.72,3959.2799999999997
BST-017,PROD-004,Haldiram's Aloo Bhujia,Chips & Namkeen,195,SUP-004-A,Haldiram Packers Limited,88.0,110.0,17160.0,21450.0,343.2,3946.8
BST-024,PROD-004,Haldiram's Aloo Bhujia,Chips & Namkeen,195,SUP-004-A,Haldiram Packers Limited,88.0,110.0,17160.0,21450.0,343.2,3946.8
BST-095,PROD-004,Haldiram's Aloo Bhujia,Chips & Namkeen,191,SUP-004-A,Haldiram Packers Limited,88.0,110.0,16808.0,21010.0,336.16,3865.84
BST-096,PROD-004,Haldiram's Aloo Bhujia,Chips & Namkeen,191,SUP-004-A,Haldiram Packers Limited,88.0,110.0,16808.0,21010.0,336.16,3865.84
BST-055,PROD-019,Onion (Pyaz),Vegetables & Fruits,411,SUP-019-A,Safal Fresh Greens Delhi,32.0,42.0,13152.0,17262.0,263.04,3846.96
BST-065,PROD-019,Onion (Pyaz),Vegetables & Fruits,411,SUP-019-A,Safal Fresh Greens Delhi,32.0,42.0,13152.0,17262.0,263.04,3846.96
BST-054,PROD-021,Hybrid Tomato (Tamatar),Vegetables & Fruits,403,SUP-021-A,Safal Fresh Greens Delhi,28.0,38.0,11284.0,15314.0,225.68,3804.32
BST-053,PROD-004,Haldiram's Aloo Bhujia,Chips & Namkeen,187,SUP-004-A,Haldiram Packers Limited,88.0,110.0,16456.0,20570.0,329.12,3784.88
BST-033,PROD-019,Onion (Pyaz),Vegetables & Fruits,404,SUP-019-A,Safal Fresh Greens Delhi,32.0,42.0,12928.0,16968.0,258.56,3781.44
BST-013,PROD-019,Onion (Pyaz),Vegetables & Fruits,403,SUP-019-A,Safal Fresh Greens Delhi,32.0,42.0,12896.0,16926.0,257.92,3772.08
BST-014,PROD-019,Onion (Pyaz),Vegetables & Fruits,400,SUP-019-A,Safal Fresh Greens Delhi,32.0,42.0,12800.0,16800.0,256.0,3744.0
BST-061,PROD-019,Onion (Pyaz),Vegetables & Fruits,400,SUP-019-A,Safal Fresh Greens Delhi,32.0,42.0,12800.0,16800.0,256.0,3744.0
BST-030,PROD-012,Nestea Ice Tea Premix - Lemon Flavour,"Tea, Coffee & Milk Drinks",86,SUP-012-A,Chaayos Tea Premixers,140.0,186.0,12040.0,15996.0,240.8,3715.2
BST-079,PROD-004,Haldiram's Aloo Bhujia,Chips & Namkeen,183,SUP-004-A,Haldiram Packers Limited,88.0,110.0,16104.0,20130.0,322.08,3703.92
BST-065,PROD-021,Hybrid Tomato (Tamatar),Vegetables & Fruits,385,SUP-021-A,Safal Fresh Greens Delhi,28.0,38.0,10780.0,14630.0,215.6,3634.4
BST-024,PROD-012,Nestea Ice Tea Premix - Lemon Flavour,"Tea, Coffee & Milk Drinks",84,SUP-012-A,Chaayos Tea Premixers,140.0,186.0,11760.0,15624.0,235.20000000000002,3628.8
BST-037,PROD-004,Haldiram's Aloo Bhujia,Chips & Namkeen,178,SUP-004-A,Haldiram Packers Limited,88.0,110.0,15664.0,19580.0,313.28000000000003,3602.72
BST-061,PROD-026,Kellogg's Multigrain Chocos Crunchy Bites Kids Cereal,Dry Fruits & Cereals,103,SUP-026-A,Kellogg Cereal Packers,120.0,157.0,12360.0,16171.0,247.20000000000002,3563.8
BST-025,PROD-004,Haldiram's Aloo Bhujia,Chips & Namkeen,176,SUP-004-A,Haldiram Packers Limited,88.0,110.0,15488.0,19360.0,309.76,3562.24
BST-010,PROD-022,Parle Melody Bigger Chocolaty Toffee,Sweets & Chocolates,316,SUP-022-A,Parle Confectioners,38.0,50.0,12008.0,15800.0,240.16,3551.84
BST-095,PROD-012,Nestea Ice Tea Premix - Lemon Flavour,"Tea, Coffee & Milk Drinks",82,SUP-012-A,Chaayos Tea Premixers,140.0,186.0,11480.0,15252.0,229.6,3542.4
BST-001,PROD-004,Haldiram's Aloo Bhujia,Chips & Namkeen,175,SUP-004-A,Haldiram Packers Limited,88.0,110.0,15400.0,19250.0,308.0,3542.0
BST-010,PROD-004,Haldiram's Aloo Bhujia,Chips & Namkeen,175,SUP-004-A,Haldiram Packers Limited,88.0,110.0,15400.0,19250.0,308.0,3542.0
BST-079,PROD-012,Nestea Ice Tea Premix - Lemon Flavour,"Tea, Coffee & Milk Drinks",81,SUP-012-A,Chaayos Tea Premixers,140.0,186.0,11340.0,15066.0,226.8,3499.2
BST-012,PROD-004,Haldiram's Aloo Bhujia,Chips & Namkeen,172,SUP-004-A,Haldiram Packers Limited,88.0,110.0,15136.0,18920.0,302.72,3481.2799999999997
BST-030,PROD-004,Haldiram's Aloo Bhujia,Chips & Namkeen,172,SUP-004-A,Haldiram Packers Limited,88.0,110.0,15136.0,18920.0,302.72,3481.2799999999997
BST-052,PROD-019,Onion (Pyaz),Vegetables & Fruits,370,SUP-019-A,Safal Fresh Greens Delhi,32.0,42.0,11840.0,15540.0,236.8,3463.2
BST-034,PROD-005,Haldiram's Punjabi Tadka Namkeen Snacks,Chips & Namkeen,342,SUP-005-A,Haldiram Packers Limited,44.0,55.0,15048.0,18810.0,300.96,3461.04
BST-010,PROD-012,Nestea Ice Tea Premix - Lemon Flavour,"Tea, Coffee & Milk Drinks",80,SUP-012-A,Chaayos Tea Premixers,140.0,186.0,11200.0,14880.0,224.0,3456.0
BST-087,PROD-005,Haldiram's Punjabi Tadka Namkeen Snacks,Chips & Namkeen,341,SUP-005-A,Haldiram Packers Limited,44.0,55.0,15004.0,18755.0,300.08,3450.92
BST-100,PROD-021,Hybrid Tomato (Tamatar),Vegetables & Fruits,364,SUP-021-A,Safal Fresh Greens Delhi,28.0,38.0,10192.0,13832.0,203.84,3436.16
BST-004,PROD-022,Parle Melody Bigger Chocolaty Toffee,Sweets & Chocolates,305,SUP-022-A,Parle Confectioners,38.0,50.0,11590.0,15250.0,231.8,3428.2
BST-089,PROD-012,Nestea Ice Tea Premix - Lemon Flavour,"Tea, Coffee & Milk Drinks",79,SUP-012-A,Chaayos Tea Premixers,140.0,186.0,11060.0,14694.0,221.20000000000002,3412.8
BST-012,PROD-012,Nestea Ice Tea Premix - Lemon Flavour,"Tea, Coffee & Milk Drinks",79,SUP-012-A,Chaayos Tea Premixers,140.0,186.0,11060.0,14694.0,221.20000000000002,3412.8
BST-074,PROD-019,Onion (Pyaz),Vegetables & Fruits,364,SUP-019-A,Safal Fresh Greens Delhi,32.0,42.0,11648.0,15288.0,232.96,3407.04
BST-078,PROD-004,Haldiram's Aloo Bhujia,Chips & Namkeen,168,SUP-004-A,Haldiram Packers Limited,88.0,110.0,14784.0,18480.0,295.68,3400.32
BST-091,PROD-004,Haldiram's Aloo Bhujia,Chips & Namkeen,168,SUP-004-A,Haldiram Packers Limited,88.0,110.0,14784.0,18480.0,295.68,3400.32
BST-089,PROD-004,Haldiram's Aloo Bhujia,Chips & Namkeen,168,SUP-004-A,Haldiram Packers Limited,88.0,110.0,14784.0,18480.0,295.68,3400.32
BST-040,PROD-004,Haldiram's Aloo Bhujia,Chips & Namkeen,168,SUP-004-A,Haldiram Packers Limited,88.0,110.0,14784.0,18480.0,295.68,3400.32
BST-041,PROD-004,Haldiram's Aloo Bhujia,Chips & Namkeen,168,SUP-004-A,Haldiram Packers Limited,88.0,110.0,14784.0,18480.0,295.68,3400.32
BST-015,PROD-012,Nestea Ice Tea Premix - Lemon Flavour,"Tea, Coffee & Milk Drinks",78,SUP-012-A,Chaayos Tea Premixers,140.0,186.0,10920.0,14508.0,218.4,3369.6
BST-078,PROD-012,Nestea Ice Tea Premix - Lemon Flavour,"Tea, Coffee & Milk Drinks",78,SUP-012-A,Chaayos Tea Premixers,140.0,186.0,10920.0,14508.0,218.4,3369.6
BST-087,PROD-021,Hybrid Tomato (Tamatar),Vegetables & Fruits,353,SUP-021-A,Safal Fresh Greens Delhi,28.0,38.0,9884.0,13414.0,197.68,3332.32
BST-054,PROD-005,Haldiram's Punjabi Tadka Namkeen Snacks,Chips & Namkeen,329,SUP-005-A,Haldiram Packers Limited,44.0,55.0,14476.0,18095.0,289.52,3329.48
BST-059,PROD-012,Nestea Ice Tea Premix - Lemon Flavour,"Tea, Coffee & Milk Drinks",77,SUP-012-A,Chaayos Tea Premixers,140.0,186.0,10780.0,14322.0,215.6,3326.4
BST-015,PROD-004,Haldiram's Aloo Bhujia,Chips & Namkeen,164,SUP-004-A,Haldiram Packers Limited,88.0,110.0,14432.0,18040.0,288.64,3319.36
BST-063,PROD-004,Haldiram's Aloo Bhujia,Chips & Namkeen,164,SUP-004-A,Haldiram Packers Limited,88.0,110.0,14432.0,18040.0,288.64,3319.36
BST-086,PROD-019,Onion (Pyaz),Vegetables & Fruits,352,SUP-019-A,Safal Fresh Greens Delhi,32.0,42.0,11264.0,14784.0,225.28,3294.72
BST-077,PROD-012,Nestea Ice Tea Premix - Lemon Flavour,"Tea, Coffee & Milk Drinks",76,SUP-012-A,Chaayos Tea Premixers,140.0,186.0,10640.0,14136.0,212.8,3283.2
BST-004,PROD-004,Haldiram's Aloo Bhujia,Chips & Namkeen,161,SUP-004-A,Haldiram Packers Limited,88.0,110.0,14168.0,17710.0,283.36,3258.64
BST-073,PROD-012,Nestea Ice Tea Premix - Lemon Flavour,"Tea, Coffee & Milk Drinks",75,SUP-012-A,Chaayos Tea Premixers,140.0,186.0,10500.0,13950.0,210.0,3240.0
BST-070,PROD-004,Haldiram's Aloo Bhujia,Chips & Namkeen,160,SUP-004-A,Haldiram Packers Limited,88.0,110.0,14080.0,17600.0,281.6,3238.4
BST-059,PROD-004,Haldiram's Aloo Bhujia,Chips & Namkeen,160,SUP-004-A,Haldiram Packers Limited,88.0,110.0,14080.0,17600.0,281.6,3238.4
BST-045,PROD-005,Haldiram's Punjabi Tadka Namkeen Snacks,Chips & Namkeen,319,SUP-005-A,Haldiram Packers Limited,44.0,55.0,14036.0,17545.0,280.72,3228.2799999999997
BST-005,PROD-020,Potato (Aloo),Vegetables & Fruits,694,SUP-020-A,Safal Fresh Greens Delhi,18.0,23.0,12492.0,15962.0,249.84,3220.16
BST-100,PROD-019,Onion (Pyaz),Vegetables & Fruits,344,SUP-019-A,Safal Fresh Greens Delhi,32.0,42.0,11008.0,14448.0,220.16,3219.84
BST-065,PROD-005,Haldiram's Punjabi Tadka Namkeen Snacks,Chips & Namkeen,317,SUP-005-A,Haldiram Packers Limited,44.0,55.0,13948.0,17435.0,278.96,3208.04
BST-003,PROD-013,Creative Space Assignment A4 Sheets (One Side Ruled) (White),Stationery & Games,260,SUP-013-A,DOMS Industries Delhi,35.0,48.0,9100.0,12480.0,182.0,3198.0
BST-041,PROD-012,Nestea Ice Tea Premix - Lemon Flavour,"Tea, Coffee & Milk Drinks",74,SUP-012-A,Chaayos Tea Premixers,140.0,186.0,10360.0,13764.0,207.20000000000002,3196.8
BST-021,PROD-012,Nestea Ice Tea Premix - Lemon Flavour,"Tea, Coffee & Milk Drinks",74,SUP-012-A,Chaayos Tea Premixers,140.0,186.0,10360.0,13764.0,207.20000000000002,3196.8
BST-008,PROD-012,Nestea Ice Tea Premix - Lemon Flavour,"Tea, Coffee & Milk Drinks",74,SUP-012-A,Chaayos Tea Premixers,140.0,186.0,10360.0,13764.0,207.20000000000002,3196.8
BST-044,PROD-021,Hybrid Tomato (Tamatar),Vegetables & Fruits,337,SUP-021-A,Safal Fresh Greens Delhi,28.0,38.0,9436.0,12806.0,188.72,3181.28
BST-081,PROD-004,Haldiram's Aloo Bhujia,Chips & Namkeen,157,SUP-004-A,Haldiram Packers Limited,88.0,110.0,13816.0,17270.0,276.32,3177.68
BST-022,PROD-019,Onion (Pyaz),Vegetables & Fruits,339,SUP-019-A,Safal Fresh Greens Delhi,32.0,42.0,10848.0,14238.0,216.96,3173.04
BST-053,PROD-019,Onion (Pyaz),Vegetables & Fruits,339,SUP-019-A,Safal Fresh Greens Delhi,32.0,42.0,10848.0,14238.0,216.96,3173.04
BST-046,PROD-004,Haldiram's Aloo Bhujia,Chips & Namkeen,156,SUP-004-A,Haldiram Packers Limited,88.0,110.0,13728.0,17160.0,274.56,3157.44
BST-074,PROD-021,Hybrid Tomato (Tamatar),Vegetables & Fruits,334,SUP-021-A,Safal Fresh Greens Delhi,28.0,38.0,9352.0,12692.0,187.04,3152.96
BST-052,PROD-010,Lipton Honey Lemon Green Tea Bags,"Tea, Coffee & Milk Drinks",80,SUP-010-A,Chaayos Tea Premixers,130.0,172.0,10400.0,13760.0,208.0,3152.0
BST-100,PROD-026,Kellogg's Multigrain Chocos Crunchy Bites Kids Cereal,Dry Fruits & Cereals,91,SUP-026-A,Kellogg Cereal Packers,120.0,157.0,10920.0,14287.0,218.4,3148.6
BST-087,PROD-018,Homestrap Plastic Cloth Hanger Set (Black),Home & Lifestyle,48,SUP-018-A,Nayasa Household Plastics,200.0,269.0,9600.0,12912.0,192.0,3120.0
BST-027,PROD-004,Haldiram's Aloo Bhujia,Chips & Namkeen,154,SUP-004-A,Haldiram Packers Limited,88.0,110.0,13552.0,16940.0,271.04,3116.96
BST-050,PROD-004,Haldiram's Aloo Bhujia,Chips & Namkeen,154,SUP-004-A,Haldiram Packers Limited,88.0,110.0,13552.0,16940.0,271.04,3116.96
BST-020,PROD-004,Haldiram's Aloo Bhujia,Chips & Namkeen,154,SUP-004-A,Haldiram Packers Limited,88.0,110.0,13552.0,16940.0,271.04,3116.96
BST-093,PROD-021,Hybrid Tomato (Tamatar),Vegetables & Fruits,330,SUP-021-A,Safal Fresh Greens Delhi,28.0,38.0,9240.0,12540.0,184.8,3115.2
BST-044,PROD-026,Kellogg's Multigrain Chocos Crunchy Bites Kids Cereal,Dry Fruits & Cereals,90,SUP-026-A,Kellogg Cereal Packers,120.0,157.0,10800.0,14130.0,216.0,3114.0
BST-045,PROD-010,Lipton Honey Lemon Green Tea Bags,"Tea, Coffee & Milk Drinks",79,SUP-010-A,Chaayos Tea Premixers,130.0,172.0,10270.0,13588.0,205.4,3112.6
BST-048,PROD-019,Onion (Pyaz),Vegetables & Fruits,329,SUP-019-A,Safal Fresh Greens Delhi,32.0,42.0,10528.0,13818.0,210.56,3079.44
BST-086,PROD-021,Hybrid Tomato (Tamatar),Vegetables & Fruits,326,SUP-021-A,Safal Fresh Greens Delhi,28.0,38.0,9128.0,12388.0,182.56,3077.44
BST-087,PROD-003,iD Idli & Dosa Batter - 1 kg,"Dairy, Bread & Eggs",207,SUP-003-A,Modern Bakeries Delhi,64.0,80.0,13248.0,16560.0,264.96,3047.04
BST-042,PROD-019,Onion (Pyaz),Vegetables & Fruits,325,SUP-019-A,Safal Fresh Greens Delhi,32.0,42.0,10400.0,13650.0,208.0,3042.0
BST-049,PROD-004,Haldiram's Aloo Bhujia,Chips & Namkeen,150,SUP-004-A,Haldiram Packers Limited,88.0,110.0,13200.0,16500.0,264.0,3036.0
BST-064,PROD-004,Haldiram's Aloo Bhujia,Chips & Namkeen,150,SUP-004-A,Haldiram Packers Limited,88.0,110.0,13200.0,16500.0,264.0,3036.0
BST-048,PROD-026,Kellogg's Multigrain Chocos Crunchy Bites Kids Cereal,Dry Fruits & Cereals,87,SUP-026-A,Kellogg Cereal Packers,120.0,157.0,10440.0,13659.0,208.8,3010.2
BST-003,PROD-008,Raw Pressery Coconut Water,Drinks & Juices,215,SUP-008-A,Real Beverages India,50.0,65.0,10750.0,13975.0,215.0,3010.0
BST-044,PROD-019,Onion (Pyaz),Vegetables & Fruits,320,SUP-019-A,Safal Fresh Greens Delhi,32.0,42.0,10240.0,13440.0,204.8,2995.2
BST-055,PROD-005,Haldiram's Punjabi Tadka Namkeen Snacks,Chips & Namkeen,295,SUP-005-A,Haldiram Packers Limited,44.0,55.0,12980.0,16225.0,259.6,2985.4
BST-013,PROD-011,Chaayos Masala Instant Tea Premix Regular Sugar,"Tea, Coffee & Milk Drinks",94,SUP-011-A,Chaayos Tea Premixers,115.0,149.0,10810.0,14006.0,216.20000000000002,2979.8
BST-071,PROD-004,Haldiram's Aloo Bhujia,Chips & Namkeen,147,SUP-004-A,Haldiram Packers Limited,88.0,110.0,12936.0,16170.0,258.72,2975.2799999999997
BST-028,PROD-004,Haldiram's Aloo Bhujia,Chips & Namkeen,147,SUP-004-A,Haldiram Packers Limited,88.0,110.0,12936.0,16170.0,258.72,2975.2799999999997
BST-080,PROD-021,Hybrid Tomato (Tamatar),Vegetables & Fruits,315,SUP-021-A,Safal Fresh Greens Delhi,28.0,38.0,8820.0,11970.0,176.4,2973.6
BST-068,PROD-019,Onion (Pyaz),Vegetables & Fruits,317,SUP-019-A,Safal Fresh Greens Delhi,32.0,42.0,10144.0,13314.0,202.88,2967.12
BST-065,PROD-003,iD Idli & Dosa Batter - 1 kg,"Dairy, Bread & Eggs",201,SUP-003-A,Modern Bakeries Delhi,64.0,80.0,12864.0,16080.0,257.28000000000003,2958.72
BST-019,PROD-004,Haldiram's Aloo Bhujia,Chips & Namkeen,146,SUP-004-A,Haldiram Packers Limited,88.0,110.0,12848.0,16060.0,256.96,2955.04
BST-086,PROD-026,Kellogg's Multigrain Chocos Crunchy Bites Kids Cereal,Dry Fruits & Cereals,85,SUP-026-A,Kellogg Cereal Packers,120.0,157.0,10200.0,13345.0,204.0,2941.0
BST-067,PROD-012,Nestea Ice Tea Premix - Lemon Flavour,"Tea, Coffee & Milk Drinks",68,SUP-012-A,Chaayos Tea Premixers,140.0,186.0,9520.0,12648.0,190.4,2937.6
BST-077,PROD-004,Haldiram's Aloo Bhujia,Chips & Namkeen,145,SUP-004-A,Haldiram Packers Limited,88.0,110.0,12760.0,15950.0,255.20000000000002,2934.8
BST-043,PROD-004,Haldiram's Aloo Bhujia,Chips & Namkeen,145,SUP-004-A,Haldiram Packers Limited,88.0,110.0,12760.0,15950.0,255.20000000000002,2934.8
BST-013,PROD-021,Hybrid Tomato (Tamatar),Vegetables & Fruits,310,SUP-021-A,Safal Fresh Greens Delhi,28.0,38.0,8680.0,11780.0,173.6,2926.4
BST-087,PROD-008,Raw Pressery Coconut Water,Drinks & Juices,209,SUP-008-A,Real Beverages India,50.0,65.0,10450.0,13585.0,209.0,2926.0
BST-067,PROD-004,Haldiram's Aloo Bhujia,Chips & Namkeen,144,SUP-004-A,Haldiram Packers Limited,88.0,110.0,12672.0,15840.0,253.44,2914.56
BST-042,PROD-026,Kellogg's Multigrain Chocos Crunchy Bites Kids Cereal,Dry Fruits & Cereals,84,SUP-026-A,Kellogg Cereal Packers,120.0,157.0,10080.0,13188.0,201.6,2906.4
BST-034,PROD-003,iD Idli & Dosa Batter - 1 kg,"Dairy, Bread & Eggs",197,SUP-003-A,Modern Bakeries Delhi,64.0,80.0,12608.0,15760.0,252.16,2899.84
BST-054,PROD-008,Raw Pressery Coconut Water,Drinks & Juices,206,SUP-008-A,Real Beverages India,50.0,65.0,10300.0,13390.0,206.0,2884.0
BST-093,PROD-019,Onion (Pyaz),Vegetables & Fruits,308,SUP-019-A,Safal Fresh Greens Delhi,32.0,42.0,9856.0,12936.0,197.12,2882.88
BST-061,PROD-003,iD Idli & Dosa Batter - 1 kg,"Dairy, Bread & Eggs",195,SUP-003-A,Modern Bakeries Delhi,64.0,80.0,12480.0,15600.0,249.6,2870.4
BST-008,PROD-011,Chaayos Masala Instant Tea Premix Regular Sugar,"Tea, Coffee & Milk Drinks",90,SUP-011-A,Chaayos Tea Premixers,115.0,149.0,10350.0,13410.0,207.0,2853.0
BST-042,PROD-021,Hybrid Tomato (Tamatar),Vegetables & Fruits,301,SUP-021-A,Safal Fresh Greens Delhi,28.0,38.0,8428.0,11438.0,168.56,2841.44
BST-023,PROD-004,Haldiram's Aloo Bhujia,Chips & Namkeen,140,SUP-004-A,Haldiram Packers Limited,88.0,110.0,12320.0,15400.0,246.4,2833.6
BST-094,PROD-004,Haldiram's Aloo Bhujia,Chips & Namkeen,140,SUP-004-A,Haldiram Packers Limited,88.0,110.0,12320.0,15400.0,246.4,2833.6
BST-009,PROD-033,Creative Space Satin Decoration Ribbon (7 m) (Red),Festive Specials,495,SUP-033-A,ServD Pooja Decoratives,15.0,21.0,7425.0,10395.0,148.5,2821.5
BST-056,PROD-019,Onion (Pyaz),Vegetables & Fruits,300,SUP-019-A,Safal Fresh Greens Delhi,32.0,42.0,9600.0,12600.0,192.0,2808.0
BST-066,PROD-019,Onion (Pyaz),Vegetables & Fruits,300,SUP-019-A,Safal Fresh Greens Delhi,32.0,42.0,9600.0,12600.0,192.0,2808.0
BST-011,PROD-019,Onion (Pyaz),Vegetables & Fruits,300,SUP-019-A,Safal Fresh Greens Delhi,32.0,42.0,9600.0,12600.0,192.0,2808.0
BST-055,PROD-022,Parle Melody Bigger Chocolaty Toffee,Sweets & Chocolates,249,SUP-022-A,Parle Confectioners,38.0,50.0,9462.0,12450.0,189.24,2798.76
BST-052,PROD-003,iD Idli & Dosa Batter - 1 kg,"Dairy, Bread & Eggs",190,SUP-003-A,Modern Bakeries Delhi,64.0,80.0,12160.0,15200.0,243.20000000000002,2796.8
BST-096,PROD-021,Hybrid Tomato (Tamatar),Vegetables & Fruits,296,SUP-021-A,Safal Fresh Greens Delhi,28.0,38.0,8288.0,11248.0,165.76,2794.24
BST-048,PROD-005,Haldiram's Punjabi Tadka Namkeen Snacks,Chips & Namkeen,276,SUP-005-A,Haldiram Packers Limited,44.0,55.0,12144.0,15180.0,242.88,2793.12
BST-052,PROD-011,Chaayos Masala Instant Tea Premix Regular Sugar,"Tea, Coffee & Milk Drinks",88,SUP-011-A,Chaayos Tea Premixers,115.0,149.0,10120.0,13112.0,202.4,2789.6
BST-025,PROD-019,Onion (Pyaz),Vegetables & Fruits,298,SUP-019-A,Safal Fresh Greens Delhi,32.0,42.0,9536.0,12516.0,190.72,2789.28
BST-065,PROD-002,Bonn White Bread,"Dairy, Bread & Eggs",371,SUP-002-A,Modern Bakeries Delhi,25.0,33.0,9275.0,12243.0,185.5,2782.5
BST-095,PROD-021,Hybrid Tomato (Tamatar),Vegetables & Fruits,294,SUP-021-A,Safal Fresh Greens Delhi,28.0,38.0,8232.0,11172.0,164.64000000000001,2775.36
BST-087,PROD-002,Bonn White Bread,"Dairy, Bread & Eggs",370,SUP-002-A,Modern Bakeries Delhi,25.0,33.0,9250.0,12210.0,185.0,2775.0
BST-003,PROD-019,Onion (Pyaz),Vegetables & Fruits,296,SUP-019-A,Safal Fresh Greens Delhi,32.0,42.0,9472.0,12432.0,189.44,2770.56
BST-055,PROD-001,English Oven Milk Bread,"Dairy, Bread & Eggs",301,SUP-001-A,Modern Bakeries Delhi,40.0,50.0,12040.0,15050.0,240.8,2769.2
BST-045,PROD-003,iD Idli & Dosa Batter - 1 kg,"Dairy, Bread & Eggs",188,SUP-003-A,Modern Bakeries Delhi,64.0,80.0,12032.0,15040.0,240.64000000000001,2767.36
BST-014,PROD-005,Haldiram's Punjabi Tadka Namkeen Snacks,Chips & Namkeen,273,SUP-005-A,Haldiram Packers Limited,44.0,55.0,12012.0,15015.0,240.24,2762.76
BST-044,PROD-011,Chaayos Masala Instant Tea Premix Regular Sugar,"Tea, Coffee & Milk Drinks",87,SUP-011-A,Chaayos Tea Premixers,115.0,149.0,10005.0,12963.0,200.1,2757.9
BST-003,PROD-014,DOMS Max Water Colour Sketch Pens (Multicolour),Stationery & Games,290,SUP-014-A,DOMS Industries Delhi,25.0,35.0,7250.0,10150.0,145.0,2755.0
BST-014,PROD-022,Parle Melody Bigger Chocolaty Toffee,Sweets & Chocolates,245,SUP-022-A,Parle Confectioners,38.0,50.0,9310.0,12250.0,186.20000000000002,2753.8
BST-054,PROD-003,iD Idli & Dosa Batter - 1 kg,"Dairy, Bread & Eggs",187,SUP-003-A,Modern Bakeries Delhi,64.0,80.0,11968.0,14960.0,239.36,2752.64
BST-009,PROD-004,Haldiram's Aloo Bhujia,Chips & Namkeen,136,SUP-004-A,Haldiram Packers Limited,88.0,110.0,11968.0,14960.0,239.36,2752.64
BST-033,PROD-003,iD Idli & Dosa Batter - 1 kg,"Dairy, Bread & Eggs",186,SUP-003-A,Modern Bakeries Delhi,64.0,80.0,11904.0,14880.0,238.08,2737.92
BST-068,PROD-021,Hybrid Tomato (Tamatar),Vegetables & Fruits,289,SUP-021-A,Safal Fresh Greens Delhi,28.0,38.0,8092.0,10982.0,161.84,2728.16
BST-014,PROD-011,Chaayos Masala Instant Tea Premix Regular Sugar,"Tea, Coffee & Milk Drinks",86,SUP-011-A,Chaayos Tea Premixers,115.0,149.0,9890.0,12814.0,197.8,2726.2
BST-061,PROD-002,Bonn White Bread,"Dairy, Bread & Eggs",361,SUP-002-A,Modern Bakeries Delhi,25.0,33.0,9025.0,11913.0,180.5,2707.5
BST-086,PROD-005,Haldiram's Punjabi Tadka Namkeen Snacks,Chips & Namkeen,267,SUP-005-A,Haldiram Packers Limited,44.0,55.0,11748.0,14685.0,234.96,2702.04
BST-052,PROD-008,Raw Pressery Coconut Water,Drinks & Juices,193,SUP-008-A,Real Beverages India,50.0,65.0,9650.0,12545.0,193.0,2702.0
BST-053,PROD-026,Kellogg's Multigrain Chocos Crunchy Bites Kids Cereal,Dry Fruits & Cereals,78,SUP-026-A,Kellogg Cereal Packers,120.0,157.0,9360.0,12246.0,187.20000000000002,2698.8
BST-055,PROD-003,iD Idli & Dosa Batter - 1 kg,"Dairy, Bread & Eggs",183,SUP-003-A,Modern Bakeries Delhi,64.0,80.0,11712.0,14640.0,234.24,2693.76
BST-074,PROD-005,Haldiram's Punjabi Tadka Namkeen Snacks,Chips & Namkeen,266,SUP-005-A,Haldiram Packers Limited,44.0,55.0,11704.0,14630.0,234.08,2691.92
BST-068,PROD-005,Haldiram's Punjabi Tadka Namkeen Snacks,Chips & Namkeen,265,SUP-005-A,Haldiram Packers Limited,44.0,55.0,11660.0,14575.0,233.20000000000002,2681.8
BST-087,PROD-020,Potato (Aloo),Vegetables & Fruits,577,SUP-020-A,Safal Fresh Greens Delhi,18.0,23.0,10386.0,13271.0,207.72,2677.28
BST-052,PROD-028,MTR Gulab Jamun Mix,Instant Food,81,SUP-028-A,MTR Food Packers,100.0,135.0,8100.0,10935.0,162.0,2673.0
BST-054,PROD-018,Homestrap Plastic Cloth Hanger Set (Black),Home & Lifestyle,41,SUP-018-A,Nayasa Household Plastics,200.0,269.0,8200.0,11029.0,164.0,2665.0
BST-054,PROD-020,Potato (Aloo),Vegetables & Fruits,574,SUP-020-A,Safal Fresh Greens Delhi,18.0,23.0,10332.0,13202.0,206.64000000000001,2663.36
BST-034,PROD-002,Bonn White Bread,"Dairy, Bread & Eggs",355,SUP-002-A,Modern Bakeries Delhi,25.0,33.0,8875.0,11715.0,177.5,2662.5
BST-100,PROD-003,iD Idli & Dosa Batter - 1 kg,"Dairy, Bread & Eggs",180,SUP-003-A,Modern Bakeries Delhi,64.0,80.0,11520.0,14400.0,230.4,2649.6
BST-045,PROD-008,Raw Pressery Coconut Water,Drinks & Juices,189,SUP-008-A,Real Beverages India,50.0,65.0,9450.0,12285.0,189.0,2646.0
BST-034,PROD-020,Potato (Aloo),Vegetables & Fruits,569,SUP-020-A,Safal Fresh Greens Delhi,18.0,23.0,10242.0,13087.0,204.84,2640.16
BST-039,PROD-010,Lipton Honey Lemon Green Tea Bags,"Tea, Coffee & Milk Drinks",67,SUP-010-A,Chaayos Tea Premixers,130.0,172.0,8710.0,11524.0,174.20000000000002,2639.8
BST-096,PROD-019,Onion (Pyaz),Vegetables & Fruits,282,SUP-019-A,Safal Fresh Greens Delhi,32.0,42.0,9024.0,11844.0,180.48,2639.52
BST-054,PROD-002,Bonn White Bread,"Dairy, Bread & Eggs",351,SUP-002-A,Modern Bakeries Delhi,25.0,33.0,8775.0,11583.0,175.5,2632.5
BST-042,PROD-003,iD Idli & Dosa Batter - 1 kg,"Dairy, Bread & Eggs",178,SUP-003-A,Modern Bakeries Delhi,64.0,80.0,11392.0,14240.0,227.84,2620.16
BST-014,PROD-003,iD Idli & Dosa Batter - 1 kg,"Dairy, Bread & Eggs",178,SUP-003-A,Modern Bakeries Delhi,64.0,80.0,11392.0,14240.0,227.84,2620.16
BST-013,PROD-003,iD Idli & Dosa Batter - 1 kg,"Dairy, Bread & Eggs",178,SUP-003-A,Modern Bakeries Delhi,64.0,80.0,11392.0,14240.0,227.84,2620.16
BST-024,PROD-019,Onion (Pyaz),Vegetables & Fruits,279,SUP-019-A,Safal Fresh Greens Delhi,32.0,42.0,8928.0,11718.0,178.56,2611.44
BST-056,PROD-021,Hybrid Tomato (Tamatar),Vegetables & Fruits,276,SUP-021-A,Safal Fresh Greens Delhi,28.0,38.0,7728.0,10488.0,154.56,2605.44
BST-099,PROD-011,Chaayos Masala Instant Tea Premix Regular Sugar,"Tea, Coffee & Milk Drinks",82,SUP-011-A,Chaayos Tea Premixers,115.0,149.0,9430.0,12218.0,188.6,2599.4
BST-053,PROD-005,Haldiram's Punjabi Tadka Namkeen Snacks,Chips & Namkeen,256,SUP-005-A,Haldiram Packers Limited,44.0,55.0,11264.0,14080.0,225.28,2590.72
BST-054,PROD-001,English Oven Milk Bread,"Dairy, Bread & Eggs",281,SUP-001-A,Modern Bakeries Delhi,40.0,50.0,11240.0,14050.0,224.8,2585.2
BST-095,PROD-019,Onion (Pyaz),Vegetables & Fruits,276,SUP-019-A,Safal Fresh Greens Delhi,32.0,42.0,8832.0,11592.0,176.64000000000001,2583.36
BST-048,PROD-003,iD Idli & Dosa Batter - 1 kg,"Dairy, Bread & Eggs",175,SUP-003-A,Modern Bakeries Delhi,64.0,80.0,11200.0,14000.0,224.0,2576.0
BST-002,PROD-005,Haldiram's Punjabi Tadka Namkeen Snacks,Chips & Namkeen,254,SUP-005-A,Haldiram Packers Limited,44.0,55.0,11176.0,13970.0,223.52,2570.48
BST-045,PROD-002,Bonn White Bread,"Dairy, Bread & Eggs",342,SUP-002-A,Modern Bakeries Delhi,25.0,33.0,8550.0,11286.0,171.0,2565.0
BST-013,PROD-008,Raw Pressery Coconut Water,Drinks & Juices,183,SUP-008-A,Real Beverages India,50.0,65.0,9150.0,11895.0,183.0,2562.0
BST-055,PROD-008,Raw Pressery Coconut Water,Drinks & Juices,183,SUP-008-A,Real Beverages India,50.0,65.0,9150.0,11895.0,183.0,2562.0
BST-024,PROD-026,Kellogg's Multigrain Chocos Crunchy Bites Kids Cereal,Dry Fruits & Cereals,74,SUP-026-A,Kellogg Cereal Packers,120.0,157.0,8880.0,11618.0,177.6,2560.4
BST-087,PROD-001,English Oven Milk Bread,"Dairy, Bread & Eggs",278,SUP-001-A,Modern Bakeries Delhi,40.0,50.0,11120.0,13900.0,222.4,2557.6
BST-034,PROD-001,English Oven Milk Bread,"Dairy, Bread & Eggs",278,SUP-001-A,Modern Bakeries Delhi,40.0,50.0,11120.0,13900.0,222.4,2557.6
BST-055,PROD-025,Kellogg's Original Corn Flakes,Dry Fruits & Cereals,110,SUP-025-A,Kellogg Cereal Packers,90.0,115.0,9900.0,12650.0,198.0,2552.0
BST-076,PROD-004,Haldiram's Aloo Bhujia,Chips & Namkeen,126,SUP-004-A,Haldiram Packers Limited,88.0,110.0,11088.0,13860.0,221.76,2550.24
BST-029,PROD-004,Haldiram's Aloo Bhujia,Chips & Namkeen,126,SUP-004-A,Haldiram Packers Limited,88.0,110.0,11088.0,13860.0,221.76,2550.24
BST-062,PROD-004,Haldiram's Aloo Bhujia,Chips & Namkeen,126,SUP-004-A,Haldiram Packers Limited,88.0,110.0,11088.0,13860.0,221.76,2550.24
BST-051,PROD-012,Nestea Ice Tea Premix - Lemon Flavour,"Tea, Coffee & Milk Drinks",59,SUP-012-A,Chaayos Tea Premixers,140.0,186.0,8260.0,10974.0,165.20000000000002,2548.8
BST-038,PROD-012,Nestea Ice Tea Premix - Lemon Flavour,"Tea, Coffee & Milk Drinks",59,SUP-012-A,Chaayos Tea Premixers,140.0,186.0,8260.0,10974.0,165.20000000000002,2548.8
BST-061,PROD-001,English Oven Milk Bread,"Dairy, Bread & Eggs",276,SUP-001-A,Modern Bakeries Delhi,40.0,50.0,11040.0,13800.0,220.8,2539.2
BST-017,PROD-019,Onion (Pyaz),Vegetables & Fruits,271,SUP-019-A,Safal Fresh Greens Delhi,32.0,42.0,8672.0,11382.0,173.44,2536.56
BST-007,PROD-011,Chaayos Masala Instant Tea Premix Regular Sugar,"Tea, Coffee & Milk Drinks",80,SUP-011-A,Chaayos Tea Premixers,115.0,149.0,9200.0,11920.0,184.0,2536.0
BST-068,PROD-003,iD Idli & Dosa Batter - 1 kg,"Dairy, Bread & Eggs",172,SUP-003-A,Modern Bakeries Delhi,64.0,80.0,11008.0,13760.0,220.16,2531.84
BST-051,PROD-004,Haldiram's Aloo Bhujia,Chips & Namkeen,125,SUP-004-A,Haldiram Packers Limited,88.0,110.0,11000.0,13750.0,220.0,2530.0
BST-011,PROD-021,Hybrid Tomato (Tamatar),Vegetables & Fruits,268,SUP-021-A,Safal Fresh Greens Delhi,28.0,38.0,7504.0,10184.0,150.08,2529.92
BST-092,PROD-022,Parle Melody Bigger Chocolaty Toffee,Sweets & Chocolates,225,SUP-022-A,Parle Confectioners,38.0,50.0,8550.0,11250.0,171.0,2529.0
BST-046,PROD-019,Onion (Pyaz),Vegetables & Fruits,270,SUP-019-A,Safal Fresh Greens Delhi,32.0,42.0,8640.0,11340.0,172.8,2527.2
BST-055,PROD-002,Bonn White Bread,"Dairy, Bread & Eggs",335,SUP-002-A,Modern Bakeries Delhi,25.0,33.0,8375.0,11055.0,167.5,2512.5
BST-039,PROD-005,Haldiram's Punjabi Tadka Namkeen Snacks,Chips & Namkeen,248,SUP-005-A,Haldiram Packers Limited,44.0,55.0,10912.0,13640.0,218.24,2509.76
BST-023,PROD-012,Nestea Ice Tea Premix - Lemon Flavour,"Tea, Coffee & Milk Drinks",58,SUP-012-A,Chaayos Tea Premixers,140.0,186.0,8120.0,10788.0,162.4,2505.6
BST-056,PROD-022,Parle Melody Bigger Chocolaty Toffee,Sweets & Chocolates,221,SUP-022-A,Parle Confectioners,38.0,50.0,8398.0,11050.0,167.96,2484.04
BST-055,PROD-018,Homestrap Plastic Cloth Hanger Set (Black),Home & Lifestyle,38,SUP-018-A,Nayasa Household Plastics,200.0,269.0,7600.0,10222.0,152.0,2470.0
BST-033,PROD-018,Homestrap Plastic Cloth Hanger Set (Black),Home & Lifestyle,38,SUP-018-A,Nayasa Household Plastics,200.0,269.0,7600.0,10222.0,152.0,2470.0
BST-038,PROD-004,Haldiram's Aloo Bhujia,Chips & Namkeen,122,SUP-004-A,Haldiram Packers Limited,88.0,110.0,10736.0,13420.0,214.72,2469.28
BST-072,PROD-004,Haldiram's Aloo Bhujia,Chips & Namkeen,122,SUP-004-A,Haldiram Packers Limited,88.0,110.0,10736.0,13420.0,214.72,2469.28
BST-097,PROD-021,Hybrid Tomato (Tamatar),Vegetables & Fruits,261,SUP-021-A,Safal Fresh Greens Delhi,28.0,38.0,7308.0,9918.0,146.16,2463.84
BST-029,PROD-012,Nestea Ice Tea Premix - Lemon Flavour,"Tea, Coffee & Milk Drinks",57,SUP-012-A,Chaayos Tea Premixers,140.0,186.0,7980.0,10602.0,159.6,2462.4
BST-079,PROD-019,Onion (Pyaz),Vegetables & Fruits,263,SUP-019-A,Safal Fresh Greens Delhi,32.0,42.0,8416.0,11046.0,168.32,2461.68
BST-039,PROD-022,Parle Melody Bigger Chocolaty Toffee,Sweets & Chocolates,219,SUP-022-A,Parle Confectioners,38.0,50.0,8322.0,10950.0,166.44,2461.56
BST-011,PROD-022,Parle Melody Bigger Chocolaty Toffee,Sweets & Chocolates,219,SUP-022-A,Parle Confectioners,38.0,50.0,8322.0,10950.0,166.44,2461.56
BST-013,PROD-002,Bonn White Bread,"Dairy, Bread & Eggs",327,SUP-002-A,Modern Bakeries Delhi,25.0,33.0,8175.0,10791.0,163.5,2452.5
BST-022,PROD-022,Parle Melody Bigger Chocolaty Toffee,Sweets & Chocolates,218,SUP-022-A,Parle Confectioners,38.0,50.0,8284.0,10900.0,165.68,2450.32
BST-065,PROD-001,English Oven Milk Bread,"Dairy, Bread & Eggs",266,SUP-001-A,Modern Bakeries Delhi,40.0,50.0,10640.0,13300.0,212.8,2447.2
BST-040,PROD-021,Hybrid Tomato (Tamatar),Vegetables & Fruits,259,SUP-021-A,Safal Fresh Greens Delhi,28.0,38.0,7252.0,9842.0,145.04,2444.96
BST-086,PROD-010,Lipton Honey Lemon Green Tea Bags,"Tea, Coffee & Milk Drinks",62,SUP-010-A,Chaayos Tea Premixers,130.0,172.0,8060.0,10664.0,161.20000000000002,2442.8
BST-013,PROD-028,MTR Gulab Jamun Mix,Instant Food,74,SUP-028-A,MTR Food Packers,100.0,135.0,7400.0,9990.0,148.0,2442.0
BST-022,PROD-011,Chaayos Masala Instant Tea Premix Regular Sugar,"Tea, Coffee & Milk Drinks",77,SUP-011-A,Chaayos Tea Premixers,115.0,149.0,8855.0,11473.0,177.1,2440.9
BST-092,PROD-005,Haldiram's Punjabi Tadka Namkeen Snacks,Chips & Namkeen,241,SUP-005-A,Haldiram Packers Limited,44.0,55.0,10604.0,13255.0,212.08,2438.92
BST-080,PROD-005,Haldiram's Punjabi Tadka Namkeen Snacks,Chips & Namkeen,240,SUP-005-A,Haldiram Packers Limited,44.0,55.0,10560.0,13200.0,211.20000000000002,2428.8
BST-079,PROD-005,Haldiram's Punjabi Tadka Namkeen Snacks,Chips & Namkeen,240,SUP-005-A,Haldiram Packers Limited,44.0,55.0,10560.0,13200.0,211.20000000000002,2428.8
BST-042,PROD-002,Bonn White Bread,"Dairy, Bread & Eggs",323,SUP-002-A,Modern Bakeries Delhi,25.0,33.0,8075.0,10659.0,161.5,2422.5
BST-041,PROD-026,Kellogg's Multigrain Chocos Crunchy Bites Kids Cereal,Dry Fruits & Cereals,70,SUP-026-A,Kellogg Cereal Packers,120.0,157.0,8400.0,10990.0,168.0,2422.0
BST-042,PROD-008,Raw Pressery Coconut Water,Drinks & Juices,173,SUP-008-A,Real Beverages India,50.0,65.0,8650.0,11245.0,173.0,2422.0
BST-072,PROD-012,Nestea Ice Tea Premix - Lemon Flavour,"Tea, Coffee & Milk Drinks",56,SUP-012-A,Chaayos Tea Premixers,140.0,186.0,7840.0,10416.0,156.8,2419.2
BST-018,PROD-021,Hybrid Tomato (Tamatar),Vegetables & Fruits,256,SUP-021-A,Safal Fresh Greens Delhi,28.0,38.0,7168.0,9728.0,143.36,2416.64
BST-044,PROD-003,iD Idli & Dosa Batter - 1 kg,"Dairy, Bread & Eggs",164,SUP-003-A,Modern Bakeries Delhi,64.0,80.0,10496.0,13120.0,209.92000000000002,2414.08
BST-092,PROD-011,Chaayos Masala Instant Tea Premix Regular Sugar,"Tea, Coffee & Milk Drinks",76,SUP-011-A,Chaayos Tea Premixers,115.0,149.0,8740.0,11324.0,174.8,2409.2
BST-010,PROD-019,Onion (Pyaz),Vegetables & Fruits,257,SUP-019-A,Safal Fresh Greens Delhi,32.0,42.0,8224.0,10794.0,164.48,2405.52
BST-036,PROD-019,Onion (Pyaz),Vegetables & Fruits,257,SUP-019-A,Safal Fresh Greens Delhi,32.0,42.0,8224.0,10794.0,164.48,2405.52
BST-091,PROD-019,Onion (Pyaz),Vegetables & Fruits,257,SUP-019-A,Safal Fresh Greens Delhi,32.0,42.0,8224.0,10794.0,164.48,2405.52
BST-066,PROD-018,Homestrap Plastic Cloth Hanger Set (Black),Home & Lifestyle,37,SUP-018-A,Nayasa Household Plastics,200.0,269.0,7400.0,9953.0,148.0,2405.0
BST-042,PROD-018,Homestrap Plastic Cloth Hanger Set (Black),Home & Lifestyle,37,SUP-018-A,Nayasa Household Plastics,200.0,269.0,7400.0,9953.0,148.0,2405.0
BST-013,PROD-018,Homestrap Plastic Cloth Hanger Set (Black),Home & Lifestyle,37,SUP-018-A,Nayasa Household Plastics,200.0,269.0,7400.0,9953.0,148.0,2405.0
BST-056,PROD-018,Homestrap Plastic Cloth Hanger Set (Black),Home & Lifestyle,37,SUP-018-A,Nayasa Household Plastics,200.0,269.0,7400.0,9953.0,148.0,2405.0
BST-022,PROD-010,Lipton Honey Lemon Green Tea Bags,"Tea, Coffee & Milk Drinks",61,SUP-010-A,Chaayos Tea Premixers,130.0,172.0,7930.0,10492.0,158.6,2403.4
BST-052,PROD-002,Bonn White Bread,"Dairy, Bread & Eggs",320,SUP-002-A,Modern Bakeries Delhi,25.0,33.0,8000.0,10560.0,160.0,2400.0
BST-039,PROD-003,iD Idli & Dosa Batter - 1 kg,"Dairy, Bread & Eggs",163,SUP-003-A,Modern Bakeries Delhi,64.0,80.0,10432.0,13040.0,208.64000000000001,2399.36
BST-002,PROD-003,iD Idli & Dosa Batter - 1 kg,"Dairy, Bread & Eggs",163,SUP-003-A,Modern Bakeries Delhi,64.0,80.0,10432.0,13040.0,208.64000000000001,2399.36
BST-011,PROD-005,Haldiram's Punjabi Tadka Namkeen Snacks,Chips & Namkeen,237,SUP-005-A,Haldiram Packers Limited,44.0,55.0,10428.0,13035.0,208.56,2398.44
BST-056,PROD-005,Haldiram's Punjabi Tadka Namkeen Snacks,Chips & Namkeen,237,SUP-005-A,Haldiram Packers Limited,44.0,55.0,10428.0,13035.0,208.56,2398.44
BST-093,PROD-022,Parle Melody Bigger Chocolaty Toffee,Sweets & Chocolates,213,SUP-022-A,Parle Confectioners,38.0,50.0,8094.0,10650.0,161.88,2394.12
BST-100,PROD-002,Bonn White Bread,"Dairy, Bread & Eggs",319,SUP-002-A,Modern Bakeries Delhi,25.0,33.0,7975.0,10527.0,159.5,2392.5
BST-045,PROD-001,English Oven Milk Bread,"Dairy, Bread & Eggs",260,SUP-001-A,Modern Bakeries Delhi,40.0,50.0,10400.0,13000.0,208.0,2392.0
BST-060,PROD-021,Hybrid Tomato (Tamatar),Vegetables & Fruits,253,SUP-021-A,Safal Fresh Greens Delhi,28.0,38.0,7084.0,9614.0,141.68,2388.32
BST-099,PROD-005,Haldiram's Punjabi Tadka Namkeen Snacks,Chips & Namkeen,236,SUP-005-A,Haldiram Packers Limited,44.0,55.0,10384.0,12980.0,207.68,2388.32
BST-073,PROD-019,Onion (Pyaz),Vegetables & Fruits,255,SUP-019-A,Safal Fresh Greens Delhi,32.0,42.0,8160.0,10710.0,163.20000000000002,2386.8
BST-053,PROD-011,Chaayos Masala Instant Tea Premix Regular Sugar,"Tea, Coffee & Milk Drinks",75,SUP-011-A,Chaayos Tea Premixers,115.0,149.0,8625.0,11175.0,172.5,2377.5
BST-080,PROD-011,Chaayos Masala Instant Tea Premix Regular Sugar,"Tea, Coffee & Milk Drinks",75,SUP-011-A,Chaayos Tea Premixers,115.0,149.0,8625.0,11175.0,172.5,2377.5
BST-098,PROD-012,Nestea Ice Tea Premix - Lemon Flavour,"Tea, Coffee & Milk Drinks",55,SUP-012-A,Chaayos Tea Premixers,140.0,186.0,7700.0,10230.0,154.0,2376.0
BST-042,PROD-028,MTR Gulab Jamun Mix,Instant Food,72,SUP-028-A,MTR Food Packers,100.0,135.0,7200.0,9720.0,144.0,2376.0
BST-055,PROD-020,Potato (Aloo),Vegetables & Fruits,512,SUP-020-A,Safal Fresh Greens Delhi,18.0,23.0,9216.0,11776.0,184.32,2375.68
BST-100,PROD-020,Potato (Aloo),Vegetables & Fruits,511,SUP-020-A,Safal Fresh Greens Delhi,18.0,23.0,9198.0,11753.0,183.96,2371.04
BST-059,PROD-019,Onion (Pyaz),Vegetables & Fruits,253,SUP-019-A,Safal Fresh Greens Delhi,32.0,42.0,8096.0,10626.0,161.92000000000002,2368.08
BST-024,PROD-022,Parle Melody Bigger Chocolaty Toffee,Sweets & Chocolates,210,SUP-022-A,Parle Confectioners,38.0,50.0,7980.0,10500.0,159.6,2360.4
BST-017,PROD-021,Hybrid Tomato (Tamatar),Vegetables & Fruits,250,SUP-021-A,Safal Fresh Greens Delhi,28.0,38.0,7000.0,9500.0,140.0,2360.0
BST-079,PROD-021,Hybrid Tomato (Tamatar),Vegetables & Fruits,250,SUP-021-A,Safal Fresh Greens Delhi,28.0,38.0,7000.0,9500.0,140.0,2360.0
BST-027,PROD-019,Onion (Pyaz),Vegetables & Fruits,252,SUP-019-A,Safal Fresh Greens Delhi,32.0,42.0,8064.0,10584.0,161.28,2358.72
BST-081,PROD-019,Onion (Pyaz),Vegetables & Fruits,252,SUP-019-A,Safal Fresh Greens Delhi,32.0,42.0,8064.0,10584.0,161.28,2358.72
BST-033,PROD-001,English Oven Milk Bread,"Dairy, Bread & Eggs",256,SUP-001-A,Modern Bakeries Delhi,40.0,50.0,10240.0,12800.0,204.8,2355.2
BST-074,PROD-003,iD Idli & Dosa Batter - 1 kg,"Dairy, Bread & Eggs",160,SUP-003-A,Modern Bakeries Delhi,64.0,80.0,10240.0,12800.0,204.8,2355.2
BST-093,PROD-003,iD Idli & Dosa Batter - 1 kg,"Dairy, Bread & Eggs",160,SUP-003-A,Modern Bakeries Delhi,64.0,80.0,10240.0,12800.0,204.8,2355.2
BST-033,PROD-002,Bonn White Bread,"Dairy, Bread & Eggs",314,SUP-002-A,Modern Bakeries Delhi,25.0,33.0,7850.0,10362.0,157.0,2355.0
BST-048,PROD-008,Raw Pressery Coconut Water,Drinks & Juices,168,SUP-008-A,Real Beverages India,50.0,65.0,8400.0,10920.0,168.0,2352.0
BST-014,PROD-008,Raw Pressery Coconut Water,Drinks & Juices,168,SUP-008-A,Real Beverages India,50.0,65.0,8400.0,10920.0,168.0,2352.0
BST-037,PROD-019,Onion (Pyaz),Vegetables & Fruits,251,SUP-019-A,Safal Fresh Greens Delhi,32.0,42.0,8032.0,10542.0,160.64000000000001,2349.36
BST-090,PROD-004,Haldiram's Aloo Bhujia,Chips & Namkeen,116,SUP-004-A,Haldiram Packers Limited,88.0,110.0,10208.0,12760.0,204.16,2347.84
BST-085,PROD-004,Haldiram's Aloo Bhujia,Chips & Namkeen,116,SUP-004-A,Haldiram Packers Limited,88.0,110.0,10208.0,12760.0,204.16,2347.84
BST-014,PROD-002,Bonn White Bread,"Dairy, Bread & Eggs",313,SUP-002-A,Modern Bakeries Delhi,25.0,33.0,7825.0,10329.0,156.5,2347.5
BST-033,PROD-020,Potato (Aloo),Vegetables & Fruits,505,SUP-020-A,Safal Fresh Greens Delhi,18.0,23.0,9090.0,11615.0,181.8,2343.2
BST-007,PROD-003,iD Idli & Dosa Batter - 1 kg,"Dairy, Bread & Eggs",159,SUP-003-A,Modern Bakeries Delhi,64.0,80.0,10176.0,12720.0,203.52,2340.48
BST-011,PROD-003,iD Idli & Dosa Batter - 1 kg,"Dairy, Bread & Eggs",159,SUP-003-A,Modern Bakeries Delhi,64.0,80.0,10176.0,12720.0,203.52,2340.48
BST-100,PROD-018,Homestrap Plastic Cloth Hanger Set (Black),Home & Lifestyle,36,SUP-018-A,Nayasa Household Plastics,200.0,269.0,7200.0,9684.0,144.0,2340.0
BST-089,PROD-019,Onion (Pyaz),Vegetables & Fruits,250,SUP-019-A,Safal Fresh Greens Delhi,32.0,42.0,8000.0,10500.0,160.0,2340.0
BST-084,PROD-012,Nestea Ice Tea Premix - Lemon Flavour,"Tea, Coffee & Milk Drinks",54,SUP-012-A,Chaayos Tea Premixers,140.0,186.0,7560.0,10044.0,151.20000000000002,2332.8
BST-047,PROD-019,Onion (Pyaz),Vegetables & Fruits,249,SUP-019-A,Safal Fresh Greens Delhi,32.0,42.0,7968.0,10458.0,159.36,2330.64
BST-052,PROD-001,English Oven Milk Bread,"Dairy, Bread & Eggs",253,SUP-001-A,Modern Bakeries Delhi,40.0,50.0,10120.0,12650.0,202.4,2327.6
BST-022,PROD-003,iD Idli & Dosa Batter - 1 kg,"Dairy, Bread & Eggs",158,SUP-003-A,Modern Bakeries Delhi,64.0,80.0,10112.0,12640.0,202.24,2325.76
BST-053,PROD-003,iD Idli & Dosa Batter - 1 kg,"Dairy, Bread & Eggs",158,SUP-003-A,Modern Bakeries Delhi,64.0,80.0,10112.0,12640.0,202.24,2325.76
BST-043,PROD-019,Onion (Pyaz),Vegetables & Fruits,248,SUP-019-A,Safal Fresh Greens Delhi,32.0,42.0,7936.0,10416.0,158.72,2321.28
BST-020,PROD-019,Onion (Pyaz),Vegetables & Fruits,247,SUP-019-A,Safal Fresh Greens Delhi,32.0,42.0,7904.0,10374.0,158.08,2311.92
BST-003,PROD-005,Haldiram's Punjabi Tadka Namkeen Snacks,Chips & Namkeen,228,SUP-005-A,Haldiram Packers Limited,44.0,55.0,10032.0,12540.0,200.64000000000001,2307.36
BST-098,PROD-004,Haldiram's Aloo Bhujia,Chips & Namkeen,114,SUP-004-A,Haldiram Packers Limited,88.0,110.0,10032.0,12540.0,200.64000000000001,2307.36
BST-082,PROD-022,Parle Melody Bigger Chocolaty Toffee,Sweets & Chocolates,205,SUP-022-A,Parle Confectioners,38.0,50.0,7790.0,10250.0,155.8,2304.2
BST-040,PROD-005,Haldiram's Punjabi Tadka Namkeen Snacks,Chips & Namkeen,227,SUP-005-A,Haldiram Packers Limited,44.0,55.0,9988.0,12485.0,199.76,2297.24
BST-007,PROD-005,Haldiram's Punjabi Tadka Namkeen Snacks,Chips & Namkeen,227,SUP-005-A,Haldiram Packers Limited,44.0,55.0,9988.0,12485.0,199.76,2297.24
BST-048,PROD-002,Bonn White Bread,"Dairy, Bread & Eggs",306,SUP-002-A,Modern Bakeries Delhi,25.0,33.0,7650.0,10098.0,153.0,2295.0
BST-001,PROD-033,Creative Space Satin Decoration Ribbon (7 m) (Red),Festive Specials,402,SUP-033-A,ServD Pooja Decoratives,15.0,21.0,6030.0,8442.0,120.60000000000001,2291.4
BST-042,PROD-001,English Oven Milk Bread,"Dairy, Bread & Eggs",249,SUP-001-A,Modern Bakeries Delhi,40.0,50.0,9960.0,12450.0,199.20000000000002,2290.8
BST-100,PROD-001,English Oven Milk Bread,"Dairy, Bread & Eggs",249,SUP-001-A,Modern Bakeries Delhi,40.0,50.0,9960.0,12450.0,199.20000000000002,2290.8
BST-015,PROD-019,Onion (Pyaz),Vegetables & Fruits,244,SUP-019-A,Safal Fresh Greens Delhi,32.0,42.0,7808.0,10248.0,156.16,2283.84
BST-024,PROD-011,Chaayos Masala Instant Tea Premix Regular Sugar,"Tea, Coffee & Milk Drinks",72,SUP-011-A,Chaayos Tea Premixers,115.0,149.0,8280.0,10728.0,165.6,2282.4
BST-082,PROD-011,Chaayos Masala Instant Tea Premix Regular Sugar,"Tea, Coffee & Milk Drinks",72,SUP-011-A,Chaayos Tea Premixers,115.0,149.0,8280.0,10728.0,165.6,2282.4
BST-014,PROD-001,English Oven Milk Bread,"Dairy, Bread & Eggs",248,SUP-001-A,Modern Bakeries Delhi,40.0,50.0,9920.0,12400.0,198.4,2281.6
BST-093,PROD-018,Homestrap Plastic Cloth Hanger Set (Black),Home & Lifestyle,35,SUP-018-A,Nayasa Household Plastics,200.0,269.0,7000.0,9415.0,140.0,2275.0
BST-060,PROD-003,iD Idli & Dosa Batter - 1 kg,"Dairy, Bread & Eggs",154,SUP-003-A,Modern Bakeries Delhi,64.0,80.0,9856.0,12320.0,197.12,2266.88
BST-084,PROD-004,Haldiram's Aloo Bhujia,Chips & Namkeen,112,SUP-004-A,Haldiram Packers Limited,88.0,110.0,9856.0,12320.0,197.12,2266.88
BST-059,PROD-021,Hybrid Tomato (Tamatar),Vegetables & Fruits,239,SUP-021-A,Safal Fresh Greens Delhi,28.0,38.0,6692.0,9082.0,133.84,2256.16
BST-046,PROD-021,Hybrid Tomato (Tamatar),Vegetables & Fruits,239,SUP-021-A,Safal Fresh Greens Delhi,28.0,38.0,6692.0,9082.0,133.84,2256.16
BST-056,PROD-008,Raw Pressery Coconut Water,Drinks & Juices,161,SUP-008-A,Real Beverages India,50.0,65.0,8050.0,10465.0,161.0,2254.0
BST-086,PROD-008,Raw Pressery Coconut Water,Drinks & Juices,161,SUP-008-A,Real Beverages India,50.0,65.0,8050.0,10465.0,161.0,2254.0
BST-087,PROD-023,Wrigley's Doublemint Peppermint Chewy Mint Candies,Sweets & Chocolates,242,SUP-023-A,Parle Confectioners,35.0,45.0,8470.0,10890.0,169.4,2250.6
BST-063,PROD-026,Kellogg's Multigrain Chocos Crunchy Bites Kids Cereal,Dry Fruits & Cereals,65,SUP-026-A,Kellogg Cereal Packers,120.0,157.0,7800.0,10205.0,156.0,2249.0
BST-083,PROD-019,Onion (Pyaz),Vegetables & Fruits,240,SUP-019-A,Safal Fresh Greens Delhi,32.0,42.0,7680.0,10080.0,153.6,2246.4
BST-096,PROD-010,Lipton Honey Lemon Green Tea Bags,"Tea, Coffee & Milk Drinks",57,SUP-010-A,Chaayos Tea Premixers,130.0,172.0,7410.0,9804.0,148.20000000000002,2245.8
BST-041,PROD-010,Lipton Honey Lemon Green Tea Bags,"Tea, Coffee & Milk Drinks",57,SUP-010-A,Chaayos Tea Premixers,130.0,172.0,7410.0,9804.0,148.20000000000002,2245.8
BST-024,PROD-010,Lipton Honey Lemon Green Tea Bags,"Tea, Coffee & Milk Drinks",57,SUP-010-A,Chaayos Tea Premixers,130.0,172.0,7410.0,9804.0,148.20000000000002,2245.8
BST-096,PROD-003,iD Idli & Dosa Batter - 1 kg,"Dairy, Bread & Eggs",152,SUP-003-A,Modern Bakeries Delhi,64.0,80.0,9728.0,12160.0,194.56,2237.44
BST-071,PROD-019,Onion (Pyaz),Vegetables & Fruits,239,SUP-019-A,Safal Fresh Greens Delhi,32.0,42.0,7648.0,10038.0,152.96,2237.04
BST-013,PROD-001,English Oven Milk Bread,"Dairy, Bread & Eggs",243,SUP-001-A,Modern Bakeries Delhi,40.0,50.0,9720.0,12150.0,194.4,2235.6
BST-061,PROD-020,Potato (Aloo),Vegetables & Fruits,481,SUP-020-A,Safal Fresh Greens Delhi,18.0,23.0,8658.0,11063.0,173.16,2231.84
BST-048,PROD-020,Potato (Aloo),Vegetables & Fruits,481,SUP-020-A,Safal Fresh Greens Delhi,18.0,23.0,8658.0,11063.0,173.16,2231.84
BST-080,PROD-003,iD Idli & Dosa Batter - 1 kg,"Dairy, Bread & Eggs",151,SUP-003-A,Modern Bakeries Delhi,64.0,80.0,9664.0,12080.0,193.28,2222.72
BST-017,PROD-011,Chaayos Masala Instant Tea Premix Regular Sugar,"Tea, Coffee & Milk Drinks",70,SUP-011-A,Chaayos Tea Premixers,115.0,149.0,8050.0,10430.0,161.0,2219.0
BST-060,PROD-022,Parle Melody Bigger Chocolaty Toffee,Sweets & Chocolates,197,SUP-022-A,Parle Confectioners,38.0,50.0,7486.0,9850.0,149.72,2214.28
BST-093,PROD-002,Bonn White Bread,"Dairy, Bread & Eggs",295,SUP-002-A,Modern Bakeries Delhi,25.0,33.0,7375.0,9735.0,147.5,2212.5
BST-048,PROD-028,MTR Gulab Jamun Mix,Instant Food,67,SUP-028-A,MTR Food Packers,100.0,135.0,6700.0,9045.0,134.0,2211.0
BST-002,PROD-018,Homestrap Plastic Cloth Hanger Set (Black),Home & Lifestyle,34,SUP-018-A,Nayasa Household Plastics,200.0,269.0,6800.0,9146.0,136.0,2210.0
BST-083,PROD-018,Homestrap Plastic Cloth Hanger Set (Black),Home & Lifestyle,34,SUP-018-A,Nayasa Household Plastics,200.0,269.0,6800.0,9146.0,136.0,2210.0
BST-068,PROD-018,Homestrap Plastic Cloth Hanger Set (Black),Home & Lifestyle,34,SUP-018-A,Nayasa Household Plastics,200.0,269.0,6800.0,9146.0,136.0,2210.0
BST-086,PROD-003,iD Idli & Dosa Batter - 1 kg,"Dairy, Bread & Eggs",150,SUP-003-A,Modern Bakeries Delhi,64.0,80.0,9600.0,12000.0,192.0,2208.0
BST-076,PROD-012,Nestea Ice Tea Premix - Lemon Flavour,"Tea, Coffee & Milk Drinks",51,SUP-012-A,Chaayos Tea Premixers,140.0,186.0,7140.0,9486.0,142.8,2203.2
BST-083,PROD-021,Hybrid Tomato (Tamatar),Vegetables & Fruits,233,SUP-021-A,Safal Fresh Greens Delhi,28.0,38.0,6524.0,8854.0,130.48,2199.52
BST-030,PROD-005,Haldiram's Punjabi Tadka Namkeen Snacks,Chips & Namkeen,217,SUP-005-A,Haldiram Packers Limited,44.0,55.0,9548.0,11935.0,190.96,2196.04
BST-058,PROD-019,Onion (Pyaz),Vegetables & Fruits,234,SUP-019-A,Safal Fresh Greens Delhi,32.0,42.0,7488.0,9828.0,149.76,2190.24
BST-070,PROD-021,Hybrid Tomato (Tamatar),Vegetables & Fruits,232,SUP-021-A,Safal Fresh Greens Delhi,28.0,38.0,6496.0,8816.0,129.92000000000002,2190.08
BST-099,PROD-002,Bonn White Bread,"Dairy, Bread & Eggs",292,SUP-002-A,Modern Bakeries Delhi,25.0,33.0,7300.0,9636.0,146.0,2190.0
BST-069,PROD-004,Haldiram's Aloo Bhujia,Chips & Namkeen,108,SUP-004-A,Haldiram Packers Limited,88.0,110.0,9504.0,11880.0,190.08,2185.92
BST-042,PROD-020,Potato (Aloo),Vegetables & Fruits,471,SUP-020-A,Safal Fresh Greens Delhi,18.0,23.0,8478.0,10833.0,169.56,2185.44
BST-055,PROD-009,Real Activ 100% Tender Coconut Water,Drinks & Juices,194,SUP-009-A,Real Beverages India,38.0,50.0,7372.0,9700.0,147.44,2180.56
BST-083,PROD-026,Kellogg's Multigrain Chocos Crunchy Bites Kids Cereal,Dry Fruits & Cereals,63,SUP-026-A,Kellogg Cereal Packers,120.0,157.0,7560.0,9891.0,151.20000000000002,2179.8
BST-050,PROD-026,Kellogg's Multigrain Chocos Crunchy Bites Kids Cereal,Dry Fruits & Cereals,63,SUP-026-A,Kellogg Cereal Packers,120.0,157.0,7560.0,9891.0,151.20000000000002,2179.8
BST-074,PROD-002,Bonn White Bread,"Dairy, Bread & Eggs",290,SUP-002-A,Modern Bakeries Delhi,25.0,33.0,7250.0,9570.0,145.0,2175.0
BST-044,PROD-002,Bonn White Bread,"Dairy, Bread & Eggs",290,SUP-002-A,Modern Bakeries Delhi,25.0,33.0,7250.0,9570.0,145.0,2175.0
BST-079,PROD-010,Lipton Honey Lemon Green Tea Bags,"Tea, Coffee & Milk Drinks",55,SUP-010-A,Chaayos Tea Premixers,130.0,172.0,7150.0,9460.0,143.0,2167.0
BST-012,PROD-005,Haldiram's Punjabi Tadka Namkeen Snacks,Chips & Namkeen,214,SUP-005-A,Haldiram Packers Limited,44.0,55.0,9416.0,11770.0,188.32,2165.68
BST-061,PROD-006,Haldiram's Lite Mixture Namkeen,Chips & Namkeen,294,SUP-006-A,Haldiram Packers Limited,32.0,40.0,9408.0,11760.0,188.16,2163.84
BST-031,PROD-019,Onion (Pyaz),Vegetables & Fruits,231,SUP-019-A,Safal Fresh Greens Delhi,32.0,42.0,7392.0,9702.0,147.84,2162.16
BST-021,PROD-021,Hybrid Tomato (Tamatar),Vegetables & Fruits,229,SUP-021-A,Safal Fresh Greens Delhi,28.0,38.0,6412.0,8702.0,128.24,2161.76
BST-015,PROD-021,Hybrid Tomato (Tamatar),Vegetables & Fruits,229,SUP-021-A,Safal Fresh Greens Delhi,28.0,38.0,6412.0,8702.0,128.24,2161.76
BST-074,PROD-020,Potato (Aloo),Vegetables & Fruits,465,SUP-020-A,Safal Fresh Greens Delhi,18.0,23.0,8370.0,10695.0,167.4,2157.6
BST-050,PROD-019,Onion (Pyaz),Vegetables & Fruits,230,SUP-019-A,Safal Fresh Greens Delhi,32.0,42.0,7360.0,9660.0,147.20000000000002,2152.8
BST-068,PROD-002,Bonn White Bread,"Dairy, Bread & Eggs",287,SUP-002-A,Modern Bakeries Delhi,25.0,33.0,7175.0,9471.0,143.5,2152.5
BST-065,PROD-020,Potato (Aloo),Vegetables & Fruits,463,SUP-020-A,Safal Fresh Greens Delhi,18.0,23.0,8334.0,10649.0,166.68,2148.32
BST-036,PROD-026,Kellogg's Multigrain Chocos Crunchy Bites Kids Cereal,Dry Fruits & Cereals,62,SUP-026-A,Kellogg Cereal Packers,120.0,157.0,7440.0,9734.0,148.8,2145.2
BST-014,PROD-018,Homestrap Plastic Cloth Hanger Set (Black),Home & Lifestyle,33,SUP-018-A,Nayasa Household Plastics,200.0,269.0,6600.0,8877.0,132.0,2145.0
BST-093,PROD-020,Potato (Aloo),Vegetables & Fruits,462,SUP-020-A,Safal Fresh Greens Delhi,18.0,23.0,8316.0,10626.0,166.32,2143.68
BST-025,PROD-021,Hybrid Tomato (Tamatar),Vegetables & Fruits,227,SUP-021-A,Safal Fresh Greens Delhi,28.0,38.0,6356.0,8626.0,127.12,2142.88
BST-053,PROD-002,Bonn White Bread,"Dairy, Bread & Eggs",285,SUP-002-A,Modern Bakeries Delhi,25.0,33.0,7125.0,9405.0,142.5,2137.5
BST-066,PROD-005,Haldiram's Punjabi Tadka Namkeen Snacks,Chips & Namkeen,211,SUP-005-A,Haldiram Packers Limited,44.0,55.0,9284.0,11605.0,185.68,2135.32
BST-018,PROD-005,Haldiram's Punjabi Tadka Namkeen Snacks,Chips & Namkeen,211,SUP-005-A,Haldiram Packers Limited,44.0,55.0,9284.0,11605.0,185.68,2135.32
BST-039,PROD-002,Bonn White Bread,"Dairy, Bread & Eggs",284,SUP-002-A,Modern Bakeries Delhi,25.0,33.0,7100.0,9372.0,142.0,2130.0
BST-091,PROD-005,Haldiram's Punjabi Tadka Namkeen Snacks,Chips & Namkeen,210,SUP-005-A,Haldiram Packers Limited,44.0,55.0,9240.0,11550.0,184.8,2125.2
BST-016,PROD-004,Haldiram's Aloo Bhujia,Chips & Namkeen,105,SUP-004-A,Haldiram Packers Limited,88.0,110.0,9240.0,11550.0,184.8,2125.2
BST-011,PROD-001,English Oven Milk Bread,"Dairy, Bread & Eggs",231,SUP-001-A,Modern Bakeries Delhi,40.0,50.0,9240.0,11550.0,184.8,2125.2
BST-089,PROD-005,Haldiram's Punjabi Tadka Namkeen Snacks,Chips & Namkeen,210,SUP-005-A,Haldiram Packers Limited,44.0,55.0,9240.0,11550.0,184.8,2125.2
BST-078,PROD-005,Haldiram's Punjabi Tadka Namkeen Snacks,Chips & Namkeen,210,SUP-005-A,Haldiram Packers Limited,44.0,55.0,9240.0,11550.0,184.8,2125.2
BST-032,PROD-004,Haldiram's Aloo Bhujia,Chips & Namkeen,105,SUP-004-A,Haldiram Packers Limited,88.0,110.0,9240.0,11550.0,184.8,2125.2
BST-089,PROD-011,Chaayos Masala Instant Tea Premix Regular Sugar,"Tea, Coffee & Milk Drinks",67,SUP-011-A,Chaayos Tea Premixers,115.0,149.0,7705.0,9983.0,154.1,2123.9
BST-024,PROD-003,iD Idli & Dosa Batter - 1 kg,"Dairy, Bread & Eggs",144,SUP-003-A,Modern Bakeries Delhi,64.0,80.0,9216.0,11520.0,184.32,2119.68
BST-085,PROD-012,Nestea Ice Tea Premix - Lemon Flavour,"Tea, Coffee & Milk Drinks",49,SUP-012-A,Chaayos Tea Premixers,140.0,186.0,6860.0,9114.0,137.20000000000002,2116.8
BST-068,PROD-001,English Oven Milk Bread,"Dairy, Bread & Eggs",230,SUP-001-A,Modern Bakeries Delhi,40.0,50.0,9200.0,11500.0,184.0,2116.0
BST-041,PROD-005,Haldiram's Punjabi Tadka Namkeen Snacks,Chips & Namkeen,209,SUP-005-A,Haldiram Packers Limited,44.0,55.0,9196.0,11495.0,183.92000000000002,2115.08
BST-086,PROD-002,Bonn White Bread,"Dairy, Bread & Eggs",282,SUP-002-A,Modern Bakeries Delhi,25.0,33.0,7050.0,9306.0,141.0,2115.0
BST-080,PROD-002,Bonn White Bread,"Dairy, Bread & Eggs",282,SUP-002-A,Modern Bakeries Delhi,25.0,33.0,7050.0,9306.0,141.0,2115.0
BST-070,PROD-022,Parle Melody Bigger Chocolaty Toffee,Sweets & Chocolates,188,SUP-022-A,Parle Confectioners,38.0,50.0,7144.0,9400.0,142.88,2113.12
BST-060,PROD-028,MTR Gulab Jamun Mix,Instant Food,64,SUP-028-A,MTR Food Packers,100.0,135.0,6400.0,8640.0,128.0,2112.0
BST-044,PROD-028,MTR Gulab Jamun Mix,Instant Food,64,SUP-028-A,MTR Food Packers,100.0,135.0,6400.0,8640.0,128.0,2112.0
BST-099,PROD-028,MTR Gulab Jamun Mix,Instant Food,64,SUP-028-A,MTR Food Packers,100.0,135.0,6400.0,8640.0,128.0,2112.0
BST-092,PROD-025,Kellogg's Original Corn Flakes,Dry Fruits & Cereals,91,SUP-025-A,Kellogg Cereal Packers,90.0,115.0,8190.0,10465.0,163.8,2111.2
BST-022,PROD-002,Bonn White Bread,"Dairy, Bread & Eggs",281,SUP-002-A,Modern Bakeries Delhi,25.0,33.0,7025.0,9273.0,140.5,2107.5
BST-008,PROD-019,Onion (Pyaz),Vegetables & Fruits,225,SUP-019-A,Safal Fresh Greens Delhi,32.0,42.0,7200.0,9450.0,144.0,2106.0
BST-037,PROD-021,Hybrid Tomato (Tamatar),Vegetables & Fruits,223,SUP-021-A,Safal Fresh Greens Delhi,28.0,38.0,6244.0,8474.0,124.88000000000001,2105.12
BST-066,PROD-008,Raw Pressery Coconut Water,Drinks & Juices,150,SUP-008-A,Real Beverages India,50.0,65.0,7500.0,9750.0,150.0,2100.0
BST-079,PROD-003,iD Idli & Dosa Batter - 1 kg,"Dairy, Bread & Eggs",142,SUP-003-A,Modern Bakeries Delhi,64.0,80.0,9088.0,11360.0,181.76,2090.24
BST-095,PROD-003,iD Idli & Dosa Batter - 1 kg,"Dairy, Bread & Eggs",142,SUP-003-A,Modern Bakeries Delhi,64.0,80.0,9088.0,11360.0,181.76,2090.24
BST-086,PROD-001,English Oven Milk Bread,"Dairy, Bread & Eggs",227,SUP-001-A,Modern Bakeries Delhi,40.0,50.0,9080.0,11350.0,181.6,2088.4
BST-077,PROD-021,Hybrid Tomato (Tamatar),Vegetables & Fruits,221,SUP-021-A,Safal Fresh Greens Delhi,28.0,38.0,6188.0,8398.0,123.76,2086.24
BST-004,PROD-021,Hybrid Tomato (Tamatar),Vegetables & Fruits,221,SUP-021-A,Safal Fresh Greens Delhi,28.0,38.0,6188.0,8398.0,123.76,2086.24
BST-081,PROD-021,Hybrid Tomato (Tamatar),Vegetables & Fruits,221,SUP-021-A,Safal Fresh Greens Delhi,28.0,38.0,6188.0,8398.0,123.76,2086.24
BST-080,PROD-008,Raw Pressery Coconut Water,Drinks & Juices,149,SUP-008-A,Real Beverages India,50.0,65.0,7450.0,9685.0,149.0,2086.0
BST-015,PROD-005,Haldiram's Punjabi Tadka Namkeen Snacks,Chips & Namkeen,206,SUP-005-A,Haldiram Packers Limited,44.0,55.0,9064.0,11330.0,181.28,2084.72
BST-063,PROD-005,Haldiram's Punjabi Tadka Namkeen Snacks,Chips & Namkeen,206,SUP-005-A,Haldiram Packers Limited,44.0,55.0,9064.0,11330.0,181.28,2084.72
BST-011,PROD-018,Homestrap Plastic Cloth Hanger Set (Black),Home & Lifestyle,32,SUP-018-A,Nayasa Household Plastics,200.0,269.0,6400.0,8608.0,128.0,2080.0
BST-048,PROD-001,English Oven Milk Bread,"Dairy, Bread & Eggs",226,SUP-001-A,Modern Bakeries Delhi,40.0,50.0,9040.0,11300.0,180.8,2079.2
BST-002,PROD-020,Potato (Aloo),Vegetables & Fruits,448,SUP-020-A,Safal Fresh Greens Delhi,18.0,23.0,8064.0,10304.0,161.28,2078.72
BST-093,PROD-001,English Oven Milk Bread,"Dairy, Bread & Eggs",225,SUP-001-A,Modern Bakeries Delhi,40.0,50.0,9000.0,11250.0,180.0,2070.0
BST-037,PROD-022,Parle Melody Bigger Chocolaty Toffee,Sweets & Chocolates,184,SUP-022-A,Parle Confectioners,38.0,50.0,6992.0,9200.0,139.84,2068.16
BST-068,PROD-009,Real Activ 100% Tender Coconut Water,Drinks & Juices,184,SUP-009-A,Real Beverages India,38.0,50.0,6992.0,9200.0,139.84,2068.16
BST-082,PROD-025,Kellogg's Original Corn Flakes,Dry Fruits & Cereals,89,SUP-025-A,Kellogg Cereal Packers,90.0,115.0,8010.0,10235.0,160.20000000000002,2064.8
BST-057,PROD-004,Haldiram's Aloo Bhujia,Chips & Namkeen,102,SUP-004-A,Haldiram Packers Limited,88.0,110.0,8976.0,11220.0,179.52,2064.48
BST-017,PROD-003,iD Idli & Dosa Batter - 1 kg,"Dairy, Bread & Eggs",140,SUP-003-A,Modern Bakeries Delhi,64.0,80.0,8960.0,11200.0,179.20000000000002,2060.8
BST-099,PROD-007,Yu 100% Natural Coconut Water,Drinks & Juices,200,SUP-007-A,Real Beverages India,35.0,46.0,7000.0,9200.0,140.0,2060.0
BST-089,PROD-022,Parle Melody Bigger Chocolaty Toffee,Sweets & Chocolates,183,SUP-022-A,Parle Confectioners,38.0,50.0,6954.0,9150.0,139.08,2056.92
BST-059,PROD-010,Lipton Honey Lemon Green Tea Bags,"Tea, Coffee & Milk Drinks",52,SUP-010-A,Chaayos Tea Premixers,130.0,172.0,6760.0,8944.0,135.2,2048.8
BST-082,PROD-001,English Oven Milk Bread,"Dairy, Bread & Eggs",222,SUP-001-A,Modern Bakeries Delhi,40.0,50.0,8880.0,11100.0,177.6,2042.4
BST-054,PROD-006,Haldiram's Lite Mixture Namkeen,Chips & Namkeen,277,SUP-006-A,Haldiram Packers Limited,32.0,40.0,8864.0,11080.0,177.28,2038.72
BST-089,PROD-003,iD Idli & Dosa Batter - 1 kg,"Dairy, Bread & Eggs",138,SUP-003-A,Modern Bakeries Delhi,64.0,80.0,8832.0,11040.0,176.64000000000001,2031.36
BST-070,PROD-003,iD Idli & Dosa Batter - 1 kg,"Dairy, Bread & Eggs",138,SUP-003-A,Modern Bakeries Delhi,64.0,80.0,8832.0,11040.0,176.64000000000001,2031.36
BST-034,PROD-006,Haldiram's Lite Mixture Namkeen,Chips & Namkeen,276,SUP-006-A,Haldiram Packers Limited,32.0,40.0,8832.0,11040.0,176.64000000000001,2031.36
BST-097,PROD-003,iD Idli & Dosa Batter - 1 kg,"Dairy, Bread & Eggs",138,SUP-003-A,Modern Bakeries Delhi,64.0,80.0,8832.0,11040.0,176.64000000000001,2031.36
BST-066,PROD-003,iD Idli & Dosa Batter - 1 kg,"Dairy, Bread & Eggs",138,SUP-003-A,Modern Bakeries Delhi,64.0,80.0,8832.0,11040.0,176.64000000000001,2031.36
BST-004,PROD-011,Chaayos Masala Instant Tea Premix Regular Sugar,"Tea, Coffee & Milk Drinks",64,SUP-011-A,Chaayos Tea Premixers,115.0,149.0,7360.0,9536.0,147.20000000000002,2028.8
BST-077,PROD-005,Haldiram's Punjabi Tadka Namkeen Snacks,Chips & Namkeen,200,SUP-005-A,Haldiram Packers Limited,44.0,55.0,8800.0,11000.0,176.0,2024.0
BST-023,PROD-019,Onion (Pyaz),Vegetables & Fruits,216,SUP-019-A,Safal Fresh Greens Delhi,32.0,42.0,6912.0,9072.0,138.24,2021.76
BST-099,PROD-025,Kellogg's Original Corn Flakes,Dry Fruits & Cereals,87,SUP-025-A,Kellogg Cereal Packers,90.0,115.0,7830.0,10005.0,156.6,2018.4
BST-093,PROD-025,Kellogg's Original Corn Flakes,Dry Fruits & Cereals,87,SUP-025-A,Kellogg Cereal Packers,90.0,115.0,7830.0,10005.0,156.6,2018.4
BST-087,PROD-024,Orbit Mixed Fruit Flavour Chewing Gum (Sugar Free),Sweets & Chocolates,217,SUP-024-A,Parle Confectioners,35.0,45.0,7595.0,9765.0,151.9,2018.1
BST-014,PROD-023,Wrigley's Doublemint Peppermint Chewy Mint Candies,Sweets & Chocolates,217,SUP-023-A,Parle Confectioners,35.0,45.0,7595.0,9765.0,151.9,2018.1
BST-082,PROD-002,Bonn White Bread,"Dairy, Bread & Eggs",269,SUP-002-A,Modern Bakeries Delhi,25.0,33.0,6725.0,8877.0,134.5,2017.5
BST-096,PROD-002,Bonn White Bread,"Dairy, Bread & Eggs",269,SUP-002-A,Modern Bakeries Delhi,25.0,33.0,6725.0,8877.0,134.5,2017.5
BST-091,PROD-003,iD Idli & Dosa Batter - 1 kg,"Dairy, Bread & Eggs",137,SUP-003-A,Modern Bakeries Delhi,64.0,80.0,8768.0,10960.0,175.36,2016.6399999999999
BST-030,PROD-008,Raw Pressery Coconut Water,Drinks & Juices,144,SUP-008-A,Real Beverages India,50.0,65.0,7200.0,9360.0,144.0,2016.0
BST-015,PROD-018,Homestrap Plastic Cloth Hanger Set (Black),Home & Lifestyle,31,SUP-018-A,Nayasa Household Plastics,200.0,269.0,6200.0,8339.0,124.0,2015.0
BST-080,PROD-018,Homestrap Plastic Cloth Hanger Set (Black),Home & Lifestyle,31,SUP-018-A,Nayasa Household Plastics,200.0,269.0,6200.0,8339.0,124.0,2015.0
BST-022,PROD-018,Homestrap Plastic Cloth Hanger Set (Black),Home & Lifestyle,31,SUP-018-A,Nayasa Household Plastics,200.0,269.0,6200.0,8339.0,124.0,2015.0
BST-039,PROD-001,English Oven Milk Bread,"Dairy, Bread & Eggs",219,SUP-001-A,Modern Bakeries Delhi,40.0,50.0,8760.0,10950.0,175.20000000000002,2014.8
BST-094,PROD-019,Onion (Pyaz),Vegetables & Fruits,215,SUP-019-A,Safal Fresh Greens Delhi,32.0,42.0,6880.0,9030.0,137.6,2012.4
BST-078,PROD-010,Lipton Honey Lemon Green Tea Bags,"Tea, Coffee & Milk Drinks",51,SUP-010-A,Chaayos Tea Premixers,130.0,172.0,6630.0,8772.0,132.6,2009.4
BST-047,PROD-026,Kellogg's Multigrain Chocos Crunchy Bites Kids Cereal,Dry Fruits & Cereals,58,SUP-026-A,Kellogg Cereal Packers,120.0,157.0,6960.0,9106.0,139.20000000000002,2006.8
BST-060,PROD-002,Bonn White Bread,"Dairy, Bread & Eggs",267,SUP-002-A,Modern Bakeries Delhi,25.0,33.0,6675.0,8811.0,133.5,2002.5
BST-047,PROD-022,Parle Melody Bigger Chocolaty Toffee,Sweets & Chocolates,178,SUP-022-A,Parle Confectioners,38.0,50.0,6764.0,8900.0,135.28,2000.72
BST-030,PROD-022,Parle Melody Bigger Chocolaty Toffee,Sweets & Chocolates,178,SUP-022-A,Parle Confectioners,38.0,50.0,6764.0,8900.0,135.28,2000.72
BST-041,PROD-011,Chaayos Masala Instant Tea Premix Regular Sugar,"Tea, Coffee & Milk Drinks",63,SUP-011-A,Chaayos Tea Premixers,115.0,149.0,7245.0,9387.0,144.9,1997.1
BST-018,PROD-011,Chaayos Masala Instant Tea Premix Regular Sugar,"Tea, Coffee & Milk Drinks",63,SUP-011-A,Chaayos Tea Premixers,115.0,149.0,7245.0,9387.0,144.9,1997.1
BST-074,PROD-001,English Oven Milk Bread,"Dairy, Bread & Eggs",217,SUP-001-A,Modern Bakeries Delhi,40.0,50.0,8680.0,10850.0,173.6,1996.4
BST-024,PROD-002,Bonn White Bread,"Dairy, Bread & Eggs",266,SUP-002-A,Modern Bakeries Delhi,25.0,33.0,6650.0,8778.0,133.0,1995.0
BST-021,PROD-005,Haldiram's Punjabi Tadka Namkeen Snacks,Chips & Namkeen,197,SUP-005-A,Haldiram Packers Limited,44.0,55.0,8668.0,10835.0,173.36,1993.6399999999999
BST-099,PROD-009,Real Activ 100% Tender Coconut Water,Drinks & Juices,177,SUP-009-A,Real Beverages India,38.0,50.0,6726.0,8850.0,134.52,1989.48
BST-017,PROD-002,Bonn White Bread,"Dairy, Bread & Eggs",265,SUP-002-A,Modern Bakeries Delhi,25.0,33.0,6625.0,8745.0,132.5,1987.5
BST-033,PROD-006,Haldiram's Lite Mixture Namkeen,Chips & Namkeen,270,SUP-006-A,Haldiram Packers Limited,32.0,40.0,8640.0,10800.0,172.8,1987.2
BST-044,PROD-001,English Oven Milk Bread,"Dairy, Bread & Eggs",216,SUP-001-A,Modern Bakeries Delhi,40.0,50.0,8640.0,10800.0,172.8,1987.2
BST-027,PROD-005,Haldiram's Punjabi Tadka Namkeen Snacks,Chips & Namkeen,196,SUP-005-A,Haldiram Packers Limited,44.0,55.0,8624.0,10780.0,172.48,1983.52
BST-050,PROD-005,Haldiram's Punjabi Tadka Namkeen Snacks,Chips & Namkeen,196,SUP-005-A,Haldiram Packers Limited,44.0,55.0,8624.0,10780.0,172.48,1983.52
BST-095,PROD-028,MTR Gulab Jamun Mix,Instant Food,60,SUP-028-A,MTR Food Packers,100.0,135.0,6000.0,8100.0,120.0,1980.0
BST-024,PROD-028,MTR Gulab Jamun Mix,Instant Food,60,SUP-028-A,MTR Food Packers,100.0,135.0,6000.0,8100.0,120.0,1980.0
BST-078,PROD-022,Parle Melody Bigger Chocolaty Toffee,Sweets & Chocolates,176,SUP-022-A,Parle Confectioners,38.0,50.0,6688.0,8800.0,133.76,1978.24
BST-022,PROD-007,Yu 100% Natural Coconut Water,Drinks & Juices,192,SUP-007-A,Real Beverages India,35.0,46.0,6720.0,8832.0,134.4,1977.6
BST-068,PROD-007,Yu 100% Natural Coconut Water,Drinks & Juices,192,SUP-007-A,Real Beverages India,35.0,46.0,6720.0,8832.0,134.4,1977.6
BST-013,PROD-020,Potato (Aloo),Vegetables & Fruits,425,SUP-020-A,Safal Fresh Greens Delhi,18.0,23.0,7650.0,9775.0,153.0,1972.0
BST-060,PROD-025,Kellogg's Original Corn Flakes,Dry Fruits & Cereals,85,SUP-025-A,Kellogg Cereal Packers,90.0,115.0,7650.0,9775.0,153.0,1972.0
BST-077,PROD-011,Chaayos Masala Instant Tea Premix Regular Sugar,"Tea, Coffee & Milk Drinks",62,SUP-011-A,Chaayos Tea Premixers,115.0,149.0,7130.0,9238.0,142.6,1965.4
BST-011,PROD-002,Bonn White Bread,"Dairy, Bread & Eggs",262,SUP-002-A,Modern Bakeries Delhi,25.0,33.0,6550.0,8646.0,131.0,1965.0
BST-071,PROD-021,Hybrid Tomato (Tamatar),Vegetables & Fruits,208,SUP-021-A,Safal Fresh Greens Delhi,28.0,38.0,5824.0,7904.0,116.48,1963.52
BST-027,PROD-021,Hybrid Tomato (Tamatar),Vegetables & Fruits,208,SUP-021-A,Safal Fresh Greens Delhi,28.0,38.0,5824.0,7904.0,116.48,1963.52
BST-089,PROD-008,Raw Pressery Coconut Water,Drinks & Juices,140,SUP-008-A,Real Beverages India,50.0,65.0,7000.0,9100.0,140.0,1960.0
BST-078,PROD-008,Raw Pressery Coconut Water,Drinks & Juices,140,SUP-008-A,Real Beverages India,50.0,65.0,7000.0,9100.0,140.0,1960.0
BST-053,PROD-001,English Oven Milk Bread,"Dairy, Bread & Eggs",213,SUP-001-A,Modern Bakeries Delhi,40.0,50.0,8520.0,10650.0,170.4,1959.6
BST-046,PROD-003,iD Idli & Dosa Batter - 1 kg,"Dairy, Bread & Eggs",133,SUP-003-A,Modern Bakeries Delhi,64.0,80.0,8512.0,10640.0,170.24,1957.76
BST-015,PROD-022,Parle Melody Bigger Chocolaty Toffee,Sweets & Chocolates,174,SUP-022-A,Parle Confectioners,38.0,50.0,6612.0,8700.0,132.24,1955.76
BST-025,PROD-005,Haldiram's Punjabi Tadka Namkeen Snacks,Chips & Namkeen,193,SUP-005-A,Haldiram Packers Limited,44.0,55.0,8492.0,10615.0,169.84,1953.16
BST-034,PROD-024,Orbit Mixed Fruit Flavour Chewing Gum (Sugar Free),Sweets & Chocolates,210,SUP-024-A,Parle Confectioners,35.0,45.0,7350.0,9450.0,147.0,1953.0
BST-095,PROD-002,Bonn White Bread,"Dairy, Bread & Eggs",260,SUP-002-A,Modern Bakeries Delhi,25.0,33.0,6500.0,8580.0,130.0,1950.0
BST-079,PROD-002,Bonn White Bread,"Dairy, Bread & Eggs",260,SUP-002-A,Modern Bakeries Delhi,25.0,33.0,6500.0,8580.0,130.0,1950.0
BST-091,PROD-018,Homestrap Plastic Cloth Hanger Set (Black),Home & Lifestyle,30,SUP-018-A,Nayasa Household Plastics,200.0,269.0,6000.0,8070.0,120.0,1950.0
BST-060,PROD-020,Potato (Aloo),Vegetables & Fruits,420,SUP-020-A,Safal Fresh Greens Delhi,18.0,23.0,7560.0,9660.0,151.20000000000002,1948.8
BST-079,PROD-028,MTR Gulab Jamun Mix,Instant Food,59,SUP-028-A,MTR Food Packers,100.0,135.0,5900.0,7965.0,118.0,1947.0
BST-009,PROD-019,Onion (Pyaz),Vegetables & Fruits,208,SUP-019-A,Safal Fresh Greens Delhi,32.0,42.0,6656.0,8736.0,133.12,1946.88
BST-050,PROD-022,Parle Melody Bigger Chocolaty Toffee,Sweets & Chocolates,173,SUP-022-A,Parle Confectioners,38.0,50.0,6574.0,8650.0,131.48,1944.52
BST-063,PROD-022,Parle Melody Bigger Chocolaty Toffee,Sweets & Chocolates,173,SUP-022-A,Parle Confectioners,38.0,50.0,6574.0,8650.0,131.48,1944.52
BST-069,PROD-012,Nestea Ice Tea Premix - Lemon Flavour,"Tea, Coffee & Milk Drinks",45,SUP-012-A,Chaayos Tea Premixers,140.0,186.0,6300.0,8370.0,126.0,1944.0
BST-037,PROD-005,Haldiram's Punjabi Tadka Namkeen Snacks,Chips & Namkeen,192,SUP-005-A,Haldiram Packers Limited,44.0,55.0,8448.0,10560.0,168.96,1943.04
BST-015,PROD-003,iD Idli & Dosa Batter - 1 kg,"Dairy, Bread & Eggs",132,SUP-003-A,Modern Bakeries Delhi,64.0,80.0,8448.0,10560.0,168.96,1943.04
BST-055,PROD-006,Haldiram's Lite Mixture Namkeen,Chips & Namkeen,263,SUP-006-A,Haldiram Packers Limited,32.0,40.0,8416.0,10520.0,168.32,1935.68
BST-070,PROD-011,Chaayos Masala Instant Tea Premix Regular Sugar,"Tea, Coffee & Milk Drinks",61,SUP-011-A,Chaayos Tea Premixers,115.0,149.0,7015.0,9089.0,140.3,1933.7
BST-047,PROD-010,Lipton Honey Lemon Green Tea Bags,"Tea, Coffee & Milk Drinks",49,SUP-010-A,Chaayos Tea Premixers,130.0,172.0,6370.0,8428.0,127.4,1930.6
BST-036,PROD-010,Lipton Honey Lemon Green Tea Bags,"Tea, Coffee & Milk Drinks",49,SUP-010-A,Chaayos Tea Premixers,130.0,172.0,6370.0,8428.0,127.4,1930.6
BST-040,PROD-003,iD Idli & Dosa Batter - 1 kg,"Dairy, Bread & Eggs",131,SUP-003-A,Modern Bakeries Delhi,64.0,80.0,8384.0,10480.0,167.68,1928.32
BST-077,PROD-003,iD Idli & Dosa Batter - 1 kg,"Dairy, Bread & Eggs",131,SUP-003-A,Modern Bakeries Delhi,64.0,80.0,8384.0,10480.0,167.68,1928.32
BST-025,PROD-003,iD Idli & Dosa Batter - 1 kg,"Dairy, Bread & Eggs",131,SUP-003-A,Modern Bakeries Delhi,64.0,80.0,8384.0,10480.0,167.68,1928.32
BST-064,PROD-021,Hybrid Tomato (Tamatar),Vegetables & Fruits,204,SUP-021-A,Safal Fresh Greens Delhi,28.0,38.0,5712.0,7752.0,114.24000000000001,1925.76
BST-070,PROD-025,Kellogg's Original Corn Flakes,Dry Fruits & Cereals,83,SUP-025-A,Kellogg Cereal Packers,90.0,115.0,7470.0,9545.0,149.4,1925.6
BST-001,PROD-002,Bonn White Bread,"Dairy, Bread & Eggs",256,SUP-002-A,Modern Bakeries Delhi,25.0,33.0,6400.0,8448.0,128.0,1920.0
BST-064,PROD-005,Haldiram's Punjabi Tadka Namkeen Snacks,Chips & Namkeen,189,SUP-005-A,Haldiram Packers Limited,44.0,55.0,8316.0,10395.0,166.32,1912.68
BST-020,PROD-005,Haldiram's Punjabi Tadka Namkeen Snacks,Chips & Namkeen,189,SUP-005-A,Haldiram Packers Limited,44.0,55.0,8316.0,10395.0,166.32,1912.68
BST-077,PROD-022,Parle Melody Bigger Chocolaty Toffee,Sweets & Chocolates,170,SUP-022-A,Parle Confectioners,38.0,50.0,6460.0,8500.0,129.2,1910.8
BST-022,PROD-020,Potato (Aloo),Vegetables & Fruits,411,SUP-020-A,Safal Fresh Greens Delhi,18.0,23.0,7398.0,9453.0,147.96,1907.04
BST-014,PROD-006,Haldiram's Lite Mixture Namkeen,Chips & Namkeen,259,SUP-006-A,Haldiram Packers Limited,32.0,40.0,8288.0,10360.0,165.76,1906.24
BST-066,PROD-001,English Oven Milk Bread,"Dairy, Bread & Eggs",207,SUP-001-A,Modern Bakeries Delhi,40.0,50.0,8280.0,10350.0,165.6,1904.4
BST-063,PROD-008,Raw Pressery Coconut Water,Drinks & Juices,136,SUP-008-A,Real Beverages India,50.0,65.0,6800.0,8840.0,136.0,1904.0
BST-015,PROD-008,Raw Pressery Coconut Water,Drinks & Juices,136,SUP-008-A,Real Beverages India,50.0,65.0,6800.0,8840.0,136.0,1904.0
BST-094,PROD-026,Kellogg's Multigrain Chocos Crunchy Bites Kids Cereal,Dry Fruits & Cereals,55,SUP-026-A,Kellogg Cereal Packers,120.0,157.0,6600.0,8635.0,132.0,1903.0
BST-020,PROD-026,Kellogg's Multigrain Chocos Crunchy Bites Kids Cereal,Dry Fruits & Cereals,55,SUP-026-A,Kellogg Cereal Packers,120.0,157.0,6600.0,8635.0,132.0,1903.0
BST-035,PROD-004,Haldiram's Aloo Bhujia,Chips & Namkeen,94,SUP-004-A,Haldiram Packers Limited,88.0,110.0,8272.0,10340.0,165.44,1902.56
BST-044,PROD-020,Potato (Aloo),Vegetables & Fruits,410,SUP-020-A,Safal Fresh Greens Delhi,18.0,23.0,7380.0,9430.0,147.6,1902.4
BST-027,PROD-011,Chaayos Masala Instant Tea Premix Regular Sugar,"Tea, Coffee & Milk Drinks",60,SUP-011-A,Chaayos Tea Premixers,115.0,149.0,6900.0,8940.0,138.0,1902.0
BST-082,PROD-009,Real Activ 100% Tender Coconut Water,Drinks & Juices,169,SUP-009-A,Real Beverages India,38.0,50.0,6422.0,8450.0,128.44,1899.56
BST-058,PROD-021,Hybrid Tomato (Tamatar),Vegetables & Fruits,201,SUP-021-A,Safal Fresh Greens Delhi,28.0,38.0,5628.0,7638.0,112.56,1897.44
BST-028,PROD-010,Lipton Honey Lemon Green Tea Bags,"Tea, Coffee & Milk Drinks",48,SUP-010-A,Chaayos Tea Premixers,130.0,172.0,6240.0,8256.0,124.8,1891.2
BST-098,PROD-010,Lipton Honey Lemon Green Tea Bags,"Tea, Coffee & Milk Drinks",48,SUP-010-A,Chaayos Tea Premixers,130.0,172.0,6240.0,8256.0,124.8,1891.2
BST-094,PROD-010,Lipton Honey Lemon Green Tea Bags,"Tea, Coffee & Milk Drinks",48,SUP-010-A,Chaayos Tea Premixers,130.0,172.0,6240.0,8256.0,124.8,1891.2
BST-070,PROD-010,Lipton Honey Lemon Green Tea Bags,"Tea, Coffee & Milk Drinks",48,SUP-010-A,Chaayos Tea Premixers,130.0,172.0,6240.0,8256.0,124.8,1891.2
BST-064,PROD-022,Parle Melody Bigger Chocolaty Toffee,Sweets & Chocolates,168,SUP-022-A,Parle Confectioners,38.0,50.0,6384.0,8400.0,127.68,1888.32
BST-036,PROD-021,Hybrid Tomato (Tamatar),Vegetables & Fruits,200,SUP-021-A,Safal Fresh Greens Delhi,28.0,38.0,5600.0,7600.0,112.0,1888.0
BST-019,PROD-021,Hybrid Tomato (Tamatar),Vegetables & Fruits,200,SUP-021-A,Safal Fresh Greens Delhi,28.0,38.0,5600.0,7600.0,112.0,1888.0
BST-022,PROD-001,English Oven Milk Bread,"Dairy, Bread & Eggs",205,SUP-001-A,Modern Bakeries Delhi,40.0,50.0,8200.0,10250.0,164.0,1886.0
BST-037,PROD-003,iD Idli & Dosa Batter - 1 kg,"Dairy, Bread & Eggs",128,SUP-003-A,Modern Bakeries Delhi,64.0,80.0,8192.0,10240.0,163.84,1884.16
BST-049,PROD-005,Haldiram's Punjabi Tadka Namkeen Snacks,Chips & Namkeen,186,SUP-005-A,Haldiram Packers Limited,44.0,55.0,8184.0,10230.0,163.68,1882.32
BST-028,PROD-005,Haldiram's Punjabi Tadka Namkeen Snacks,Chips & Namkeen,186,SUP-005-A,Haldiram Packers Limited,44.0,55.0,8184.0,10230.0,163.68,1882.32
BST-071,PROD-005,Haldiram's Punjabi Tadka Namkeen Snacks,Chips & Namkeen,186,SUP-005-A,Haldiram Packers Limited,44.0,55.0,8184.0,10230.0,163.68,1882.32
BST-091,PROD-025,Kellogg's Original Corn Flakes,Dry Fruits & Cereals,81,SUP-025-A,Kellogg Cereal Packers,90.0,115.0,7290.0,9315.0,145.8,1879.2
BST-018,PROD-022,Parle Melody Bigger Chocolaty Toffee,Sweets & Chocolates,167,SUP-022-A,Parle Confectioners,38.0,50.0,6346.0,8350.0,126.92,1877.08
BST-070,PROD-005,Haldiram's Punjabi Tadka Namkeen Snacks,Chips & Namkeen,185,SUP-005-A,Haldiram Packers Limited,44.0,55.0,8140.0,10175.0,162.8,1872.2
BST-019,PROD-011,Chaayos Masala Instant Tea Premix Regular Sugar,"Tea, Coffee & Milk Drinks",59,SUP-011-A,Chaayos Tea Premixers,115.0,149.0,6785.0,8791.0,135.7,1870.3
BST-042,PROD-006,Haldiram's Lite Mixture Namkeen,Chips & Namkeen,254,SUP-006-A,Haldiram Packers Limited,32.0,40.0,8128.0,10160.0,162.56,1869.44
BST-019,PROD-003,iD Idli & Dosa Batter - 1 kg,"Dairy, Bread & Eggs",127,SUP-003-A,Modern Bakeries Delhi,64.0,80.0,8128.0,10160.0,162.56,1869.44
BST-004,PROD-003,iD Idli & Dosa Batter - 1 kg,"Dairy, Bread & Eggs",127,SUP-003-A,Modern Bakeries Delhi,64.0,80.0,8128.0,10160.0,162.56,1869.44
BST-080,PROD-001,English Oven Milk Bread,"Dairy, Bread & Eggs",203,SUP-001-A,Modern Bakeries Delhi,40.0,50.0,8120.0,10150.0,162.4,1867.6
BST-041,PROD-001,English Oven Milk Bread,"Dairy, Bread & Eggs",203,SUP-001-A,Modern Bakeries Delhi,40.0,50.0,8120.0,10150.0,162.4,1867.6
BST-036,PROD-022,Parle Melody Bigger Chocolaty Toffee,Sweets & Chocolates,166,SUP-022-A,Parle Confectioners,38.0,50.0,6308.0,8300.0,126.16,1865.84
BST-072,PROD-019,Onion (Pyaz),Vegetables & Fruits,199,SUP-019-A,Safal Fresh Greens Delhi,32.0,42.0,6368.0,8358.0,127.36,1862.64
BST-035,PROD-012,Nestea Ice Tea Premix - Lemon Flavour,"Tea, Coffee & Milk Drinks",43,SUP-012-A,Chaayos Tea Premixers,140.0,186.0,6020.0,7998.0,120.4,1857.6
BST-080,PROD-009,Real Activ 100% Tender Coconut Water,Drinks & Juices,165,SUP-009-A,Real Beverages India,38.0,50.0,6270.0,8250.0,125.4,1854.6
BST-030,PROD-010,Lipton Honey Lemon Green Tea Bags,"Tea, Coffee & Milk Drinks",47,SUP-010-A,Chaayos Tea Premixers,130.0,172.0,6110.0,8084.0,122.2,1851.8
BST-071,PROD-010,Lipton Honey Lemon Green Tea Bags,"Tea, Coffee & Milk Drinks",47,SUP-010-A,Chaayos Tea Premixers,130.0,172.0,6110.0,8084.0,122.2,1851.8
BST-020,PROD-010,Lipton Honey Lemon Green Tea Bags,"Tea, Coffee & Milk Drinks",47,SUP-010-A,Chaayos Tea Premixers,130.0,172.0,6110.0,8084.0,122.2,1851.8
BST-092,PROD-028,MTR Gulab Jamun Mix,Instant Food,56,SUP-028-A,MTR Food Packers,100.0,135.0,5600.0,7560.0,112.0,1848.0
BST-059,PROD-022,Parle Melody Bigger Chocolaty Toffee,Sweets & Chocolates,164,SUP-022-A,Parle Confectioners,38.0,50.0,6232.0,8200.0,124.64,1843.36
BST-043,PROD-021,Hybrid Tomato (Tamatar),Vegetables & Fruits,195,SUP-021-A,Safal Fresh Greens Delhi,28.0,38.0,5460.0,7410.0,109.2,1840.8
BST-079,PROD-001,English Oven Milk Bread,"Dairy, Bread & Eggs",200,SUP-001-A,Modern Bakeries Delhi,40.0,50.0,8000.0,10000.0,160.0,1840.0
BST-021,PROD-011,Chaayos Masala Instant Tea Premix Regular Sugar,"Tea, Coffee & Milk Drinks",58,SUP-011-A,Chaayos Tea Premixers,115.0,149.0,6670.0,8642.0,133.4,1838.6
BST-071,PROD-011,Chaayos Masala Instant Tea Premix Regular Sugar,"Tea, Coffee & Milk Drinks",58,SUP-011-A,Chaayos Tea Premixers,115.0,149.0,6670.0,8642.0,133.4,1838.6
BST-058,PROD-011,Chaayos Masala Instant Tea Premix Regular Sugar,"Tea, Coffee & Milk Drinks",58,SUP-011-A,Chaayos Tea Premixers,115.0,149.0,6670.0,8642.0,133.4,1838.6
BST-089,PROD-025,Kellogg's Original Corn Flakes,Dry Fruits & Cereals,79,SUP-025-A,Kellogg Cereal Packers,90.0,115.0,7110.0,9085.0,142.20000000000002,1832.8
BST-056,PROD-009,Real Activ 100% Tender Coconut Water,Drinks & Juices,163,SUP-009-A,Real Beverages India,38.0,50.0,6194.0,8150.0,123.88000000000001,1832.12
BST-061,PROD-024,Orbit Mixed Fruit Flavour Chewing Gum (Sugar Free),Sweets & Chocolates,197,SUP-024-A,Parle Confectioners,35.0,45.0,6895.0,8865.0,137.9,1832.1
BST-065,PROD-024,Orbit Mixed Fruit Flavour Chewing Gum (Sugar Free),Sweets & Chocolates,197,SUP-024-A,Parle Confectioners,35.0,45.0,6895.0,8865.0,137.9,1832.1
BST-047,PROD-005,Haldiram's Punjabi Tadka Namkeen Snacks,Chips & Namkeen,181,SUP-005-A,Haldiram Packers Limited,44.0,55.0,7964.0,9955.0,159.28,1831.72
BST-083,PROD-005,Haldiram's Punjabi Tadka Namkeen Snacks,Chips & Namkeen,181,SUP-005-A,Haldiram Packers Limited,44.0,55.0,7964.0,9955.0,159.28,1831.72
BST-011,PROD-020,Potato (Aloo),Vegetables & Fruits,393,SUP-020-A,Safal Fresh Greens Delhi,18.0,23.0,7074.0,9039.0,141.48,1823.52
BST-060,PROD-001,English Oven Milk Bread,"Dairy, Bread & Eggs",198,SUP-001-A,Modern Bakeries Delhi,40.0,50.0,7920.0,9900.0,158.4,1821.6
BST-030,PROD-001,English Oven Milk Bread,"Dairy, Bread & Eggs",198,SUP-001-A,Modern Bakeries Delhi,40.0,50.0,7920.0,9900.0,158.4,1821.6
BST-047,PROD-008,Raw Pressery Coconut Water,Drinks & Juices,130,SUP-008-A,Real Beverages India,50.0,65.0,6500.0,8450.0,130.0,1820.0
BST-010,PROD-008,Raw Pressery Coconut Water,Drinks & Juices,130,SUP-008-A,Real Beverages India,50.0,65.0,6500.0,8450.0,130.0,1820.0
BST-050,PROD-008,Raw Pressery Coconut Water,Drinks & Juices,130,SUP-008-A,Real Beverages India,50.0,65.0,6500.0,8450.0,130.0,1820.0
BST-096,PROD-028,MTR Gulab Jamun Mix,Instant Food,55,SUP-028-A,MTR Food Packers,100.0,135.0,5500.0,7425.0,110.0,1815.0
BST-097,PROD-028,MTR Gulab Jamun Mix,Instant Food,55,SUP-028-A,MTR Food Packers,100.0,135.0,5500.0,7425.0,110.0,1815.0
BST-063,PROD-010,Lipton Honey Lemon Green Tea Bags,"Tea, Coffee & Milk Drinks",46,SUP-010-A,Chaayos Tea Premixers,130.0,172.0,5980.0,7912.0,119.60000000000001,1812.4
BST-051,PROD-010,Lipton Honey Lemon Green Tea Bags,"Tea, Coffee & Milk Drinks",46,SUP-010-A,Chaayos Tea Premixers,130.0,172.0,5980.0,7912.0,119.60000000000001,1812.4
BST-018,PROD-003,iD Idli & Dosa Batter - 1 kg,"Dairy, Bread & Eggs",123,SUP-003-A,Modern Bakeries Delhi,64.0,80.0,7872.0,9840.0,157.44,1810.56
BST-012,PROD-025,Kellogg's Original Corn Flakes,Dry Fruits & Cereals,78,SUP-025-A,Kellogg Cereal Packers,90.0,115.0,7020.0,8970.0,140.4,1809.6
BST-010,PROD-025,Kellogg's Original Corn Flakes,Dry Fruits & Cereals,78,SUP-025-A,Kellogg Cereal Packers,90.0,115.0,7020.0,8970.0,140.4,1809.6
BST-047,PROD-011,Chaayos Masala Instant Tea Premix Regular Sugar,"Tea, Coffee & Milk Drinks",57,SUP-011-A,Chaayos Tea Premixers,115.0,149.0,6555.0,8493.0,131.1,1806.9
BST-063,PROD-011,Chaayos Masala Instant Tea Premix Regular Sugar,"Tea, Coffee & Milk Drinks",57,SUP-011-A,Chaayos Tea Premixers,115.0,149.0,6555.0,8493.0,131.1,1806.9
BST-031,PROD-005,Haldiram's Punjabi Tadka Namkeen Snacks,Chips & Namkeen,178,SUP-005-A,Haldiram Packers Limited,44.0,55.0,7832.0,9790.0,156.64000000000001,1801.36
BST-067,PROD-005,Haldiram's Punjabi Tadka Namkeen Snacks,Chips & Namkeen,178,SUP-005-A,Haldiram Packers Limited,44.0,55.0,7832.0,9790.0,156.64000000000001,1801.36
BST-031,PROD-026,Kellogg's Multigrain Chocos Crunchy Bites Kids Cereal,Dry Fruits & Cereals,52,SUP-026-A,Kellogg Cereal Packers,120.0,157.0,6240.0,8164.0,124.8,1799.2
BST-059,PROD-003,iD Idli & Dosa Batter - 1 kg,"Dairy, Bread & Eggs",122,SUP-003-A,Modern Bakeries Delhi,64.0,80.0,7808.0,9760.0,156.16,1795.84
BST-067,PROD-021,Hybrid Tomato (Tamatar),Vegetables & Fruits,190,SUP-021-A,Safal Fresh Greens Delhi,28.0,38.0,5320.0,7220.0,106.4,1793.6
BST-060,PROD-007,Yu 100% Natural Coconut Water,Drinks & Juices,174,SUP-007-A,Real Beverages India,35.0,46.0,6090.0,8004.0,121.8,1792.2
BST-073,PROD-005,Haldiram's Punjabi Tadka Namkeen Snacks,Chips & Namkeen,177,SUP-005-A,Haldiram Packers Limited,44.0,55.0,7788.0,9735.0,155.76,1791.24
BST-087,PROD-027,Kellogg's Chocos Fills Double Chocolaty Cereal,Dry Fruits & Cereals,83,SUP-027-A,Kellogg Cereal Packers,72.0,95.0,5976.0,7885.0,119.52,1789.48
BST-029,PROD-019,Onion (Pyaz),Vegetables & Fruits,191,SUP-019-A,Safal Fresh Greens Delhi,32.0,42.0,6112.0,8022.0,122.24000000000001,1787.76
BST-022,PROD-009,Real Activ 100% Tender Coconut Water,Drinks & Juices,159,SUP-009-A,Real Beverages India,38.0,50.0,6042.0,7950.0,120.84,1787.16
BST-063,PROD-025,Kellogg's Original Corn Flakes,Dry Fruits & Cereals,77,SUP-025-A,Kellogg Cereal Packers,90.0,115.0,6930.0,8855.0,138.6,1786.4
BST-010,PROD-002,Bonn White Bread,"Dairy, Bread & Eggs",238,SUP-002-A,Modern Bakeries Delhi,25.0,33.0,5950.0,7854.0,119.0,1785.0
BST-003,PROD-002,Bonn White Bread,"Dairy, Bread & Eggs",238,SUP-002-A,Modern Bakeries Delhi,25.0,33.0,5950.0,7854.0,119.0,1785.0
BST-025,PROD-028,MTR Gulab Jamun Mix,Instant Food,54,SUP-028-A,MTR Food Packers,100.0,135.0,5400.0,7290.0,108.0,1782.0
BST-048,PROD-006,Haldiram's Lite Mixture Namkeen,Chips & Namkeen,242,SUP-006-A,Haldiram Packers Limited,32.0,40.0,7744.0,9680.0,154.88,1781.12
BST-026,PROD-004,Haldiram's Aloo Bhujia,Chips & Namkeen,88,SUP-004-A,Haldiram Packers Limited,88.0,110.0,7744.0,9680.0,154.88,1781.12
BST-062,PROD-019,Onion (Pyaz),Vegetables & Fruits,190,SUP-019-A,Safal Fresh Greens Delhi,32.0,42.0,6080.0,7980.0,121.60000000000001,1778.4
BST-012,PROD-009,Real Activ 100% Tender Coconut Water,Drinks & Juices,158,SUP-009-A,Real Beverages India,38.0,50.0,6004.0,7900.0,120.08,1775.92
BST-030,PROD-009,Real Activ 100% Tender Coconut Water,Drinks & Juices,158,SUP-009-A,Real Beverages India,38.0,50.0,6004.0,7900.0,120.08,1775.92
BST-020,PROD-011,Chaayos Masala Instant Tea Premix Regular Sugar,"Tea, Coffee & Milk Drinks",56,SUP-011-A,Chaayos Tea Premixers,115.0,149.0,6440.0,8344.0,128.8,1775.2
BST-064,PROD-011,Chaayos Masala Instant Tea Premix Regular Sugar,"Tea, Coffee & Milk Drinks",56,SUP-011-A,Chaayos Tea Premixers,115.0,149.0,6440.0,8344.0,128.8,1775.2
BST-038,PROD-010,Lipton Honey Lemon Green Tea Bags,"Tea, Coffee & Milk Drinks",45,SUP-010-A,Chaayos Tea Premixers,130.0,172.0,5850.0,7740.0,117.0,1773.0
BST-082,PROD-020,Potato (Aloo),Vegetables & Fruits,382,SUP-020-A,Safal Fresh Greens Delhi,18.0,23.0,6876.0,8786.0,137.52,1772.48
BST-039,PROD-020,Potato (Aloo),Vegetables & Fruits,382,SUP-020-A,Safal Fresh Greens Delhi,18.0,23.0,6876.0,8786.0,137.52,1772.48
BST-012,PROD-007,Yu 100% Natural Coconut Water,Drinks & Juices,172,SUP-007-A,Real Beverages India,35.0,46.0,6020.0,7912.0,120.4,1771.6
BST-030,PROD-007,Yu 100% Natural Coconut Water,Drinks & Juices,172,SUP-007-A,Real Beverages India,35.0,46.0,6020.0,7912.0,120.4,1771.6
BST-023,PROD-005,Haldiram's Punjabi Tadka Namkeen Snacks,Chips & Namkeen,175,SUP-005-A,Haldiram Packers Limited,44.0,55.0,7700.0,9625.0,154.0,1771.0
BST-094,PROD-005,Haldiram's Punjabi Tadka Namkeen Snacks,Chips & Namkeen,175,SUP-005-A,Haldiram Packers Limited,44.0,55.0,7700.0,9625.0,154.0,1771.0
BST-089,PROD-002,Bonn White Bread,"Dairy, Bread & Eggs",236,SUP-002-A,Modern Bakeries Delhi,25.0,33.0,5900.0,7788.0,118.0,1770.0
BST-071,PROD-026,Kellogg's Multigrain Chocos Crunchy Bites Kids Cereal,Dry Fruits & Cereals,51,SUP-026-A,Kellogg Cereal Packers,120.0,157.0,6120.0,8007.0,122.4,1764.6
BST-070,PROD-008,Raw Pressery Coconut Water,Drinks & Juices,126,SUP-008-A,Real Beverages India,50.0,65.0,6300.0,8190.0,126.0,1764.0
BST-049,PROD-008,Raw Pressery Coconut Water,Drinks & Juices,126,SUP-008-A,Real Beverages India,50.0,65.0,6300.0,8190.0,126.0,1764.0
BST-007,PROD-020,Potato (Aloo),Vegetables & Fruits,380,SUP-020-A,Safal Fresh Greens Delhi,18.0,23.0,6840.0,8740.0,136.8,1763.2
BST-024,PROD-001,English Oven Milk Bread,"Dairy, Bread & Eggs",191,SUP-001-A,Modern Bakeries Delhi,40.0,50.0,7640.0,9550.0,152.8,1757.2
BST-096,PROD-001,English Oven Milk Bread,"Dairy, Bread & Eggs",191,SUP-001-A,Modern Bakeries Delhi,40.0,50.0,7640.0,9550.0,152.8,1757.2
BST-031,PROD-018,Homestrap Plastic Cloth Hanger Set (Black),Home & Lifestyle,27,SUP-018-A,Nayasa Household Plastics,200.0,269.0,5400.0,7263.0,108.0,1755.0
BST-058,PROD-005,Haldiram's Punjabi Tadka Namkeen Snacks,Chips & Namkeen,173,SUP-005-A,Haldiram Packers Limited,44.0,55.0,7612.0,9515.0,152.24,1750.76
BST-066,PROD-028,MTR Gulab Jamun Mix,Instant Food,53,SUP-028-A,MTR Food Packers,100.0,135.0,5300.0,7155.0,106.0,1749.0
BST-078,PROD-028,MTR Gulab Jamun Mix,Instant Food,53,SUP-028-A,MTR Food Packers,100.0,135.0,5300.0,7155.0,106.0,1749.0
BST-040,PROD-028,MTR Gulab Jamun Mix,Instant Food,53,SUP-028-A,MTR Food Packers,100.0,135.0,5300.0,7155.0,106.0,1749.0
BST-041,PROD-007,Yu 100% Natural Coconut Water,Drinks & Juices,169,SUP-007-A,Real Beverages India,35.0,46.0,5915.0,7774.0,118.3,1740.7
BST-009,PROD-005,Haldiram's Punjabi Tadka Namkeen Snacks,Chips & Namkeen,172,SUP-005-A,Haldiram Packers Limited,44.0,55.0,7568.0,9460.0,151.36,1740.6399999999999
BST-025,PROD-002,Bonn White Bread,"Dairy, Bread & Eggs",232,SUP-002-A,Modern Bakeries Delhi,25.0,33.0,5800.0,7656.0,116.0,1740.0
BST-078,PROD-025,Kellogg's Original Corn Flakes,Dry Fruits & Cereals,75,SUP-025-A,Kellogg Cereal Packers,90.0,115.0,6750.0,8625.0,135.0,1740.0
BST-012,PROD-001,English Oven Milk Bread,"Dairy, Bread & Eggs",189,SUP-001-A,Modern Bakeries Delhi,40.0,50.0,7560.0,9450.0,151.20000000000002,1738.8
BST-036,PROD-003,iD Idli & Dosa Batter - 1 kg,"Dairy, Bread & Eggs",118,SUP-003-A,Modern Bakeries Delhi,64.0,80.0,7552.0,9440.0,151.04,1736.96
BST-086,PROD-006,Haldiram's Lite Mixture Namkeen,Chips & Namkeen,236,SUP-006-A,Haldiram Packers Limited,32.0,40.0,7552.0,9440.0,151.04,1736.96
BST-050,PROD-010,Lipton Honey Lemon Green Tea Bags,"Tea, Coffee & Milk Drinks",44,SUP-010-A,Chaayos Tea Premixers,130.0,172.0,5720.0,7568.0,114.4,1733.6
BST-072,PROD-010,Lipton Honey Lemon Green Tea Bags,"Tea, Coffee & Milk Drinks",44,SUP-010-A,Chaayos Tea Premixers,130.0,172.0,5720.0,7568.0,114.4,1733.6
BST-004,PROD-002,Bonn White Bread,"Dairy, Bread & Eggs",231,SUP-002-A,Modern Bakeries Delhi,25.0,33.0,5775.0,7623.0,115.5,1732.5
BST-078,PROD-009,Real Activ 100% Tender Coconut Water,Drinks & Juices,154,SUP-009-A,Real Beverages India,38.0,50.0,5852.0,7700.0,117.04,1730.96
BST-091,PROD-009,Real Activ 100% Tender Coconut Water,Drinks & Juices,154,SUP-009-A,Real Beverages India,38.0,50.0,5852.0,7700.0,117.04,1730.96
BST-089,PROD-009,Real Activ 100% Tender Coconut Water,Drinks & Juices,154,SUP-009-A,Real Beverages India,38.0,50.0,5852.0,7700.0,117.04,1730.96
BST-089,PROD-007,Yu 100% Natural Coconut Water,Drinks & Juices,168,SUP-007-A,Real Beverages India,35.0,46.0,5880.0,7728.0,117.60000000000001,1730.4
BST-025,PROD-001,English Oven Milk Bread,"Dairy, Bread & Eggs",188,SUP-001-A,Modern Bakeries Delhi,40.0,50.0,7520.0,9400.0,150.4,1729.6
BST-097,PROD-001,English Oven Milk Bread,"Dairy, Bread & Eggs",188,SUP-001-A,Modern Bakeries Delhi,40.0,50.0,7520.0,9400.0,150.4,1729.6
BST-037,PROD-001,English Oven Milk Bread,"Dairy, Bread & Eggs",188,SUP-001-A,Modern Bakeries Delhi,40.0,50.0,7520.0,9400.0,150.4,1729.6
BST-012,PROD-002,Bonn White Bread,"Dairy, Bread & Eggs",230,SUP-002-A,Modern Bakeries Delhi,25.0,33.0,5750.0,7590.0,115.0,1725.0
BST-054,PROD-027,Kellogg's Chocos Fills Double Chocolaty Cereal,Dry Fruits & Cereals,80,SUP-027-A,Kellogg Cereal Packers,72.0,95.0,5760.0,7600.0,115.2,1724.8
BST-085,PROD-019,Onion (Pyaz),Vegetables & Fruits,184,SUP-019-A,Safal Fresh Greens Delhi,32.0,42.0,5888.0,7728.0,117.76,1722.24
BST-076,PROD-019,Onion (Pyaz),Vegetables & Fruits,184,SUP-019-A,Safal Fresh Greens Delhi,32.0,42.0,5888.0,7728.0,117.76,1722.24
BST-021,PROD-028,MTR Gulab Jamun Mix,Instant Food,52,SUP-028-A,MTR Food Packers,100.0,135.0,5200.0,7020.0,104.0,1716.0
BST-012,PROD-028,MTR Gulab Jamun Mix,Instant Food,52,SUP-028-A,MTR Food Packers,100.0,135.0,5200.0,7020.0,104.0,1716.0
BST-031,PROD-011,Chaayos Masala Instant Tea Premix Regular Sugar,"Tea, Coffee & Milk Drinks",54,SUP-011-A,Chaayos Tea Premixers,115.0,149.0,6210.0,8046.0,124.2,1711.8
BST-095,PROD-001,English Oven Milk Bread,"Dairy, Bread & Eggs",186,SUP-001-A,Modern Bakeries Delhi,40.0,50.0,7440.0,9300.0,148.8,1711.2
BST-078,PROD-002,Bonn White Bread,"Dairy, Bread & Eggs",228,SUP-002-A,Modern Bakeries Delhi,25.0,33.0,5700.0,7524.0,114.0,1710.0
BST-059,PROD-008,Raw Pressery Coconut Water,Drinks & Juices,122,SUP-008-A,Real Beverages India,50.0,65.0,6100.0,7930.0,122.0,1708.0
BST-028,PROD-008,Raw Pressery Coconut Water,Drinks & Juices,122,SUP-008-A,Real Beverages India,50.0,65.0,6100.0,7930.0,122.0,1708.0
BST-050,PROD-003,iD Idli & Dosa Batter - 1 kg,"Dairy, Bread & Eggs",116,SUP-003-A,Modern Bakeries Delhi,64.0,80.0,7424.0,9280.0,148.48,1707.52
BST-037,PROD-020,Potato (Aloo),Vegetables & Fruits,368,SUP-020-A,Safal Fresh Greens Delhi,18.0,23.0,6624.0,8464.0,132.48,1707.52
BST-044,PROD-006,Haldiram's Lite Mixture Namkeen,Chips & Namkeen,232,SUP-006-A,Haldiram Packers Limited,32.0,40.0,7424.0,9280.0,148.48,1707.52
BST-055,PROD-027,Kellogg's Chocos Fills Double Chocolaty Cereal,Dry Fruits & Cereals,79,SUP-027-A,Kellogg Cereal Packers,72.0,95.0,5688.0,7505.0,113.76,1703.24
BST-080,PROD-020,Potato (Aloo),Vegetables & Fruits,367,SUP-020-A,Safal Fresh Greens Delhi,18.0,23.0,6606.0,8441.0,132.12,1702.88
BST-017,PROD-001,English Oven Milk Bread,"Dairy, Bread & Eggs",185,SUP-001-A,Modern Bakeries Delhi,40.0,50.0,7400.0,9250.0,148.0,1702.0
BST-070,PROD-001,English Oven Milk Bread,"Dairy, Bread & Eggs",185,SUP-001-A,Modern Bakeries Delhi,40.0,50.0,7400.0,9250.0,148.0,1702.0
BST-074,PROD-006,Haldiram's Lite Mixture Namkeen,Chips & Namkeen,231,SUP-006-A,Haldiram Packers Limited,32.0,40.0,7392.0,9240.0,147.84,1700.16
BST-097,PROD-009,Real Activ 100% Tender Coconut Water,Drinks & Juices,151,SUP-009-A,Real Beverages India,38.0,50.0,5738.0,7550.0,114.76,1697.24
BST-018,PROD-002,Bonn White Bread,"Dairy, Bread & Eggs",226,SUP-002-A,Modern Bakeries Delhi,25.0,33.0,5650.0,7458.0,113.0,1695.0
BST-058,PROD-010,Lipton Honey Lemon Green Tea Bags,"Tea, Coffee & Milk Drinks",43,SUP-010-A,Chaayos Tea Premixers,130.0,172.0,5590.0,7396.0,111.8,1694.2
BST-029,PROD-010,Lipton Honey Lemon Green Tea Bags,"Tea, Coffee & Milk Drinks",43,SUP-010-A,Chaayos Tea Premixers,130.0,172.0,5590.0,7396.0,111.8,1694.2
BST-083,PROD-010,Lipton Honey Lemon Green Tea Bags,"Tea, Coffee & Milk Drinks",43,SUP-010-A,Chaayos Tea Premixers,130.0,172.0,5590.0,7396.0,111.8,1694.2
BST-067,PROD-010,Lipton Honey Lemon Green Tea Bags,"Tea, Coffee & Milk Drinks",43,SUP-010-A,Chaayos Tea Premixers,130.0,172.0,5590.0,7396.0,111.8,1694.2
BST-012,PROD-008,Raw Pressery Coconut Water,Drinks & Juices,121,SUP-008-A,Real Beverages India,50.0,65.0,6050.0,7865.0,121.0,1694.0
BST-047,PROD-025,Kellogg's Original Corn Flakes,Dry Fruits & Cereals,73,SUP-025-A,Kellogg Cereal Packers,90.0,115.0,6570.0,8395.0,131.4,1693.6
BST-018,PROD-025,Kellogg's Original Corn Flakes,Dry Fruits & Cereals,73,SUP-025-A,Kellogg Cereal Packers,90.0,115.0,6570.0,8395.0,131.4,1693.6
BST-027,PROD-025,Kellogg's Original Corn Flakes,Dry Fruits & Cereals,73,SUP-025-A,Kellogg Cereal Packers,90.0,115.0,6570.0,8395.0,131.4,1693.6
BST-031,PROD-003,iD Idli & Dosa Batter - 1 kg,"Dairy, Bread & Eggs",115,SUP-003-A,Modern Bakeries Delhi,64.0,80.0,7360.0,9200.0,147.20000000000002,1692.8
BST-039,PROD-006,Haldiram's Lite Mixture Namkeen,Chips & Namkeen,230,SUP-006-A,Haldiram Packers Limited,32.0,40.0,7360.0,9200.0,147.20000000000002,1692.8
BST-049,PROD-003,iD Idli & Dosa Batter - 1 kg,"Dairy, Bread & Eggs",115,SUP-003-A,Modern Bakeries Delhi,64.0,80.0,7360.0,9200.0,147.20000000000002,1692.8
BST-039,PROD-023,Wrigley's Doublemint Peppermint Chewy Mint Candies,Sweets & Chocolates,182,SUP-023-A,Parle Confectioners,35.0,45.0,6370.0,8190.0,127.4,1692.6
BST-081,PROD-018,Homestrap Plastic Cloth Hanger Set (Black),Home & Lifestyle,26,SUP-018-A,Nayasa Household Plastics,200.0,269.0,5200.0,6994.0,104.0,1690.0
BST-094,PROD-018,Homestrap Plastic Cloth Hanger Set (Black),Home & Lifestyle,26,SUP-018-A,Nayasa Household Plastics,200.0,269.0,5200.0,6994.0,104.0,1690.0
BST-015,PROD-007,Yu 100% Natural Coconut Water,Drinks & Juices,164,SUP-007-A,Real Beverages India,35.0,46.0,5740.0,7544.0,114.8,1689.2
BST-063,PROD-007,Yu 100% Natural Coconut Water,Drinks & Juices,164,SUP-007-A,Real Beverages India,35.0,46.0,5740.0,7544.0,114.8,1689.2
BST-097,PROD-002,Bonn White Bread,"Dairy, Bread & Eggs",225,SUP-002-A,Modern Bakeries Delhi,25.0,33.0,5625.0,7425.0,112.5,1687.5
BST-063,PROD-009,Real Activ 100% Tender Coconut Water,Drinks & Juices,150,SUP-009-A,Real Beverages India,38.0,50.0,5700.0,7500.0,114.0,1686.0
BST-003,PROD-001,English Oven Milk Bread,"Dairy, Bread & Eggs",183,SUP-001-A,Modern Bakeries Delhi,40.0,50.0,7320.0,9150.0,146.4,1683.6
BST-004,PROD-028,MTR Gulab Jamun Mix,Instant Food,51,SUP-028-A,MTR Food Packers,100.0,135.0,5100.0,6885.0,102.0,1683.0
BST-094,PROD-011,Chaayos Masala Instant Tea Premix Regular Sugar,"Tea, Coffee & Milk Drinks",53,SUP-011-A,Chaayos Tea Premixers,115.0,149.0,6095.0,7897.0,121.9,1680.1
BST-036,PROD-008,Raw Pressery Coconut Water,Drinks & Juices,120,SUP-008-A,Real Beverages India,50.0,65.0,6000.0,7800.0,120.0,1680.0
BST-004,PROD-020,Potato (Aloo),Vegetables & Fruits,361,SUP-020-A,Safal Fresh Greens Delhi,18.0,23.0,6498.0,8303.0,129.96,1675.04
BST-072,PROD-021,Hybrid Tomato (Tamatar),Vegetables & Fruits,177,SUP-021-A,Safal Fresh Greens Delhi,28.0,38.0,4956.0,6726.0,99.12,1670.88
BST-040,PROD-020,Potato (Aloo),Vegetables & Fruits,360,SUP-020-A,Safal Fresh Greens Delhi,18.0,23.0,6480.0,8280.0,129.6,1670.4
BST-067,PROD-008,Raw Pressery Coconut Water,Drinks & Juices,119,SUP-008-A,Real Beverages India,50.0,65.0,5950.0,7735.0,119.0,1666.0
BST-040,PROD-001,English Oven Milk Bread,"Dairy, Bread & Eggs",181,SUP-001-A,Modern Bakeries Delhi,40.0,50.0,7240.0,9050.0,144.8,1665.2
BST-098,PROD-005,Haldiram's Punjabi Tadka Namkeen Snacks,Chips & Namkeen,164,SUP-005-A,Haldiram Packers Limited,44.0,55.0,7216.0,9020.0,144.32,1659.68
BST-059,PROD-002,Bonn White Bread,"Dairy, Bread & Eggs",221,SUP-002-A,Modern Bakeries Delhi,25.0,33.0,5525.0,7293.0,110.5,1657.5
BST-025,PROD-020,Potato (Aloo),Vegetables & Fruits,357,SUP-020-A,Safal Fresh Greens Delhi,18.0,23.0,6426.0,8211.0,128.52,1656.48
BST-096,PROD-020,Potato (Aloo),Vegetables & Fruits,357,SUP-020-A,Safal Fresh Greens Delhi,18.0,23.0,6426.0,8211.0,128.52,1656.48
BST-031,PROD-010,Lipton Honey Lemon Green Tea Bags,"Tea, Coffee & Milk Drinks",42,SUP-010-A,Chaayos Tea Premixers,130.0,172.0,5460.0,7224.0,109.2,1654.8
BST-043,PROD-022,Parle Melody Bigger Chocolaty Toffee,Sweets & Chocolates,147,SUP-022-A,Parle Confectioners,38.0,50.0,5586.0,7350.0,111.72,1652.28
BST-091,PROD-008,Raw Pressery Coconut Water,Drinks & Juices,118,SUP-008-A,Real Beverages India,50.0,65.0,5900.0,7670.0,118.0,1652.0
BST-008,PROD-002,Bonn White Bread,"Dairy, Bread & Eggs",220,SUP-002-A,Modern Bakeries Delhi,25.0,33.0,5500.0,7260.0,110.0,1650.0
BST-077,PROD-001,English Oven Milk Bread,"Dairy, Bread & Eggs",178,SUP-001-A,Modern Bakeries Delhi,40.0,50.0,7120.0,8900.0,142.4,1637.6
BST-029,PROD-021,Hybrid Tomato (Tamatar),Vegetables & Fruits,173,SUP-021-A,Safal Fresh Greens Delhi,28.0,38.0,4844.0,6574.0,96.88,1633.12
BST-001,PROD-009,Real Activ 100% Tender Coconut Water,Drinks & Juices,145,SUP-009-A,Real Beverages India,38.0,50.0,5510.0,7250.0,110.2,1629.8
BST-023,PROD-008,Raw Pressery Coconut Water,Drinks & Juices,116,SUP-008-A,Real Beverages India,50.0,65.0,5800.0,7540.0,116.0,1624.0
BST-019,PROD-008,Raw Pressery Coconut Water,Drinks & Juices,116,SUP-008-A,Real Beverages India,50.0,65.0,5800.0,7540.0,116.0,1624.0
BST-062,PROD-021,Hybrid Tomato (Tamatar),Vegetables & Fruits,172,SUP-021-A,Safal Fresh Greens Delhi,28.0,38.0,4816.0,6536.0,96.32000000000001,1623.68
BST-024,PROD-020,Potato (Aloo),Vegetables & Fruits,349,SUP-020-A,Safal Fresh Greens Delhi,18.0,23.0,6282.0,8027.0,125.64,1619.36
BST-010,PROD-001,English Oven Milk Bread,"Dairy, Bread & Eggs",176,SUP-001-A,Modern Bakeries Delhi,40.0,50.0,7040.0,8800.0,140.8,1619.2
BST-080,PROD-006,Haldiram's Lite Mixture Namkeen,Chips & Namkeen,220,SUP-006-A,Haldiram Packers Limited,32.0,40.0,7040.0,8800.0,140.8,1619.2
BST-043,PROD-003,iD Idli & Dosa Batter - 1 kg,"Dairy, Bread & Eggs",110,SUP-003-A,Modern Bakeries Delhi,64.0,80.0,7040.0,8800.0,140.8,1619.2
BST-027,PROD-009,Real Activ 100% Tender Coconut Water,Drinks & Juices,144,SUP-009-A,Real Beverages India,38.0,50.0,5472.0,7200.0,109.44,1618.56
BST-037,PROD-028,MTR Gulab Jamun Mix,Instant Food,49,SUP-028-A,MTR Food Packers,100.0,135.0,4900.0,6615.0,98.0,1617.0
BST-049,PROD-028,MTR Gulab Jamun Mix,Instant Food,49,SUP-028-A,MTR Food Packers,100.0,135.0,4900.0,6615.0,98.0,1617.0
BST-043,PROD-008,Raw Pressery Coconut Water,Drinks & Juices,115,SUP-008-A,Real Beverages India,50.0,65.0,5750.0,7475.0,115.0,1610.0
BST-051,PROD-022,Parle Melody Bigger Chocolaty Toffee,Sweets & Chocolates,143,SUP-022-A,Parle Confectioners,38.0,50.0,5434.0,7150.0,108.68,1607.32
BST-008,PROD-020,Potato (Aloo),Vegetables & Fruits,346,SUP-020-A,Safal Fresh Greens Delhi,18.0,23.0,6228.0,7958.0,124.56,1605.44
BST-046,PROD-002,Bonn White Bread,"Dairy, Bread & Eggs",214,SUP-002-A,Modern Bakeries Delhi,25.0,33.0,5350.0,7062.0,107.0,1605.0
BST-011,PROD-006,Haldiram's Lite Mixture Namkeen,Chips & Namkeen,218,SUP-006-A,Haldiram Packers Limited,32.0,40.0,6976.0,8720.0,139.52,1604.48
BST-004,PROD-001,English Oven Milk Bread,"Dairy, Bread & Eggs",174,SUP-001-A,Modern Bakeries Delhi,40.0,50.0,6960.0,8700.0,139.20000000000002,1600.8
BST-050,PROD-025,Kellogg's Original Corn Flakes,Dry Fruits & Cereals,69,SUP-025-A,Kellogg Cereal Packers,90.0,115.0,6210.0,7935.0,124.2,1600.8
BST-029,PROD-005,Haldiram's Punjabi Tadka Namkeen Snacks,Chips & Namkeen,158,SUP-005-A,Haldiram Packers Limited,44.0,55.0,6952.0,8690.0,139.04,1598.96
BST-062,PROD-005,Haldiram's Punjabi Tadka Namkeen Snacks,Chips & Namkeen,158,SUP-005-A,Haldiram Packers Limited,44.0,55.0,6952.0,8690.0,139.04,1598.96
BST-082,PROD-006,Haldiram's Lite Mixture Namkeen,Chips & Namkeen,217,SUP-006-A,Haldiram Packers Limited,32.0,40.0,6944.0,8680.0,138.88,1597.12
BST-047,PROD-007,Yu 100% Natural Coconut Water,Drinks & Juices,155,SUP-007-A,Real Beverages India,35.0,46.0,5425.0,7130.0,108.5,1596.5
BST-085,PROD-026,Kellogg's Multigrain Chocos Crunchy Bites Kids Cereal,Dry Fruits & Cereals,46,SUP-026-A,Kellogg Cereal Packers,120.0,157.0,5520.0,7222.0,110.4,1591.6
BST-018,PROD-001,English Oven Milk Bread,"Dairy, Bread & Eggs",173,SUP-001-A,Modern Bakeries Delhi,40.0,50.0,6920.0,8650.0,138.4,1591.6
BST-021,PROD-003,iD Idli & Dosa Batter - 1 kg,"Dairy, Bread & Eggs",108,SUP-003-A,Modern Bakeries Delhi,64.0,80.0,6912.0,8640.0,138.24,1589.76
BST-050,PROD-007,Yu 100% Natural Coconut Water,Drinks & Juices,154,SUP-007-A,Real Beverages India,35.0,46.0,5390.0,7084.0,107.8,1586.2
BST-018,PROD-028,MTR Gulab Jamun Mix,Instant Food,48,SUP-028-A,MTR Food Packers,100.0,135.0,4800.0,6480.0,96.0,1584.0
BST-073,PROD-028,MTR Gulab Jamun Mix,Instant Food,48,SUP-028-A,MTR Food Packers,100.0,135.0,4800.0,6480.0,96.0,1584.0
BST-077,PROD-028,MTR Gulab Jamun Mix,Instant Food,48,SUP-028-A,MTR Food Packers,100.0,135.0,4800.0,6480.0,96.0,1584.0
BST-050,PROD-002,Bonn White Bread,"Dairy, Bread & Eggs",211,SUP-002-A,Modern Bakeries Delhi,25.0,33.0,5275.0,6963.0,105.5,1582.5
BST-079,PROD-020,Potato (Aloo),Vegetables & Fruits,341,SUP-020-A,Safal Fresh Greens Delhi,18.0,23.0,6138.0,7843.0,122.76,1582.24
BST-064,PROD-025,Kellogg's Original Corn Flakes,Dry Fruits & Cereals,68,SUP-025-A,Kellogg Cereal Packers,90.0,115.0,6120.0,7820.0,122.4,1577.6
BST-083,PROD-007,Yu 100% Natural Coconut Water,Drinks & Juices,153,SUP-007-A,Real Beverages India,35.0,46.0,5355.0,7038.0,107.10000000000001,1575.9
BST-073,PROD-002,Bonn White Bread,"Dairy, Bread & Eggs",210,SUP-002-A,Modern Bakeries Delhi,25.0,33.0,5250.0,6930.0,105.0,1575.0
BST-008,PROD-009,Real Activ 100% Tender Coconut Water,Drinks & Juices,140,SUP-009-A,Real Beverages India,38.0,50.0,5320.0,7000.0,106.4,1573.6
BST-024,PROD-006,Haldiram's Lite Mixture Namkeen,Chips & Namkeen,213,SUP-006-A,Haldiram Packers Limited,32.0,40.0,6816.0,8520.0,136.32,1567.68
BST-036,PROD-002,Bonn White Bread,"Dairy, Bread & Eggs",209,SUP-002-A,Modern Bakeries Delhi,25.0,33.0,5225.0,6897.0,104.5,1567.5
BST-037,PROD-007,Yu 100% Natural Coconut Water,Drinks & Juices,152,SUP-007-A,Real Beverages India,35.0,46.0,5320.0,6992.0,106.4,1565.6
BST-044,PROD-024,Orbit Mixed Fruit Flavour Chewing Gum (Sugar Free),Sweets & Chocolates,168,SUP-024-A,Parle Confectioners,35.0,45.0,5880.0,7560.0,117.60000000000001,1562.4
BST-067,PROD-003,iD Idli & Dosa Batter - 1 kg,"Dairy, Bread & Eggs",106,SUP-003-A,Modern Bakeries Delhi,64.0,80.0,6784.0,8480.0,135.68,1560.32
BST-021,PROD-002,Bonn White Bread,"Dairy, Bread & Eggs",208,SUP-002-A,Modern Bakeries Delhi,25.0,33.0,5200.0,6864.0,104.0,1560.0
BST-071,PROD-002,Bonn White Bread,"Dairy, Bread & Eggs",208,SUP-002-A,Modern Bakeries Delhi,25.0,33.0,5200.0,6864.0,104.0,1560.0
BST-072,PROD-018,Homestrap Plastic Cloth Hanger Set (Black),Home & Lifestyle,24,SUP-018-A,Nayasa Household Plastics,200.0,269.0,4800.0,6456.0,96.0,1560.0
BST-006,PROD-004,Haldiram's Aloo Bhujia,Chips & Namkeen,77,SUP-004-A,Haldiram Packers Limited,88.0,110.0,6776.0,8470.0,135.52,1558.48
BST-076,PROD-005,Haldiram's Punjabi Tadka Namkeen Snacks,Chips & Namkeen,154,SUP-005-A,Haldiram Packers Limited,44.0,55.0,6776.0,8470.0,135.52,1558.48
BST-072,PROD-005,Haldiram's Punjabi Tadka Namkeen Snacks,Chips & Namkeen,154,SUP-005-A,Haldiram Packers Limited,44.0,55.0,6776.0,8470.0,135.52,1558.48
BST-038,PROD-005,Haldiram's Punjabi Tadka Namkeen Snacks,Chips & Namkeen,154,SUP-005-A,Haldiram Packers Limited,44.0,55.0,6776.0,8470.0,135.52,1558.48
BST-090,PROD-021,Hybrid Tomato (Tamatar),Vegetables & Fruits,165,SUP-021-A,Safal Fresh Greens Delhi,28.0,38.0,4620.0,6270.0,92.4,1557.6
BST-072,PROD-026,Kellogg's Multigrain Chocos Crunchy Bites Kids Cereal,Dry Fruits & Cereals,45,SUP-026-A,Kellogg Cereal Packers,120.0,157.0,5400.0,7065.0,108.0,1557.0
BST-029,PROD-026,Kellogg's Multigrain Chocos Crunchy Bites Kids Cereal,Dry Fruits & Cereals,45,SUP-026-A,Kellogg Cereal Packers,120.0,157.0,5400.0,7065.0,108.0,1557.0
BST-046,PROD-001,English Oven Milk Bread,"Dairy, Bread & Eggs",169,SUP-001-A,Modern Bakeries Delhi,40.0,50.0,6760.0,8450.0,135.2,1554.8
BST-059,PROD-020,Potato (Aloo),Vegetables & Fruits,335,SUP-020-A,Safal Fresh Greens Delhi,18.0,23.0,6030.0,7705.0,120.60000000000001,1554.4
BST-027,PROD-008,Raw Pressery Coconut Water,Drinks & Juices,111,SUP-008-A,Real Beverages India,50.0,65.0,5550.0,7215.0,111.0,1554.0
BST-070,PROD-009,Real Activ 100% Tender Coconut Water,Drinks & Juices,138,SUP-009-A,Real Beverages India,38.0,50.0,5244.0,6900.0,104.88,1551.12
BST-038,PROD-022,Parle Melody Bigger Chocolaty Toffee,Sweets & Chocolates,138,SUP-022-A,Parle Confectioners,38.0,50.0,5244.0,6900.0,104.88,1551.12
BST-015,PROD-028,MTR Gulab Jamun Mix,Instant Food,47,SUP-028-A,MTR Food Packers,100.0,135.0,4700.0,6345.0,94.0,1551.0
BST-091,PROD-028,MTR Gulab Jamun Mix,Instant Food,47,SUP-028-A,MTR Food Packers,100.0,135.0,4700.0,6345.0,94.0,1551.0
BST-049,PROD-007,Yu 100% Natural Coconut Water,Drinks & Juices,150,SUP-007-A,Real Beverages India,35.0,46.0,5250.0,6900.0,105.0,1545.0
BST-032,PROD-019,Onion (Pyaz),Vegetables & Fruits,165,SUP-019-A,Safal Fresh Greens Delhi,32.0,42.0,5280.0,6930.0,105.60000000000001,1544.4
BST-003,PROD-023,Wrigley's Doublemint Peppermint Chewy Mint Candies,Sweets & Chocolates,166,SUP-023-A,Parle Confectioners,35.0,45.0,5810.0,7470.0,116.2,1543.8
BST-087,PROD-014,DOMS Max Water Colour Sketch Pens (Multicolour),Stationery & Games,162,SUP-014-A,DOMS Industries Delhi,25.0,35.0,4050.0,5670.0,81.0,1539.0
BST-085,PROD-010,Lipton Honey Lemon Green Tea Bags,"Tea, Coffee & Milk Drinks",39,SUP-010-A,Chaayos Tea Premixers,130.0,172.0,5070.0,6708.0,101.4,1536.6
BST-071,PROD-001,English Oven Milk Bread,"Dairy, Bread & Eggs",167,SUP-001-A,Modern Bakeries Delhi,40.0,50.0,6680.0,8350.0,133.6,1536.4
BST-091,PROD-023,Wrigley's Doublemint Peppermint Chewy Mint Candies,Sweets & Chocolates,165,SUP-023-A,Parle Confectioners,35.0,45.0,5775.0,7425.0,115.5,1534.5
BST-049,PROD-009,Real Activ 100% Tender Coconut Water,Drinks & Juices,136,SUP-009-A,Real Beverages India,38.0,50.0,5168.0,6800.0,103.36,1528.64
BST-028,PROD-001,English Oven Milk Bread,"Dairy, Bread & Eggs",166,SUP-001-A,Modern Bakeries Delhi,40.0,50.0,6640.0,8300.0,132.8,1527.2
BST-021,PROD-001,English Oven Milk Bread,"Dairy, Bread & Eggs",166,SUP-001-A,Modern Bakeries Delhi,40.0,50.0,6640.0,8300.0,132.8,1527.2
BST-051,PROD-002,Bonn White Bread,"Dairy, Bread & Eggs",203,SUP-002-A,Modern Bakeries Delhi,25.0,33.0,5075.0,6699.0,101.5,1522.5
BST-081,PROD-002,Bonn White Bread,"Dairy, Bread & Eggs",203,SUP-002-A,Modern Bakeries Delhi,25.0,33.0,5075.0,6699.0,101.5,1522.5
BST-081,PROD-020,Potato (Aloo),Vegetables & Fruits,328,SUP-020-A,Safal Fresh Greens Delhi,18.0,23.0,5904.0,7544.0,118.08,1521.92
BST-090,PROD-011,Chaayos Masala Instant Tea Premix Regular Sugar,"Tea, Coffee & Milk Drinks",48,SUP-011-A,Chaayos Tea Premixers,115.0,149.0,5520.0,7152.0,110.4,1521.6
BST-004,PROD-030,Brown & Polson Vanilla Custard Powder,Instant Food,161,SUP-030-A,MTR Food Packers,28.0,38.0,4508.0,6118.0,90.16,1519.84
BST-059,PROD-001,English Oven Milk Bread,"Dairy, Bread & Eggs",165,SUP-001-A,Modern Bakeries Delhi,40.0,50.0,6600.0,8250.0,132.0,1518.0
BST-019,PROD-001,English Oven Milk Bread,"Dairy, Bread & Eggs",165,SUP-001-A,Modern Bakeries Delhi,40.0,50.0,6600.0,8250.0,132.0,1518.0
BST-002,PROD-024,Orbit Mixed Fruit Flavour Chewing Gum (Sugar Free),Sweets & Chocolates,163,SUP-024-A,Parle Confectioners,35.0,45.0,5705.0,7335.0,114.10000000000001,1515.9
BST-066,PROD-023,Wrigley's Doublemint Peppermint Chewy Mint Candies,Sweets & Chocolates,163,SUP-023-A,Parle Confectioners,35.0,45.0,5705.0,7335.0,114.10000000000001,1515.9
BST-019,PROD-002,Bonn White Bread,"Dairy, Bread & Eggs",202,SUP-002-A,Modern Bakeries Delhi,25.0,33.0,5050.0,6666.0,101.0,1515.0
BST-071,PROD-007,Yu 100% Natural Coconut Water,Drinks & Juices,147,SUP-007-A,Real Beverages India,35.0,46.0,5145.0,6762.0,102.9,1514.1
BST-073,PROD-007,Yu 100% Natural Coconut Water,Drinks & Juices,147,SUP-007-A,Real Beverages India,35.0,46.0,5145.0,6762.0,102.9,1514.1
BST-046,PROD-020,Potato (Aloo),Vegetables & Fruits,326,SUP-020-A,Safal Fresh Greens Delhi,18.0,23.0,5868.0,7498.0,117.36,1512.64
BST-036,PROD-001,English Oven Milk Bread,"Dairy, Bread & Eggs",164,SUP-001-A,Modern Bakeries Delhi,40.0,50.0,6560.0,8200.0,131.2,1508.8
BST-058,PROD-001,English Oven Milk Bread,"Dairy, Bread & Eggs",164,SUP-001-A,Modern Bakeries Delhi,40.0,50.0,6560.0,8200.0,131.2,1508.8
BST-008,PROD-007,Yu 100% Natural Coconut Water,Drinks & Juices,146,SUP-007-A,Real Beverages India,35.0,46.0,5110.0,6716.0,102.2,1503.8
BST-064,PROD-001,English Oven Milk Bread,"Dairy, Bread & Eggs",163,SUP-001-A,Modern Bakeries Delhi,40.0,50.0,6520.0,8150.0,130.4,1499.6
BST-073,PROD-020,Potato (Aloo),Vegetables & Fruits,323,SUP-020-A,Safal Fresh Greens Delhi,18.0,23.0,5814.0,7429.0,116.28,1498.72
BST-094,PROD-008,Raw Pressery Coconut Water,Drinks & Juices,107,SUP-008-A,Real Beverages India,50.0,65.0,5350.0,6955.0,107.0,1498.0
BST-020,PROD-008,Raw Pressery Coconut Water,Drinks & Juices,107,SUP-008-A,Real Beverages India,50.0,65.0,5350.0,6955.0,107.0,1498.0
BST-088,PROD-004,Haldiram's Aloo Bhujia,Chips & Namkeen,74,SUP-004-A,Haldiram Packers Limited,88.0,110.0,6512.0,8140.0,130.24,1497.76
BST-090,PROD-010,Lipton Honey Lemon Green Tea Bags,"Tea, Coffee & Milk Drinks",38,SUP-010-A,Chaayos Tea Premixers,130.0,172.0,4940.0,6536.0,98.8,1497.2
BST-038,PROD-018,Homestrap Plastic Cloth Hanger Set (Black),Home & Lifestyle,23,SUP-018-A,Nayasa Household Plastics,200.0,269.0,4600.0,6187.0,92.0,1495.0
BST-066,PROD-006,Haldiram's Lite Mixture Namkeen,Chips & Namkeen,203,SUP-006-A,Haldiram Packers Limited,32.0,40.0,6496.0,8120.0,129.92000000000002,1494.08
BST-045,PROD-017,"myTrident Comfort Living Cotton Bath Towel (27.5"" x 55.1"", Black Currant)",Home & Lifestyle,20,SUP-017-A,Nayasa Household Plastics,220.0,299.0,4400.0,5980.0,88.0,1492.0
BST-002,PROD-017,"myTrident Comfort Living Cotton Bath Towel (27.5"" x 55.1"", Black Currant)",Home & Lifestyle,20,SUP-017-A,Nayasa Household Plastics,220.0,299.0,4400.0,5980.0,88.0,1492.0
BST-043,PROD-001,English Oven Milk Bread,"Dairy, Bread & Eggs",162,SUP-001-A,Modern Bakeries Delhi,40.0,50.0,6480.0,8100.0,129.6,1490.4
BST-032,PROD-011,Chaayos Masala Instant Tea Premix Regular Sugar,"Tea, Coffee & Milk Drinks",47,SUP-011-A,Chaayos Tea Premixers,115.0,149.0,5405.0,7003.0,108.10000000000001,1489.9
BST-001,PROD-023,Wrigley's Doublemint Peppermint Chewy Mint Candies,Sweets & Chocolates,160,SUP-023-A,Parle Confectioners,35.0,45.0,5600.0,7200.0,112.0,1488.0
BST-079,PROD-023,Wrigley's Doublemint Peppermint Chewy Mint Candies,Sweets & Chocolates,160,SUP-023-A,Parle Confectioners,35.0,45.0,5600.0,7200.0,112.0,1488.0
BST-030,PROD-028,MTR Gulab Jamun Mix,Instant Food,45,SUP-028-A,MTR Food Packers,100.0,135.0,4500.0,6075.0,90.0,1485.0
BST-028,PROD-028,MTR Gulab Jamun Mix,Instant Food,45,SUP-028-A,MTR Food Packers,100.0,135.0,4500.0,6075.0,90.0,1485.0
BST-015,PROD-009,Real Activ 100% Tender Coconut Water,Drinks & Juices,132,SUP-009-A,Real Beverages India,38.0,50.0,5016.0,6600.0,100.32000000000001,1483.68
BST-036,PROD-007,Yu 100% Natural Coconut Water,Drinks & Juices,144,SUP-007-A,Real Beverages India,35.0,46.0,5040.0,6624.0,100.8,1483.2
BST-056,PROD-024,Orbit Mixed Fruit Flavour Chewing Gum (Sugar Free),Sweets & Chocolates,159,SUP-024-A,Parle Confectioners,35.0,45.0,5565.0,7155.0,111.3,1478.7
BST-077,PROD-020,Potato (Aloo),Vegetables & Fruits,318,SUP-020-A,Safal Fresh Greens Delhi,18.0,23.0,5724.0,7314.0,114.48,1475.52
BST-081,PROD-001,English Oven Milk Bread,"Dairy, Bread & Eggs",160,SUP-001-A,Modern Bakeries Delhi,40.0,50.0,6400.0,8000.0,128.0,1472.0
BST-012,PROD-023,Wrigley's Doublemint Peppermint Chewy Mint Candies,Sweets & Chocolates,158,SUP-023-A,Parle Confectioners,35.0,45.0,5530.0,7110.0,110.60000000000001,1469.4
BST-096,PROD-006,Haldiram's Lite Mixture Namkeen,Chips & Namkeen,199,SUP-006-A,Haldiram Packers Limited,32.0,40.0,6368.0,7960.0,127.36,1464.64
BST-078,PROD-007,Yu 100% Natural Coconut Water,Drinks & Juices,142,SUP-007-A,Real Beverages India,35.0,46.0,4970.0,6532.0,99.4,1462.6
BST-067,PROD-009,Real Activ 100% Tender Coconut Water,Drinks & Juices,130,SUP-009-A,Real Beverages India,38.0,50.0,4940.0,6500.0,98.8,1461.2
BST-076,PROD-011,Chaayos Masala Instant Tea Premix Regular Sugar,"Tea, Coffee & Milk Drinks",46,SUP-011-A,Chaayos Tea Premixers,115.0,149.0,5290.0,6854.0,105.8,1458.2
BST-062,PROD-003,iD Idli & Dosa Batter - 1 kg,"Dairy, Bread & Eggs",99,SUP-003-A,Modern Bakeries Delhi,64.0,80.0,6336.0,7920.0,126.72,1457.28
BST-085,PROD-005,Haldiram's Punjabi Tadka Namkeen Snacks,Chips & Namkeen,144,SUP-005-A,Haldiram Packers Limited,44.0,55.0,6336.0,7920.0,126.72,1457.28
BST-090,PROD-005,Haldiram's Punjabi Tadka Namkeen Snacks,Chips & Namkeen,144,SUP-005-A,Haldiram Packers Limited,44.0,55.0,6336.0,7920.0,126.72,1457.28
BST-017,PROD-006,Haldiram's Lite Mixture Namkeen,Chips & Namkeen,198,SUP-006-A,Haldiram Packers Limited,32.0,40.0,6336.0,7920.0,126.72,1457.28
BST-016,PROD-026,Kellogg's Multigrain Chocos Crunchy Bites Kids Cereal,Dry Fruits & Cereals,42,SUP-026-A,Kellogg Cereal Packers,120.0,157.0,5040.0,6594.0,100.8,1453.2
BST-039,PROD-027,Kellogg's Chocos Fills Double Chocolaty Cereal,Dry Fruits & Cereals,67,SUP-027-A,Kellogg Cereal Packers,72.0,95.0,4824.0,6365.0,96.48,1444.52
BST-043,PROD-020,Potato (Aloo),Vegetables & Fruits,311,SUP-020-A,Safal Fresh Greens Delhi,18.0,23.0,5598.0,7153.0,111.96000000000001,1443.04
BST-091,PROD-007,Yu 100% Natural Coconut Water,Drinks & Juices,140,SUP-007-A,Real Beverages India,35.0,46.0,4900.0,6440.0,98.0,1442.0
BST-093,PROD-024,Orbit Mixed Fruit Flavour Chewing Gum (Sugar Free),Sweets & Chocolates,155,SUP-024-A,Parle Confectioners,35.0,45.0,5425.0,6975.0,108.5,1441.5
BST-043,PROD-002,Bonn White Bread,"Dairy, Bread & Eggs",192,SUP-002-A,Modern Bakeries Delhi,25.0,33.0,4800.0,6336.0,96.0,1440.0
BST-028,PROD-009,Real Activ 100% Tender Coconut Water,Drinks & Juices,128,SUP-009-A,Real Beverages India,38.0,50.0,4864.0,6400.0,97.28,1438.72
BST-010,PROD-020,Potato (Aloo),Vegetables & Fruits,310,SUP-020-A,Safal Fresh Greens Delhi,18.0,23.0,5580.0,7130.0,111.60000000000001,1438.4
BST-061,PROD-029,Pillsbury Chocolate Flavour Pancake Mix,Instant Food,64,SUP-029-A,MTR Food Packers,78.0,102.0,4992.0,6528.0,99.84,1436.16
BST-050,PROD-020,Potato (Aloo),Vegetables & Fruits,309,SUP-020-A,Safal Fresh Greens Delhi,18.0,23.0,5562.0,7107.0,111.24000000000001,1433.76
BST-022,PROD-024,Orbit Mixed Fruit Flavour Chewing Gum (Sugar Free),Sweets & Chocolates,154,SUP-024-A,Parle Confectioners,35.0,45.0,5390.0,6930.0,107.8,1432.2
BST-073,PROD-018,Homestrap Plastic Cloth Hanger Set (Black),Home & Lifestyle,22,SUP-018-A,Nayasa Household Plastics,200.0,269.0,4400.0,5918.0,88.0,1430.0
BST-031,PROD-008,Raw Pressery Coconut Water,Drinks & Juices,102,SUP-008-A,Real Beverages India,50.0,65.0,5100.0,6630.0,102.0,1428.0
BST-038,PROD-008,Raw Pressery Coconut Water,Drinks & Juices,102,SUP-008-A,Real Beverages India,50.0,65.0,5100.0,6630.0,102.0,1428.0
BST-072,PROD-008,Raw Pressery Coconut Water,Drinks & Juices,102,SUP-008-A,Real Beverages India,50.0,65.0,5100.0,6630.0,102.0,1428.0
BST-016,PROD-011,Chaayos Masala Instant Tea Premix Regular Sugar,"Tea, Coffee & Milk Drinks",45,SUP-011-A,Chaayos Tea Premixers,115.0,149.0,5175.0,6705.0,103.5,1426.5
BST-089,PROD-023,Wrigley's Doublemint Peppermint Chewy Mint Candies,Sweets & Chocolates,153,SUP-023-A,Parle Confectioners,35.0,45.0,5355.0,6885.0,107.10000000000001,1422.9
BST-030,PROD-023,Wrigley's Doublemint Peppermint Chewy Mint Candies,Sweets & Chocolates,153,SUP-023-A,Parle Confectioners,35.0,45.0,5355.0,6885.0,107.10000000000001,1422.9
BST-086,PROD-024,Orbit Mixed Fruit Flavour Chewing Gum (Sugar Free),Sweets & Chocolates,153,SUP-024-A,Parle Confectioners,35.0,45.0,5355.0,6885.0,107.10000000000001,1422.9
BST-071,PROD-028,MTR Gulab Jamun Mix,Instant Food,43,SUP-028-A,MTR Food Packers,100.0,135.0,4300.0,5805.0,86.0,1419.0
BST-083,PROD-028,MTR Gulab Jamun Mix,Instant Food,43,SUP-028-A,MTR Food Packers,100.0,135.0,4300.0,5805.0,86.0,1419.0
BST-043,PROD-028,MTR Gulab Jamun Mix,Instant Food,43,SUP-028-A,MTR Food Packers,100.0,135.0,4300.0,5805.0,86.0,1419.0
BST-066,PROD-017,"myTrident Comfort Living Cotton Bath Towel (27.5"" x 55.1"", Black Currant)",Home & Lifestyle,19,SUP-017-A,Nayasa Household Plastics,220.0,299.0,4180.0,5681.0,83.60000000000001,1417.4
BST-039,PROD-017,"myTrident Comfort Living Cotton Bath Towel (27.5"" x 55.1"", Black Currant)",Home & Lifestyle,19,SUP-017-A,Nayasa Household Plastics,220.0,299.0,4180.0,5681.0,83.60000000000001,1417.4
BST-080,PROD-017,"myTrident Comfort Living Cotton Bath Towel (27.5"" x 55.1"", Black Currant)",Home & Lifestyle,19,SUP-017-A,Nayasa Household Plastics,220.0,299.0,4180.0,5681.0,83.60000000000001,1417.4
BST-084,PROD-005,Haldiram's Punjabi Tadka Namkeen Snacks,Chips & Namkeen,140,SUP-005-A,Haldiram Packers Limited,44.0,55.0,6160.0,7700.0,123.2,1416.8
BST-075,PROD-004,Haldiram's Aloo Bhujia,Chips & Namkeen,70,SUP-004-A,Haldiram Packers Limited,88.0,110.0,6160.0,7700.0,123.2,1416.8
BST-043,PROD-009,Real Activ 100% Tender Coconut Water,Drinks & Juices,126,SUP-009-A,Real Beverages India,38.0,50.0,4788.0,6300.0,95.76,1416.24
BST-046,PROD-009,Real Activ 100% Tender Coconut Water,Drinks & Juices,126,SUP-009-A,Real Beverages India,38.0,50.0,4788.0,6300.0,95.76,1416.24
BST-058,PROD-009,Real Activ 100% Tender Coconut Water,Drinks & Juices,126,SUP-009-A,Real Beverages India,38.0,50.0,4788.0,6300.0,95.76,1416.24
BST-031,PROD-009,Real Activ 100% Tender Coconut Water,Drinks & Juices,126,SUP-009-A,Real Beverages India,38.0,50.0,4788.0,6300.0,95.76,1416.24
BST-067,PROD-025,Kellogg's Original Corn Flakes,Dry Fruits & Cereals,61,SUP-025-A,Kellogg Cereal Packers,90.0,115.0,5490.0,7015.0,109.8,1415.2
BST-064,PROD-008,Raw Pressery Coconut Water,Drinks & Juices,101,SUP-008-A,Real Beverages India,50.0,65.0,5050.0,6565.0,101.0,1414.0
BST-092,PROD-006,Haldiram's Lite Mixture Namkeen,Chips & Namkeen,192,SUP-006-A,Haldiram Packers Limited,32.0,40.0,6144.0,7680.0,122.88,1413.12
BST-019,PROD-009,Real Activ 100% Tender Coconut Water,Drinks & Juices,125,SUP-009-A,Real Beverages India,38.0,50.0,4750.0,6250.0,95.0,1405.0
BST-070,PROD-023,Wrigley's Doublemint Peppermint Chewy Mint Candies,Sweets & Chocolates,151,SUP-023-A,Parle Confectioners,35.0,45.0,5285.0,6795.0,105.7,1404.3
BST-050,PROD-023,Wrigley's Doublemint Peppermint Chewy Mint Candies,Sweets & Chocolates,151,SUP-023-A,Parle Confectioners,35.0,45.0,5285.0,6795.0,105.7,1404.3
BST-098,PROD-008,Raw Pressery Coconut Water,Drinks & Juices,100,SUP-008-A,Real Beverages India,50.0,65.0,5000.0,6500.0,100.0,1400.0
BST-071,PROD-008,Raw Pressery Coconut Water,Drinks & Juices,100,SUP-008-A,Real Beverages India,50.0,65.0,5000.0,6500.0,100.0,1400.0
BST-098,PROD-003,iD Idli & Dosa Batter - 1 kg,"Dairy, Bread & Eggs",95,SUP-003-A,Modern Bakeries Delhi,64.0,80.0,6080.0,7600.0,121.60000000000001,1398.4
BST-094,PROD-001,English Oven Milk Bread,"Dairy, Bread & Eggs",152,SUP-001-A,Modern Bakeries Delhi,40.0,50.0,6080.0,7600.0,121.60000000000001,1398.4
BST-029,PROD-003,iD Idli & Dosa Batter - 1 kg,"Dairy, Bread & Eggs",95,SUP-003-A,Modern Bakeries Delhi,64.0,80.0,6080.0,7600.0,121.60000000000001,1398.4
BST-083,PROD-020,Potato (Aloo),Vegetables & Fruits,301,SUP-020-A,Safal Fresh Greens Delhi,18.0,23.0,5418.0,6923.0,108.36,1396.64
BST-060,PROD-024,Orbit Mixed Fruit Flavour Chewing Gum (Sugar Free),Sweets & Chocolates,150,SUP-024-A,Parle Confectioners,35.0,45.0,5250.0,6750.0,105.0,1395.0
BST-007,PROD-024,Orbit Mixed Fruit Flavour Chewing Gum (Sugar Free),Sweets & Chocolates,150,SUP-024-A,Parle Confectioners,35.0,45.0,5250.0,6750.0,105.0,1395.0
BST-023,PROD-002,Bonn White Bread,"Dairy, Bread & Eggs",186,SUP-002-A,Modern Bakeries Delhi,25.0,33.0,4650.0,6138.0,93.0,1395.0
BST-092,PROD-024,Orbit Mixed Fruit Flavour Chewing Gum (Sugar Free),Sweets & Chocolates,150,SUP-024-A,Parle Confectioners,35.0,45.0,5250.0,6750.0,105.0,1395.0
BST-064,PROD-009,Real Activ 100% Tender Coconut Water,Drinks & Juices,124,SUP-009-A,Real Beverages India,38.0,50.0,4712.0,6200.0,94.24,1393.76
BST-034,PROD-029,Pillsbury Chocolate Flavour Pancake Mix,Instant Food,62,SUP-029-A,MTR Food Packers,78.0,102.0,4836.0,6324.0,96.72,1391.28
BST-037,PROD-006,Haldiram's Lite Mixture Namkeen,Chips & Namkeen,189,SUP-006-A,Haldiram Packers Limited,32.0,40.0,6048.0,7560.0,120.96000000000001,1391.04
BST-084,PROD-021,Hybrid Tomato (Tamatar),Vegetables & Fruits,147,SUP-021-A,Safal Fresh Greens Delhi,28.0,38.0,4116.0,5586.0,82.32000000000001,1387.68
BST-031,PROD-028,MTR Gulab Jamun Mix,Instant Food,42,SUP-028-A,MTR Food Packers,100.0,135.0,4200.0,5670.0,84.0,1386.0
BST-046,PROD-028,MTR Gulab Jamun Mix,Instant Food,42,SUP-028-A,MTR Food Packers,100.0,135.0,4200.0,5670.0,84.0,1386.0
BST-029,PROD-028,MTR Gulab Jamun Mix,Instant Food,42,SUP-028-A,MTR Food Packers,100.0,135.0,4200.0,5670.0,84.0,1386.0
BST-051,PROD-028,MTR Gulab Jamun Mix,Instant Food,42,SUP-028-A,MTR Food Packers,100.0,135.0,4200.0,5670.0,84.0,1386.0
BST-057,PROD-026,Kellogg's Multigrain Chocos Crunchy Bites Kids Cereal,Dry Fruits & Cereals,40,SUP-026-A,Kellogg Cereal Packers,120.0,157.0,4800.0,6280.0,96.0,1384.0
BST-020,PROD-009,Real Activ 100% Tender Coconut Water,Drinks & Juices,123,SUP-009-A,Real Beverages India,38.0,50.0,4674.0,6150.0,93.48,1382.52
BST-050,PROD-009,Real Activ 100% Tender Coconut Water,Drinks & Juices,123,SUP-009-A,Real Beverages India,38.0,50.0,4674.0,6150.0,93.48,1382.52
BST-075,PROD-012,Nestea Ice Tea Premix - Lemon Flavour,"Tea, Coffee & Milk Drinks",32,SUP-012-A,Chaayos Tea Premixers,140.0,186.0,4480.0,5952.0,89.60000000000001,1382.4
BST-027,PROD-007,Yu 100% Natural Coconut Water,Drinks & Juices,134,SUP-007-A,Real Beverages India,35.0,46.0,4690.0,6164.0,93.8,1380.2
BST-084,PROD-010,Lipton Honey Lemon Green Tea Bags,"Tea, Coffee & Milk Drinks",35,SUP-010-A,Chaayos Tea Premixers,130.0,172.0,4550.0,6020.0,91.0,1379.0
BST-069,PROD-005,Haldiram's Punjabi Tadka Namkeen Snacks,Chips & Namkeen,136,SUP-005-A,Haldiram Packers Limited,44.0,55.0,5984.0,7480.0,119.68,1376.32
BST-035,PROD-019,Onion (Pyaz),Vegetables & Fruits,147,SUP-019-A,Safal Fresh Greens Delhi,32.0,42.0,4704.0,6174.0,94.08,1375.92
BST-073,PROD-001,English Oven Milk Bread,"Dairy, Bread & Eggs",149,SUP-001-A,Modern Bakeries Delhi,40.0,50.0,5960.0,7450.0,119.2,1370.8
BST-031,PROD-001,English Oven Milk Bread,"Dairy, Bread & Eggs",149,SUP-001-A,Modern Bakeries Delhi,40.0,50.0,5960.0,7450.0,119.2,1370.8
BST-031,PROD-007,Yu 100% Natural Coconut Water,Drinks & Juices,133,SUP-007-A,Real Beverages India,35.0,46.0,4655.0,6118.0,93.10000000000001,1369.9
BST-030,PROD-006,Haldiram's Lite Mixture Namkeen,Chips & Namkeen,186,SUP-006-A,Haldiram Packers Limited,32.0,40.0,5952.0,7440.0,119.04,1368.96
BST-070,PROD-006,Haldiram's Lite Mixture Namkeen,Chips & Namkeen,186,SUP-006-A,Haldiram Packers Limited,32.0,40.0,5952.0,7440.0,119.04,1368.96
BST-012,PROD-006,Haldiram's Lite Mixture Namkeen,Chips & Namkeen,186,SUP-006-A,Haldiram Packers Limited,32.0,40.0,5952.0,7440.0,119.04,1368.96
BST-018,PROD-020,Potato (Aloo),Vegetables & Fruits,295,SUP-020-A,Safal Fresh Greens Delhi,18.0,23.0,5310.0,6785.0,106.2,1368.8
BST-019,PROD-018,Homestrap Plastic Cloth Hanger Set (Black),Home & Lifestyle,21,SUP-018-A,Nayasa Household Plastics,200.0,269.0,4200.0,5649.0,84.0,1365.0
BST-084,PROD-011,Chaayos Masala Instant Tea Premix Regular Sugar,"Tea, Coffee & Milk Drinks",43,SUP-011-A,Chaayos Tea Premixers,115.0,149.0,4945.0,6407.0,98.9,1363.1
BST-023,PROD-007,Yu 100% Natural Coconut Water,Drinks & Juices,132,SUP-007-A,Real Beverages India,35.0,46.0,4620.0,6072.0,92.4,1359.6
BST-069,PROD-021,Hybrid Tomato (Tamatar),Vegetables & Fruits,144,SUP-021-A,Safal Fresh Greens Delhi,28.0,38.0,4032.0,5472.0,80.64,1359.36
BST-021,PROD-023,Wrigley's Doublemint Peppermint Chewy Mint Candies,Sweets & Chocolates,146,SUP-023-A,Parle Confectioners,35.0,45.0,5110.0,6570.0,102.2,1357.8
BST-076,PROD-003,iD Idli & Dosa Batter - 1 kg,"Dairy, Bread & Eggs",92,SUP-003-A,Modern Bakeries Delhi,64.0,80.0,5888.0,7360.0,117.76,1354.24
BST-033,PROD-013,Creative Space Assignment A4 Sheets (One Side Ruled) (White),Stationery & Games,110,SUP-013-A,DOMS Industries Delhi,35.0,48.0,3850.0,5280.0,77.0,1353.0
BST-028,PROD-007,Yu 100% Natural Coconut Water,Drinks & Juices,131,SUP-007-A,Real Beverages India,35.0,46.0,4585.0,6026.0,91.7,1349.3
BST-090,PROD-022,Parle Melody Bigger Chocolaty Toffee,Sweets & Chocolates,120,SUP-022-A,Parle Confectioners,38.0,50.0,4560.0,6000.0,91.2,1348.8
BST-058,PROD-023,Wrigley's Doublemint Peppermint Chewy Mint Candies,Sweets & Chocolates,145,SUP-023-A,Parle Confectioners,35.0,45.0,5075.0,6525.0,101.5,1348.5
BST-032,PROD-005,Haldiram's Punjabi Tadka Namkeen Snacks,Chips & Namkeen,133,SUP-005-A,Haldiram Packers Limited,44.0,55.0,5852.0,7315.0,117.04,1345.96
BST-029,PROD-025,Kellogg's Original Corn Flakes,Dry Fruits & Cereals,58,SUP-025-A,Kellogg Cereal Packers,90.0,115.0,5220.0,6670.0,104.4,1345.6
BST-030,PROD-017,"myTrident Comfort Living Cotton Bath Towel (27.5"" x 55.1"", Black Currant)",Home & Lifestyle,18,SUP-017-A,Nayasa Household Plastics,220.0,299.0,3960.0,5382.0,79.2,1342.8
BST-076,PROD-010,Lipton Honey Lemon Green Tea Bags,"Tea, Coffee & Milk Drinks",34,SUP-010-A,Chaayos Tea Premixers,130.0,172.0,4420.0,5848.0,88.4,1339.6
BST-091,PROD-006,Haldiram's Lite Mixture Namkeen,Chips & Namkeen,182,SUP-006-A,Haldiram Packers Limited,32.0,40.0,5824.0,7280.0,116.48,1339.52
BST-078,PROD-006,Haldiram's Lite Mixture Namkeen,Chips & Namkeen,182,SUP-006-A,Haldiram Packers Limited,32.0,40.0,5824.0,7280.0,116.48,1339.52
BST-025,PROD-006,Haldiram's Lite Mixture Namkeen,Chips & Namkeen,182,SUP-006-A,Haldiram Packers Limited,32.0,40.0,5824.0,7280.0,116.48,1339.52
BST-089,PROD-006,Haldiram's Lite Mixture Namkeen,Chips & Namkeen,182,SUP-006-A,Haldiram Packers Limited,32.0,40.0,5824.0,7280.0,116.48,1339.52
BST-020,PROD-007,Yu 100% Natural Coconut Water,Drinks & Juices,130,SUP-007-A,Real Beverages India,35.0,46.0,4550.0,5980.0,91.0,1339.0
BST-023,PROD-009,Real Activ 100% Tender Coconut Water,Drinks & Juices,119,SUP-009-A,Real Beverages India,38.0,50.0,4522.0,5950.0,90.44,1337.56
BST-086,PROD-027,Kellogg's Chocos Fills Double Chocolaty Cereal,Dry Fruits & Cereals,62,SUP-027-A,Kellogg Cereal Packers,72.0,95.0,4464.0,5890.0,89.28,1336.72
BST-021,PROD-020,Potato (Aloo),Vegetables & Fruits,288,SUP-020-A,Safal Fresh Greens Delhi,18.0,23.0,5184.0,6624.0,103.68,1336.32
BST-031,PROD-020,Potato (Aloo),Vegetables & Fruits,285,SUP-020-A,Safal Fresh Greens Delhi,18.0,23.0,5130.0,6555.0,102.60000000000001,1322.4
BST-071,PROD-023,Wrigley's Doublemint Peppermint Chewy Mint Candies,Sweets & Chocolates,142,SUP-023-A,Parle Confectioners,35.0,45.0,4970.0,6390.0,99.4,1320.6
BST-047,PROD-028,MTR Gulab Jamun Mix,Instant Food,40,SUP-028-A,MTR Food Packers,100.0,135.0,4000.0,5400.0,80.0,1320.0
BST-038,PROD-028,MTR Gulab Jamun Mix,Instant Food,40,SUP-028-A,MTR Food Packers,100.0,135.0,4000.0,5400.0,80.0,1320.0
BST-064,PROD-007,Yu 100% Natural Coconut Water,Drinks & Juices,128,SUP-007-A,Real Beverages India,35.0,46.0,4480.0,5888.0,89.60000000000001,1318.4
BST-076,PROD-008,Raw Pressery Coconut Water,Drinks & Juices,94,SUP-008-A,Real Beverages India,50.0,65.0,4700.0,6110.0,94.0,1316.0
BST-084,PROD-008,Raw Pressery Coconut Water,Drinks & Juices,94,SUP-008-A,Real Beverages India,50.0,65.0,4700.0,6110.0,94.0,1316.0
BST-090,PROD-008,Raw Pressery Coconut Water,Drinks & Juices,94,SUP-008-A,Real Beverages India,50.0,65.0,4700.0,6110.0,94.0,1316.0
BST-016,PROD-005,Haldiram's Punjabi Tadka Namkeen Snacks,Chips & Namkeen,130,SUP-005-A,Haldiram Packers Limited,44.0,55.0,5720.0,7150.0,114.4,1315.6
BST-099,PROD-027,Kellogg's Chocos Fills Double Chocolaty Cereal,Dry Fruits & Cereals,61,SUP-027-A,Kellogg Cereal Packers,72.0,95.0,4392.0,5795.0,87.84,1315.16
BST-017,PROD-027,Kellogg's Chocos Fills Double Chocolaty Cereal,Dry Fruits & Cereals,61,SUP-027-A,Kellogg Cereal Packers,72.0,95.0,4392.0,5795.0,87.84,1315.16
BST-015,PROD-006,Haldiram's Lite Mixture Namkeen,Chips & Namkeen,178,SUP-006-A,Haldiram Packers Limited,32.0,40.0,5696.0,7120.0,113.92,1310.08
BST-063,PROD-006,Haldiram's Lite Mixture Namkeen,Chips & Namkeen,178,SUP-006-A,Haldiram Packers Limited,32.0,40.0,5696.0,7120.0,113.92,1310.08
BST-084,PROD-003,iD Idli & Dosa Batter - 1 kg,"Dairy, Bread & Eggs",89,SUP-003-A,Modern Bakeries Delhi,64.0,80.0,5696.0,7120.0,113.92,1310.08
BST-036,PROD-006,Haldiram's Lite Mixture Namkeen,Chips & Namkeen,178,SUP-006-A,Haldiram Packers Limited,32.0,40.0,5696.0,7120.0,113.92,1310.08
BST-098,PROD-025,Kellogg's Original Corn Flakes,Dry Fruits & Cereals,56,SUP-025-A,Kellogg Cereal Packers,90.0,115.0,5040.0,6440.0,100.8,1299.2
BST-067,PROD-020,Potato (Aloo),Vegetables & Fruits,279,SUP-020-A,Safal Fresh Greens Delhi,18.0,23.0,5022.0,6417.0,100.44,1294.56
BST-073,PROD-023,Wrigley's Doublemint Peppermint Chewy Mint Candies,Sweets & Chocolates,139,SUP-023-A,Parle Confectioners,35.0,45.0,4865.0,6255.0,97.3,1292.7
BST-069,PROD-022,Parle Melody Bigger Chocolaty Toffee,Sweets & Chocolates,115,SUP-022-A,Parle Confectioners,38.0,50.0,4370.0,5750.0,87.4,1292.6
BST-076,PROD-002,Bonn White Bread,"Dairy, Bread & Eggs",172,SUP-002-A,Modern Bakeries Delhi,25.0,33.0,4300.0,5676.0,86.0,1290.0
BST-029,PROD-001,English Oven Milk Bread,"Dairy, Bread & Eggs",140,SUP-001-A,Modern Bakeries Delhi,40.0,50.0,5600.0,7000.0,112.0,1288.0
BST-084,PROD-028,MTR Gulab Jamun Mix,Instant Food,39,SUP-028-A,MTR Food Packers,100.0,135.0,3900.0,5265.0,78.0,1287.0
BST-094,PROD-009,Real Activ 100% Tender Coconut Water,Drinks & Juices,114,SUP-009-A,Real Beverages India,38.0,50.0,4332.0,5700.0,86.64,1281.36
BST-020,PROD-020,Potato (Aloo),Vegetables & Fruits,275,SUP-020-A,Safal Fresh Greens Delhi,18.0,23.0,4950.0,6325.0,99.0,1276.0
BST-057,PROD-005,Haldiram's Punjabi Tadka Namkeen Snacks,Chips & Namkeen,126,SUP-005-A,Haldiram Packers Limited,44.0,55.0,5544.0,6930.0,110.88,1275.12
BST-021,PROD-006,Haldiram's Lite Mixture Namkeen,Chips & Namkeen,173,SUP-006-A,Haldiram Packers Limited,32.0,40.0,5536.0,6920.0,110.72,1273.28
BST-042,PROD-017,"myTrident Comfort Living Cotton Bath Towel (27.5"" x 55.1"", Black Currant)",Home & Lifestyle,17,SUP-017-A,Nayasa Household Plastics,220.0,299.0,3740.0,5083.0,74.8,1268.2
BST-079,PROD-017,"myTrident Comfort Living Cotton Bath Towel (27.5"" x 55.1"", Black Currant)",Home & Lifestyle,17,SUP-017-A,Nayasa Household Plastics,220.0,299.0,3740.0,5083.0,74.8,1268.2
BST-037,PROD-017,"myTrident Comfort Living Cotton Bath Towel (27.5"" x 55.1"", Black Currant)",Home & Lifestyle,17,SUP-017-A,Nayasa Household Plastics,220.0,299.0,3740.0,5083.0,74.8,1268.2
BST-096,PROD-017,"myTrident Comfort Living Cotton Bath Towel (27.5"" x 55.1"", Black Currant)",Home & Lifestyle,17,SUP-017-A,Nayasa Household Plastics,220.0,299.0,3740.0,5083.0,74.8,1268.2
BST-093,PROD-017,"myTrident Comfort Living Cotton Bath Towel (27.5"" x 55.1"", Black Currant)",Home & Lifestyle,17,SUP-017-A,Nayasa Household Plastics,220.0,299.0,3740.0,5083.0,74.8,1268.2
BST-054,PROD-017,"myTrident Comfort Living Cotton Bath Towel (27.5"" x 55.1"", Black Currant)",Home & Lifestyle,17,SUP-017-A,Nayasa Household Plastics,220.0,299.0,3740.0,5083.0,74.8,1268.2
BST-001,PROD-017,"myTrident Comfort Living Cotton Bath Towel (27.5"" x 55.1"", Black Currant)",Home & Lifestyle,17,SUP-017-A,Nayasa Household Plastics,220.0,299.0,3740.0,5083.0,74.8,1268.2
BST-032,PROD-003,iD Idli & Dosa Batter - 1 kg,"Dairy, Bread & Eggs",86,SUP-003-A,Modern Bakeries Delhi,64.0,80.0,5504.0,6880.0,110.08,1265.92
BST-071,PROD-009,Real Activ 100% Tender Coconut Water,Drinks & Juices,112,SUP-009-A,Real Beverages India,38.0,50.0,4256.0,5600.0,85.12,1258.88
BST-072,PROD-009,Real Activ 100% Tender Coconut Water,Drinks & Juices,112,SUP-009-A,Real Beverages India,38.0,50.0,4256.0,5600.0,85.12,1258.88
BST-098,PROD-007,Yu 100% Natural Coconut Water,Drinks & Juices,122,SUP-007-A,Real Beverages India,35.0,46.0,4270.0,5612.0,85.4,1256.6
BST-002,PROD-014,DOMS Max Water Colour Sketch Pens (Multicolour),Stationery & Games,132,SUP-014-A,DOMS Industries Delhi,25.0,35.0,3300.0,4620.0,66.0,1254.0
BST-062,PROD-002,Bonn White Bread,"Dairy, Bread & Eggs",167,SUP-002-A,Modern Bakeries Delhi,25.0,33.0,4175.0,5511.0,83.5,1252.5
BST-092,PROD-027,Kellogg's Chocos Fills Double Chocolaty Cereal,Dry Fruits & Cereals,58,SUP-027-A,Kellogg Cereal Packers,72.0,95.0,4176.0,5510.0,83.52,1250.48
BST-051,PROD-007,Yu 100% Natural Coconut Water,Drinks & Juices,121,SUP-007-A,Real Beverages India,35.0,46.0,4235.0,5566.0,84.7,1246.3
BST-067,PROD-007,Yu 100% Natural Coconut Water,Drinks & Juices,121,SUP-007-A,Real Beverages India,35.0,46.0,4235.0,5566.0,84.7,1246.3
BST-030,PROD-024,Orbit Mixed Fruit Flavour Chewing Gum (Sugar Free),Sweets & Chocolates,134,SUP-024-A,Parle Confectioners,35.0,45.0,4690.0,6030.0,93.8,1246.2
BST-043,PROD-023,Wrigley's Doublemint Peppermint Chewy Mint Candies,Sweets & Chocolates,134,SUP-023-A,Parle Confectioners,35.0,45.0,4690.0,6030.0,93.8,1246.2
BST-081,PROD-006,Haldiram's Lite Mixture Namkeen,Chips & Namkeen,169,SUP-006-A,Haldiram Packers Limited,32.0,40.0,5408.0,6760.0,108.16,1243.84
BST-051,PROD-020,Potato (Aloo),Vegetables & Fruits,268,SUP-020-A,Safal Fresh Greens Delhi,18.0,23.0,4824.0,6164.0,96.48,1243.52
BST-048,PROD-013,Creative Space Assignment A4 Sheets (One Side Ruled) (White),Stationery & Games,101,SUP-013-A,DOMS Industries Delhi,35.0,48.0,3535.0,4848.0,70.7,1242.3
BST-099,PROD-013,Creative Space Assignment A4 Sheets (One Side Ruled) (White),Stationery & Games,101,SUP-013-A,DOMS Industries Delhi,35.0,48.0,3535.0,4848.0,70.7,1242.3
BST-049,PROD-023,Wrigley's Doublemint Peppermint Chewy Mint Candies,Sweets & Chocolates,133,SUP-023-A,Parle Confectioners,35.0,45.0,4655.0,5985.0,93.10000000000001,1236.9
BST-050,PROD-006,Haldiram's Lite Mixture Namkeen,Chips & Namkeen,168,SUP-006-A,Haldiram Packers Limited,32.0,40.0,5376.0,6720.0,107.52,1236.48
BST-027,PROD-006,Haldiram's Lite Mixture Namkeen,Chips & Namkeen,168,SUP-006-A,Haldiram Packers Limited,32.0,40.0,5376.0,6720.0,107.52,1236.48
BST-032,PROD-018,Homestrap Plastic Cloth Hanger Set (Black),Home & Lifestyle,19,SUP-018-A,Nayasa Household Plastics,200.0,269.0,3800.0,5111.0,76.0,1235.0
BST-002,PROD-013,Creative Space Assignment A4 Sheets (One Side Ruled) (White),Stationery & Games,100,SUP-013-A,DOMS Industries Delhi,35.0,48.0,3500.0,4800.0,70.0,1230.0
BST-059,PROD-006,Haldiram's Lite Mixture Namkeen,Chips & Namkeen,167,SUP-006-A,Haldiram Packers Limited,32.0,40.0,5344.0,6680.0,106.88,1229.12
BST-015,PROD-024,Orbit Mixed Fruit Flavour Chewing Gum (Sugar Free),Sweets & Chocolates,132,SUP-024-A,Parle Confectioners,35.0,45.0,4620.0,5940.0,92.4,1227.6
BST-003,PROD-024,Orbit Mixed Fruit Flavour Chewing Gum (Sugar Free),Sweets & Chocolates,132,SUP-024-A,Parle Confectioners,35.0,45.0,4620.0,5940.0,92.4,1227.6
BST-037,PROD-024,Orbit Mixed Fruit Flavour Chewing Gum (Sugar Free),Sweets & Chocolates,132,SUP-024-A,Parle Confectioners,35.0,45.0,4620.0,5940.0,92.4,1227.6
BST-011,PROD-014,DOMS Max Water Colour Sketch Pens (Multicolour),Stationery & Games,129,SUP-014-A,DOMS Industries Delhi,25.0,35.0,3225.0,4515.0,64.5,1225.5
BST-082,PROD-014,DOMS Max Water Colour Sketch Pens (Multicolour),Stationery & Games,129,SUP-014-A,DOMS Industries Delhi,25.0,35.0,3225.0,4515.0,64.5,1225.5
BST-086,PROD-014,DOMS Max Water Colour Sketch Pens (Multicolour),Stationery & Games,129,SUP-014-A,DOMS Industries Delhi,25.0,35.0,3225.0,4515.0,64.5,1225.5
BST-094,PROD-023,Wrigley's Doublemint Peppermint Chewy Mint Candies,Sweets & Chocolates,131,SUP-023-A,Parle Confectioners,35.0,45.0,4585.0,5895.0,91.7,1218.3
BST-094,PROD-007,Yu 100% Natural Coconut Water,Drinks & Juices,118,SUP-007-A,Real Beverages India,35.0,46.0,4130.0,5428.0,82.60000000000001,1215.4
BST-070,PROD-024,Orbit Mixed Fruit Flavour Chewing Gum (Sugar Free),Sweets & Chocolates,130,SUP-024-A,Parle Confectioners,35.0,45.0,4550.0,5850.0,91.0,1209.0
BST-020,PROD-006,Haldiram's Lite Mixture Namkeen,Chips & Namkeen,164,SUP-006-A,Haldiram Packers Limited,32.0,40.0,5248.0,6560.0,104.96000000000001,1207.04
BST-077,PROD-006,Haldiram's Lite Mixture Namkeen,Chips & Namkeen,164,SUP-006-A,Haldiram Packers Limited,32.0,40.0,5248.0,6560.0,104.96000000000001,1207.04
BST-064,PROD-006,Haldiram's Lite Mixture Namkeen,Chips & Namkeen,164,SUP-006-A,Haldiram Packers Limited,32.0,40.0,5248.0,6560.0,104.96000000000001,1207.04
BST-035,PROD-005,Haldiram's Punjabi Tadka Namkeen Snacks,Chips & Namkeen,119,SUP-005-A,Haldiram Packers Limited,44.0,55.0,5236.0,6545.0,104.72,1204.28
BST-029,PROD-008,Raw Pressery Coconut Water,Drinks & Juices,86,SUP-008-A,Real Beverages India,50.0,65.0,4300.0,5590.0,86.0,1204.0
BST-085,PROD-007,Yu 100% Natural Coconut Water,Drinks & Juices,116,SUP-007-A,Real Beverages India,35.0,46.0,4060.0,5336.0,81.2,1194.8
BST-090,PROD-007,Yu 100% Natural Coconut Water,Drinks & Juices,116,SUP-007-A,Real Beverages India,35.0,46.0,4060.0,5336.0,81.2,1194.8
BST-097,PROD-017,"myTrident Comfort Living Cotton Bath Towel (27.5"" x 55.1"", Black Currant)",Home & Lifestyle,16,SUP-017-A,Nayasa Household Plastics,220.0,299.0,3520.0,4784.0,70.4,1193.6
BST-074,PROD-017,"myTrident Comfort Living Cotton Bath Towel (27.5"" x 55.1"", Black Currant)",Home & Lifestyle,16,SUP-017-A,Nayasa Household Plastics,220.0,299.0,3520.0,4784.0,70.4,1193.6
BST-012,PROD-017,"myTrident Comfort Living Cotton Bath Towel (27.5"" x 55.1"", Black Currant)",Home & Lifestyle,16,SUP-017-A,Nayasa Household Plastics,220.0,299.0,3520.0,4784.0,70.4,1193.6
BST-033,PROD-017,"myTrident Comfort Living Cotton Bath Towel (27.5"" x 55.1"", Black Currant)",Home & Lifestyle,16,SUP-017-A,Nayasa Household Plastics,220.0,299.0,3520.0,4784.0,70.4,1193.6
BST-011,PROD-013,Creative Space Assignment A4 Sheets (One Side Ruled) (White),Stationery & Games,97,SUP-013-A,DOMS Industries Delhi,35.0,48.0,3395.0,4656.0,67.9,1193.1
BST-047,PROD-006,Haldiram's Lite Mixture Namkeen,Chips & Namkeen,162,SUP-006-A,Haldiram Packers Limited,32.0,40.0,5184.0,6480.0,103.68,1192.32
BST-087,PROD-016,Nayasa Frosty Bathroom Mug (Blue),Home & Lifestyle,66,SUP-016-A,Nayasa Household Plastics,50.0,69.0,3300.0,4554.0,66.0,1188.0
BST-095,PROD-027,Kellogg's Chocos Fills Double Chocolaty Cereal,Dry Fruits & Cereals,55,SUP-027-A,Kellogg Cereal Packers,72.0,95.0,3960.0,5225.0,79.2,1185.8
BST-028,PROD-006,Haldiram's Lite Mixture Namkeen,Chips & Namkeen,161,SUP-006-A,Haldiram Packers Limited,32.0,40.0,5152.0,6440.0,103.04,1184.96
BST-049,PROD-006,Haldiram's Lite Mixture Namkeen,Chips & Namkeen,161,SUP-006-A,Haldiram Packers Limited,32.0,40.0,5152.0,6440.0,103.04,1184.96
BST-071,PROD-006,Haldiram's Lite Mixture Namkeen,Chips & Namkeen,161,SUP-006-A,Haldiram Packers Limited,32.0,40.0,5152.0,6440.0,103.04,1184.96
BST-092,PROD-013,Creative Space Assignment A4 Sheets (One Side Ruled) (White),Stationery & Games,96,SUP-013-A,DOMS Industries Delhi,35.0,48.0,3360.0,4608.0,67.2,1180.8
BST-098,PROD-009,Real Activ 100% Tender Coconut Water,Drinks & Juices,105,SUP-009-A,Real Beverages India,38.0,50.0,3990.0,5250.0,79.8,1180.2
BST-062,PROD-009,Real Activ 100% Tender Coconut Water,Drinks & Juices,105,SUP-009-A,Real Beverages India,38.0,50.0,3990.0,5250.0,79.8,1180.2
BST-062,PROD-018,Homestrap Plastic Cloth Hanger Set (Black),Home & Lifestyle,18,SUP-018-A,Nayasa Household Plastics,200.0,269.0,3600.0,4842.0,72.0,1170.0
BST-076,PROD-018,Homestrap Plastic Cloth Hanger Set (Black),Home & Lifestyle,18,SUP-018-A,Nayasa Household Plastics,200.0,269.0,3600.0,4842.0,72.0,1170.0
BST-039,PROD-014,DOMS Max Water Colour Sketch Pens (Multicolour),Stationery & Games,123,SUP-014-A,DOMS Industries Delhi,25.0,35.0,3075.0,4305.0,61.5,1168.5
BST-084,PROD-001,English Oven Milk Bread,"Dairy, Bread & Eggs",127,SUP-001-A,Modern Bakeries Delhi,40.0,50.0,5080.0,6350.0,101.60000000000001,1168.4
BST-038,PROD-001,English Oven Milk Bread,"Dairy, Bread & Eggs",127,SUP-001-A,Modern Bakeries Delhi,40.0,50.0,5080.0,6350.0,101.60000000000001,1168.4
BST-052,PROD-029,Pillsbury Chocolate Flavour Pancake Mix,Instant Food,52,SUP-029-A,MTR Food Packers,78.0,102.0,4056.0,5304.0,81.12,1166.88
BST-077,PROD-024,Orbit Mixed Fruit Flavour Chewing Gum (Sugar Free),Sweets & Chocolates,125,SUP-024-A,Parle Confectioners,35.0,45.0,4375.0,5625.0,87.5,1162.5
BST-069,PROD-008,Raw Pressery Coconut Water,Drinks & Juices,83,SUP-008-A,Real Beverages India,50.0,65.0,4150.0,5395.0,83.0,1162.0
BST-080,PROD-014,DOMS Max Water Colour Sketch Pens (Multicolour),Stationery & Games,122,SUP-014-A,DOMS Industries Delhi,25.0,35.0,3050.0,4270.0,61.0,1159.0
BST-039,PROD-013,Creative Space Assignment A4 Sheets (One Side Ruled) (White),Stationery & Games,94,SUP-013-A,DOMS Industries Delhi,35.0,48.0,3290.0,4512.0,65.8,1156.2
BST-016,PROD-003,iD Idli & Dosa Batter - 1 kg,"Dairy, Bread & Eggs",78,SUP-003-A,Modern Bakeries Delhi,64.0,80.0,4992.0,6240.0,99.84,1148.16
BST-093,PROD-029,Pillsbury Chocolate Flavour Pancake Mix,Instant Food,51,SUP-029-A,MTR Food Packers,78.0,102.0,3978.0,5202.0,79.56,1144.44
BST-098,PROD-023,Wrigley's Doublemint Peppermint Chewy Mint Candies,Sweets & Chocolates,123,SUP-023-A,Parle Confectioners,35.0,45.0,4305.0,5535.0,86.10000000000001,1143.9
BST-029,PROD-007,Yu 100% Natural Coconut Water,Drinks & Juices,111,SUP-007-A,Real Beverages India,35.0,46.0,3885.0,5106.0,77.7,1143.3
BST-076,PROD-007,Yu 100% Natural Coconut Water,Drinks & Juices,111,SUP-007-A,Real Beverages India,35.0,46.0,3885.0,5106.0,77.7,1143.3
BST-012,PROD-027,Kellogg's Chocos Fills Double Chocolaty Cereal,Dry Fruits & Cereals,53,SUP-027-A,Kellogg Cereal Packers,72.0,95.0,3816.0,5035.0,76.32000000000001,1142.68
BST-030,PROD-027,Kellogg's Chocos Fills Double Chocolaty Cereal,Dry Fruits & Cereals,53,SUP-027-A,Kellogg Cereal Packers,72.0,95.0,3816.0,5035.0,76.32000000000001,1142.68
BST-029,PROD-009,Real Activ 100% Tender Coconut Water,Drinks & Juices,101,SUP-009-A,Real Beverages India,38.0,50.0,3838.0,5050.0,76.76,1135.24
BST-019,PROD-024,Orbit Mixed Fruit Flavour Chewing Gum (Sugar Free),Sweets & Chocolates,122,SUP-024-A,Parle Confectioners,35.0,45.0,4270.0,5490.0,85.4,1134.6
BST-085,PROD-008,Raw Pressery Coconut Water,Drinks & Juices,81,SUP-008-A,Real Beverages India,50.0,65.0,4050.0,5265.0,81.0,1134.0
BST-005,PROD-005,Haldiram's Punjabi Tadka Namkeen Snacks,Chips & Namkeen,112,SUP-005-A,Haldiram Packers Limited,44.0,55.0,4928.0,6160.0,98.56,1133.44
BST-094,PROD-006,Haldiram's Lite Mixture Namkeen,Chips & Namkeen,154,SUP-006-A,Haldiram Packers Limited,32.0,40.0,4928.0,6160.0,98.56,1133.44
BST-067,PROD-006,Haldiram's Lite Mixture Namkeen,Chips & Namkeen,154,SUP-006-A,Haldiram Packers Limited,32.0,40.0,4928.0,6160.0,98.56,1133.44
BST-058,PROD-006,Haldiram's Lite Mixture Namkeen,Chips & Namkeen,153,SUP-006-A,Haldiram Packers Limited,32.0,40.0,4896.0,6120.0,97.92,1126.08
BST-072,PROD-023,Wrigley's Doublemint Peppermint Chewy Mint Candies,Sweets & Chocolates,121,SUP-023-A,Parle Confectioners,35.0,45.0,4235.0,5445.0,84.7,1125.3
BST-008,PROD-024,Orbit Mixed Fruit Flavour Chewing Gum (Sugar Free),Sweets & Chocolates,121,SUP-024-A,Parle Confectioners,35.0,45.0,4235.0,5445.0,84.7,1125.3
BST-088,PROD-019,Onion (Pyaz),Vegetables & Fruits,120,SUP-019-A,Safal Fresh Greens Delhi,32.0,42.0,3840.0,5040.0,76.8,1123.2
BST-032,PROD-001,English Oven Milk Bread,"Dairy, Bread & Eggs",122,SUP-001-A,Modern Bakeries Delhi,40.0,50.0,4880.0,6100.0,97.60000000000001,1122.4
BST-060,PROD-014,DOMS Max Water Colour Sketch Pens (Multicolour),Stationery & Games,118,SUP-014-A,DOMS Industries Delhi,25.0,35.0,2950.0,4130.0,59.0,1121.0
BST-017,PROD-017,"myTrident Comfort Living Cotton Bath Towel (27.5"" x 55.1"", Black Currant)",Home & Lifestyle,15,SUP-017-A,Nayasa Household Plastics,220.0,299.0,3300.0,4485.0,66.0,1119.0
BST-036,PROD-017,"myTrident Comfort Living Cotton Bath Towel (27.5"" x 55.1"", Black Currant)",Home & Lifestyle,15,SUP-017-A,Nayasa Household Plastics,220.0,299.0,3300.0,4485.0,66.0,1119.0
BST-059,PROD-017,"myTrident Comfort Living Cotton Bath Towel (27.5"" x 55.1"", Black Currant)",Home & Lifestyle,15,SUP-017-A,Nayasa Household Plastics,220.0,299.0,3300.0,4485.0,66.0,1119.0
BST-008,PROD-017,"myTrident Comfort Living Cotton Bath Towel (27.5"" x 55.1"", Black Currant)",Home & Lifestyle,15,SUP-017-A,Nayasa Household Plastics,220.0,299.0,3300.0,4485.0,66.0,1119.0
BST-069,PROD-007,Yu 100% Natural Coconut Water,Drinks & Juices,108,SUP-007-A,Real Beverages India,35.0,46.0,3780.0,4968.0,75.60000000000001,1112.4
BST-050,PROD-024,Orbit Mixed Fruit Flavour Chewing Gum (Sugar Free),Sweets & Chocolates,119,SUP-024-A,Parle Confectioners,35.0,45.0,4165.0,5355.0,83.3,1106.7
BST-057,PROD-008,Raw Pressery Coconut Water,Drinks & Juices,79,SUP-008-A,Real Beverages India,50.0,65.0,3950.0,5135.0,79.0,1106.0
BST-016,PROD-008,Raw Pressery Coconut Water,Drinks & Juices,79,SUP-008-A,Real Beverages India,50.0,65.0,3950.0,5135.0,79.0,1106.0
BST-023,PROD-006,Haldiram's Lite Mixture Namkeen,Chips & Namkeen,150,SUP-006-A,Haldiram Packers Limited,32.0,40.0,4800.0,6000.0,96.0,1104.0
BST-051,PROD-006,Haldiram's Lite Mixture Namkeen,Chips & Namkeen,150,SUP-006-A,Haldiram Packers Limited,32.0,40.0,4800.0,6000.0,96.0,1104.0
BST-069,PROD-002,Bonn White Bread,"Dairy, Bread & Eggs",147,SUP-002-A,Modern Bakeries Delhi,25.0,33.0,3675.0,4851.0,73.5,1102.5
BST-072,PROD-007,Yu 100% Natural Coconut Water,Drinks & Juices,107,SUP-007-A,Real Beverages India,35.0,46.0,3745.0,4922.0,74.9,1102.1
BST-074,PROD-029,Pillsbury Chocolate Flavour Pancake Mix,Instant Food,49,SUP-029-A,MTR Food Packers,78.0,102.0,3822.0,4998.0,76.44,1099.56
BST-089,PROD-027,Kellogg's Chocos Fills Double Chocolaty Cereal,Dry Fruits & Cereals,51,SUP-027-A,Kellogg Cereal Packers,72.0,95.0,3672.0,4845.0,73.44,1099.56
BST-070,PROD-029,Pillsbury Chocolate Flavour Pancake Mix,Instant Food,49,SUP-029-A,MTR Food Packers,78.0,102.0,3822.0,4998.0,76.44,1099.56
BST-026,PROD-005,Haldiram's Punjabi Tadka Namkeen Snacks,Chips & Namkeen,108,SUP-005-A,Haldiram Packers Limited,44.0,55.0,4752.0,5940.0,95.04,1092.96
BST-084,PROD-007,Yu 100% Natural Coconut Water,Drinks & Juices,106,SUP-007-A,Real Beverages India,35.0,46.0,3710.0,4876.0,74.2,1091.8
BST-090,PROD-025,Kellogg's Original Corn Flakes,Dry Fruits & Cereals,47,SUP-025-A,Kellogg Cereal Packers,90.0,115.0,4230.0,5405.0,84.60000000000001,1090.4
BST-057,PROD-028,MTR Gulab Jamun Mix,Instant Food,33,SUP-028-A,MTR Food Packers,100.0,135.0,3300.0,4455.0,66.0,1089.0
BST-016,PROD-007,Yu 100% Natural Coconut Water,Drinks & Juices,105,SUP-007-A,Real Beverages India,35.0,46.0,3675.0,4830.0,73.5,1081.5
BST-092,PROD-029,Pillsbury Chocolate Flavour Pancake Mix,Instant Food,48,SUP-029-A,MTR Food Packers,78.0,102.0,3744.0,4896.0,74.88,1077.12
BST-038,PROD-020,Potato (Aloo),Vegetables & Fruits,232,SUP-020-A,Safal Fresh Greens Delhi,18.0,23.0,4176.0,5336.0,83.52,1076.48
BST-067,PROD-024,Orbit Mixed Fruit Flavour Chewing Gum (Sugar Free),Sweets & Chocolates,115,SUP-024-A,Parle Confectioners,35.0,45.0,4025.0,5175.0,80.5,1069.5
BST-032,PROD-008,Raw Pressery Coconut Water,Drinks & Juices,76,SUP-008-A,Real Beverages India,50.0,65.0,3800.0,4940.0,76.0,1064.0
BST-026,PROD-010,Lipton Honey Lemon Green Tea Bags,"Tea, Coffee & Milk Drinks",27,SUP-010-A,Chaayos Tea Premixers,130.0,172.0,3510.0,4644.0,70.2,1063.8
BST-038,PROD-007,Yu 100% Natural Coconut Water,Drinks & Juices,103,SUP-007-A,Real Beverages India,35.0,46.0,3605.0,4738.0,72.10000000000001,1060.9
BST-079,PROD-013,Creative Space Assignment A4 Sheets (One Side Ruled) (White),Stationery & Games,86,SUP-013-A,DOMS Industries Delhi,35.0,48.0,3010.0,4128.0,60.2,1057.8
BST-032,PROD-002,Bonn White Bread,"Dairy, Bread & Eggs",141,SUP-002-A,Modern Bakeries Delhi,25.0,33.0,3525.0,4653.0,70.5,1057.5
BST-091,PROD-027,Kellogg's Chocos Fills Double Chocolaty Cereal,Dry Fruits & Cereals,49,SUP-027-A,Kellogg Cereal Packers,72.0,95.0,3528.0,4655.0,70.56,1056.44
BST-083,PROD-029,Pillsbury Chocolate Flavour Pancake Mix,Instant Food,47,SUP-029-A,MTR Food Packers,78.0,102.0,3666.0,4794.0,73.32000000000001,1054.68
BST-024,PROD-029,Pillsbury Chocolate Flavour Pancake Mix,Instant Food,47,SUP-029-A,MTR Food Packers,78.0,102.0,3666.0,4794.0,73.32000000000001,1054.68
BST-070,PROD-014,DOMS Max Water Colour Sketch Pens (Multicolour),Stationery & Games,111,SUP-014-A,DOMS Industries Delhi,25.0,35.0,2775.0,3885.0,55.5,1054.5
BST-062,PROD-007,Yu 100% Natural Coconut Water,Drinks & Juices,102,SUP-007-A,Real Beverages India,35.0,46.0,3570.0,4692.0,71.4,1050.6
BST-069,PROD-025,Kellogg's Original Corn Flakes,Dry Fruits & Cereals,45,SUP-025-A,Kellogg Cereal Packers,90.0,115.0,4050.0,5175.0,81.0,1044.0
BST-032,PROD-025,Kellogg's Original Corn Flakes,Dry Fruits & Cereals,45,SUP-025-A,Kellogg Cereal Packers,90.0,115.0,4050.0,5175.0,81.0,1044.0
BST-065,PROD-016,Nayasa Frosty Bathroom Mug (Blue),Home & Lifestyle,58,SUP-016-A,Nayasa Household Plastics,50.0,69.0,2900.0,4002.0,58.0,1044.0
BST-087,PROD-015,Creative Space 2mm Graph A4 Sheets (Green),Stationery & Games,85,SUP-015-A,DOMS Industries Delhi,36.0,49.0,3060.0,4165.0,61.2,1043.8
BST-009,PROD-024,Orbit Mixed Fruit Flavour Chewing Gum (Sugar Free),Sweets & Chocolates,112,SUP-024-A,Parle Confectioners,35.0,45.0,3920.0,5040.0,78.4,1041.6
BST-085,PROD-009,Real Activ 100% Tender Coconut Water,Drinks & Juices,92,SUP-009-A,Real Beverages India,38.0,50.0,3496.0,4600.0,69.92,1034.08
BST-038,PROD-009,Real Activ 100% Tender Coconut Water,Drinks & Juices,92,SUP-009-A,Real Beverages India,38.0,50.0,3496.0,4600.0,69.92,1034.08
BST-096,PROD-013,Creative Space Assignment A4 Sheets (One Side Ruled) (White),Stationery & Games,84,SUP-013-A,DOMS Industries Delhi,35.0,48.0,2940.0,4032.0,58.800000000000004,1033.2
BST-043,PROD-024,Orbit Mixed Fruit Flavour Chewing Gum (Sugar Free),Sweets & Chocolates,111,SUP-024-A,Parle Confectioners,35.0,45.0,3885.0,4995.0,77.7,1032.3
BST-079,PROD-029,Pillsbury Chocolate Flavour Pancake Mix,Instant Food,46,SUP-029-A,MTR Food Packers,78.0,102.0,3588.0,4692.0,71.76,1032.24
BST-022,PROD-029,Pillsbury Chocolate Flavour Pancake Mix,Instant Food,46,SUP-029-A,MTR Food Packers,78.0,102.0,3588.0,4692.0,71.76,1032.24
BST-061,PROD-016,Nayasa Frosty Bathroom Mug (Blue),Home & Lifestyle,57,SUP-016-A,Nayasa Household Plastics,50.0,69.0,2850.0,3933.0,57.0,1026.0
BST-023,PROD-024,Orbit Mixed Fruit Flavour Chewing Gum (Sugar Free),Sweets & Chocolates,110,SUP-024-A,Parle Confectioners,35.0,45.0,3850.0,4950.0,77.0,1023.0
BST-037,PROD-013,Creative Space Assignment A4 Sheets (One Side Ruled) (White),Stationery & Games,83,SUP-013-A,DOMS Industries Delhi,35.0,48.0,2905.0,3984.0,58.1,1020.9
BST-057,PROD-025,Kellogg's Original Corn Flakes,Dry Fruits & Cereals,44,SUP-025-A,Kellogg Cereal Packers,90.0,115.0,3960.0,5060.0,79.2,1020.8
BST-026,PROD-011,Chaayos Masala Instant Tea Premix Regular Sugar,"Tea, Coffee & Milk Drinks",32,SUP-011-A,Chaayos Tea Premixers,115.0,149.0,3680.0,4768.0,73.60000000000001,1014.4
BST-062,PROD-023,Wrigley's Doublemint Peppermint Chewy Mint Candies,Sweets & Chocolates,109,SUP-023-A,Parle Confectioners,35.0,45.0,3815.0,4905.0,76.3,1013.7
BST-076,PROD-023,Wrigley's Doublemint Peppermint Chewy Mint Candies,Sweets & Chocolates,109,SUP-023-A,Parle Confectioners,35.0,45.0,3815.0,4905.0,76.3,1013.7
BST-015,PROD-027,Kellogg's Chocos Fills Double Chocolaty Cereal,Dry Fruits & Cereals,47,SUP-027-A,Kellogg Cereal Packers,72.0,95.0,3384.0,4465.0,67.68,1013.3199999999999
BST-059,PROD-027,Kellogg's Chocos Fills Double Chocolaty Cereal,Dry Fruits & Cereals,47,SUP-027-A,Kellogg Cereal Packers,72.0,95.0,3384.0,4465.0,67.68,1013.3199999999999
BST-005,PROD-022,Parle Melody Bigger Chocolaty Toffee,Sweets & Chocolates,90,SUP-022-A,Parle Confectioners,38.0,50.0,3420.0,4500.0,68.4,1011.6
BST-078,PROD-029,Pillsbury Chocolate Flavour Pancake Mix,Instant Food,45,SUP-029-A,MTR Food Packers,78.0,102.0,3510.0,4590.0,70.2,1009.8
BST-045,PROD-016,Nayasa Frosty Bathroom Mug (Blue),Home & Lifestyle,56,SUP-016-A,Nayasa Household Plastics,50.0,69.0,2800.0,3864.0,56.0,1008.0
BST-030,PROD-014,DOMS Max Water Colour Sketch Pens (Multicolour),Stationery & Games,106,SUP-014-A,DOMS Industries Delhi,25.0,35.0,2650.0,3710.0,53.0,1007.0
BST-062,PROD-006,Haldiram's Lite Mixture Namkeen,Chips & Namkeen,136,SUP-006-A,Haldiram Packers Limited,32.0,40.0,4352.0,5440.0,87.04,1000.96
BST-029,PROD-006,Haldiram's Lite Mixture Namkeen,Chips & Namkeen,136,SUP-006-A,Haldiram Packers Limited,32.0,40.0,4352.0,5440.0,87.04,1000.96
BST-085,PROD-020,Potato (Aloo),Vegetables & Fruits,215,SUP-020-A,Safal Fresh Greens Delhi,18.0,23.0,3870.0,4945.0,77.4,997.6
BST-037,PROD-014,DOMS Max Water Colour Sketch Pens (Multicolour),Stationery & Games,105,SUP-014-A,DOMS Industries Delhi,25.0,35.0,2625.0,3675.0,52.5,997.5
BST-038,PROD-023,Wrigley's Doublemint Peppermint Chewy Mint Candies,Sweets & Chocolates,107,SUP-023-A,Parle Confectioners,35.0,45.0,3745.0,4815.0,74.9,995.1
BST-084,PROD-023,Wrigley's Doublemint Peppermint Chewy Mint Candies,Sweets & Chocolates,107,SUP-023-A,Parle Confectioners,35.0,45.0,3745.0,4815.0,74.9,995.1
BST-095,PROD-029,Pillsbury Chocolate Flavour Pancake Mix,Instant Food,44,SUP-029-A,MTR Food Packers,78.0,102.0,3432.0,4488.0,68.64,987.36
BST-040,PROD-013,Creative Space Assignment A4 Sheets (One Side Ruled) (White),Stationery & Games,80,SUP-013-A,DOMS Industries Delhi,35.0,48.0,2800.0,3840.0,56.0,984.0
BST-001,PROD-013,Creative Space Assignment A4 Sheets (One Side Ruled) (White),Stationery & Games,80,SUP-013-A,DOMS Industries Delhi,35.0,48.0,2800.0,3840.0,56.0,984.0
BST-038,PROD-006,Haldiram's Lite Mixture Namkeen,Chips & Namkeen,133,SUP-006-A,Haldiram Packers Limited,32.0,40.0,4256.0,5320.0,85.12,978.88
BST-072,PROD-006,Haldiram's Lite Mixture Namkeen,Chips & Namkeen,133,SUP-006-A,Haldiram Packers Limited,32.0,40.0,4256.0,5320.0,85.12,978.88
BST-084,PROD-020,Potato (Aloo),Vegetables & Fruits,210,SUP-020-A,Safal Fresh Greens Delhi,18.0,23.0,3780.0,4830.0,75.60000000000001,974.4
BST-063,PROD-013,Creative Space Assignment A4 Sheets (One Side Ruled) (White),Stationery & Games,79,SUP-013-A,DOMS Industries Delhi,35.0,48.0,2765.0,3792.0,55.300000000000004,971.7
BST-063,PROD-027,Kellogg's Chocos Fills Double Chocolaty Cereal,Dry Fruits & Cereals,45,SUP-027-A,Kellogg Cereal Packers,72.0,95.0,3240.0,4275.0,64.8,970.2
BST-083,PROD-027,Kellogg's Chocos Fills Double Chocolaty Cereal,Dry Fruits & Cereals,45,SUP-027-A,Kellogg Cereal Packers,72.0,95.0,3240.0,4275.0,64.8,970.2
BST-050,PROD-014,DOMS Max Water Colour Sketch Pens (Multicolour),Stationery & Games,102,SUP-014-A,DOMS Industries Delhi,25.0,35.0,2550.0,3570.0,51.0,969.0
BST-088,PROD-026,Kellogg's Multigrain Chocos Crunchy Bites Kids Cereal,Dry Fruits & Cereals,28,SUP-026-A,Kellogg Cereal Packers,120.0,157.0,3360.0,4396.0,67.2,968.8
BST-051,PROD-024,Orbit Mixed Fruit Flavour Chewing Gum (Sugar Free),Sweets & Chocolates,104,SUP-024-A,Parle Confectioners,35.0,45.0,3640.0,4680.0,72.8,967.2
BST-084,PROD-009,Real Activ 100% Tender Coconut Water,Drinks & Juices,86,SUP-009-A,Real Beverages India,38.0,50.0,3268.0,4300.0,65.36,966.64
BST-012,PROD-029,Pillsbury Chocolate Flavour Pancake Mix,Instant Food,43,SUP-029-A,MTR Food Packers,78.0,102.0,3354.0,4386.0,67.08,964.92
BST-004,PROD-029,Pillsbury Chocolate Flavour Pancake Mix,Instant Food,43,SUP-029-A,MTR Food Packers,78.0,102.0,3354.0,4386.0,67.08,964.92
BST-091,PROD-014,DOMS Max Water Colour Sketch Pens (Multicolour),Stationery & Games,101,SUP-014-A,DOMS Industries Delhi,25.0,35.0,2525.0,3535.0,50.5,959.5
BST-085,PROD-023,Wrigley's Doublemint Peppermint Chewy Mint Candies,Sweets & Chocolates,103,SUP-023-A,Parle Confectioners,35.0,45.0,3605.0,4635.0,72.10000000000001,957.9
BST-076,PROD-006,Haldiram's Lite Mixture Namkeen,Chips & Namkeen,130,SUP-006-A,Haldiram Packers Limited,32.0,40.0,4160.0,5200.0,83.2,956.8
BST-016,PROD-009,Real Activ 100% Tender Coconut Water,Drinks & Juices,85,SUP-009-A,Real Beverages India,38.0,50.0,3230.0,4250.0,64.6,955.4
BST-006,PROD-005,Haldiram's Punjabi Tadka Namkeen Snacks,Chips & Namkeen,94,SUP-005-A,Haldiram Packers Limited,44.0,55.0,4136.0,5170.0,82.72,951.28
BST-088,PROD-005,Haldiram's Punjabi Tadka Namkeen Snacks,Chips & Namkeen,94,SUP-005-A,Haldiram Packers Limited,44.0,55.0,4136.0,5170.0,82.72,951.28
BST-063,PROD-014,DOMS Max Water Colour Sketch Pens (Multicolour),Stationery & Games,100,SUP-014-A,DOMS Industries Delhi,25.0,35.0,2500.0,3500.0,50.0,950.0
BST-072,PROD-027,Kellogg's Chocos Fills Double Chocolaty Cereal,Dry Fruits & Cereals,44,SUP-027-A,Kellogg Cereal Packers,72.0,95.0,3168.0,4180.0,63.36,948.64
BST-046,PROD-027,Kellogg's Chocos Fills Double Chocolaty Cereal,Dry Fruits & Cereals,44,SUP-027-A,Kellogg Cereal Packers,72.0,95.0,3168.0,4180.0,63.36,948.64
BST-090,PROD-009,Real Activ 100% Tender Coconut Water,Drinks & Juices,84,SUP-009-A,Real Beverages India,38.0,50.0,3192.0,4200.0,63.84,944.16
BST-080,PROD-029,Pillsbury Chocolate Flavour Pancake Mix,Instant Food,42,SUP-029-A,MTR Food Packers,78.0,102.0,3276.0,4284.0,65.52,942.48
BST-025,PROD-029,Pillsbury Chocolate Flavour Pancake Mix,Instant Food,42,SUP-029-A,MTR Food Packers,78.0,102.0,3276.0,4284.0,65.52,942.48
BST-098,PROD-006,Haldiram's Lite Mixture Namkeen,Chips & Namkeen,128,SUP-006-A,Haldiram Packers Limited,32.0,40.0,4096.0,5120.0,81.92,942.08
BST-012,PROD-014,DOMS Max Water Colour Sketch Pens (Multicolour),Stationery & Games,99,SUP-014-A,DOMS Industries Delhi,25.0,35.0,2475.0,3465.0,49.5,940.5
BST-055,PROD-016,Nayasa Frosty Bathroom Mug (Blue),Home & Lifestyle,52,SUP-016-A,Nayasa Household Plastics,50.0,69.0,2600.0,3588.0,52.0,936.0
BST-065,PROD-015,Creative Space 2mm Graph A4 Sheets (Green),Stationery & Games,76,SUP-015-A,DOMS Industries Delhi,36.0,49.0,2736.0,3724.0,54.72,933.28
BST-032,PROD-009,Real Activ 100% Tender Coconut Water,Drinks & Juices,83,SUP-009-A,Real Beverages India,38.0,50.0,3154.0,4150.0,63.08,932.92
BST-069,PROD-020,Potato (Aloo),Vegetables & Fruits,201,SUP-020-A,Safal Fresh Greens Delhi,18.0,23.0,3618.0,4623.0,72.36,932.64
BST-035,PROD-002,Bonn White Bread,"Dairy, Bread & Eggs",124,SUP-002-A,Modern Bakeries Delhi,25.0,33.0,3100.0,4092.0,62.0,930.0
BST-090,PROD-006,Haldiram's Lite Mixture Namkeen,Chips & Namkeen,126,SUP-006-A,Haldiram Packers Limited,32.0,40.0,4032.0,5040.0,80.64,927.36
BST-081,PROD-027,Kellogg's Chocos Fills Double Chocolaty Cereal,Dry Fruits & Cereals,43,SUP-027-A,Kellogg Cereal Packers,72.0,95.0,3096.0,4085.0,61.92,927.08
BST-094,PROD-027,Kellogg's Chocos Fills Double Chocolaty Cereal,Dry Fruits & Cereals,43,SUP-027-A,Kellogg Cereal Packers,72.0,95.0,3096.0,4085.0,61.92,927.08
BST-043,PROD-027,Kellogg's Chocos Fills Double Chocolaty Cereal,Dry Fruits & Cereals,43,SUP-027-A,Kellogg Cereal Packers,72.0,95.0,3096.0,4085.0,61.92,927.08
BST-047,PROD-013,Creative Space Assignment A4 Sheets (One Side Ruled) (White),Stationery & Games,75,SUP-013-A,DOMS Industries Delhi,35.0,48.0,2625.0,3600.0,52.5,922.5
BST-038,PROD-024,Orbit Mixed Fruit Flavour Chewing Gum (Sugar Free),Sweets & Chocolates,99,SUP-024-A,Parle Confectioners,35.0,45.0,3465.0,4455.0,69.3,920.7
BST-015,PROD-029,Pillsbury Chocolate Flavour Pancake Mix,Instant Food,41,SUP-029-A,MTR Food Packers,78.0,102.0,3198.0,4182.0,63.96,920.04
BST-037,PROD-029,Pillsbury Chocolate Flavour Pancake Mix,Instant Food,41,SUP-029-A,MTR Food Packers,78.0,102.0,3198.0,4182.0,63.96,920.04
BST-063,PROD-029,Pillsbury Chocolate Flavour Pancake Mix,Instant Food,41,SUP-029-A,MTR Food Packers,78.0,102.0,3198.0,4182.0,63.96,920.04
BST-006,PROD-022,Parle Melody Bigger Chocolaty Toffee,Sweets & Chocolates,81,SUP-022-A,Parle Confectioners,38.0,50.0,3078.0,4050.0,61.56,910.44
BST-057,PROD-018,Homestrap Plastic Cloth Hanger Set (Black),Home & Lifestyle,14,SUP-018-A,Nayasa Household Plastics,200.0,269.0,2800.0,3766.0,56.0,910.0
BST-057,PROD-007,Yu 100% Natural Coconut Water,Drinks & Juices,88,SUP-007-A,Real Beverages India,35.0,46.0,3080.0,4048.0,61.6,906.4
BST-009,PROD-027,Kellogg's Chocos Fills Double Chocolaty Cereal,Dry Fruits & Cereals,42,SUP-027-A,Kellogg Cereal Packers,72.0,95.0,3024.0,3990.0,60.480000000000004,905.52
BST-071,PROD-027,Kellogg's Chocos Fills Double Chocolaty Cereal,Dry Fruits & Cereals,42,SUP-027-A,Kellogg Cereal Packers,72.0,95.0,3024.0,3990.0,60.480000000000004,905.52
BST-098,PROD-027,Kellogg's Chocos Fills Double Chocolaty Cereal,Dry Fruits & Cereals,42,SUP-027-A,Kellogg Cereal Packers,72.0,95.0,3024.0,3990.0,60.480000000000004,905.52
BST-058,PROD-014,DOMS Max Water Colour Sketch Pens (Multicolour),Stationery & Games,95,SUP-014-A,DOMS Industries Delhi,25.0,35.0,2375.0,3325.0,47.5,902.5
BST-071,PROD-014,DOMS Max Water Colour Sketch Pens (Multicolour),Stationery & Games,95,SUP-014-A,DOMS Industries Delhi,25.0,35.0,2375.0,3325.0,47.5,902.5
BST-077,PROD-014,DOMS Max Water Colour Sketch Pens (Multicolour),Stationery & Games,95,SUP-014-A,DOMS Industries Delhi,25.0,35.0,2375.0,3325.0,47.5,902.5
BST-098,PROD-024,Orbit Mixed Fruit Flavour Chewing Gum (Sugar Free),Sweets & Chocolates,97,SUP-024-A,Parle Confectioners,35.0,45.0,3395.0,4365.0,67.9,902.1
BST-016,PROD-023,Wrigley's Doublemint Peppermint Chewy Mint Candies,Sweets & Chocolates,97,SUP-023-A,Parle Confectioners,35.0,45.0,3395.0,4365.0,67.9,902.1
BST-085,PROD-006,Haldiram's Lite Mixture Namkeen,Chips & Namkeen,122,SUP-006-A,Haldiram Packers Limited,32.0,40.0,3904.0,4880.0,78.08,897.92
BST-084,PROD-006,Haldiram's Lite Mixture Namkeen,Chips & Namkeen,122,SUP-006-A,Haldiram Packers Limited,32.0,40.0,3904.0,4880.0,78.08,897.92
BST-028,PROD-029,Pillsbury Chocolate Flavour Pancake Mix,Instant Food,40,SUP-029-A,MTR Food Packers,78.0,102.0,3120.0,4080.0,62.4,897.6
BST-056,PROD-029,Pillsbury Chocolate Flavour Pancake Mix,Instant Food,40,SUP-029-A,MTR Food Packers,78.0,102.0,3120.0,4080.0,62.4,897.6
BST-032,PROD-007,Yu 100% Natural Coconut Water,Drinks & Juices,87,SUP-007-A,Real Beverages India,35.0,46.0,3045.0,4002.0,60.9,896.1
BST-075,PROD-005,Haldiram's Punjabi Tadka Namkeen Snacks,Chips & Namkeen,88,SUP-005-A,Haldiram Packers Limited,44.0,55.0,3872.0,4840.0,77.44,890.56
BST-018,PROD-013,Creative Space Assignment A4 Sheets (One Side Ruled) (White),Stationery & Games,72,SUP-013-A,DOMS Industries Delhi,35.0,48.0,2520.0,3456.0,50.4,885.6
BST-042,PROD-016,Nayasa Frosty Bathroom Mug (Blue),Home & Lifestyle,49,SUP-016-A,Nayasa Household Plastics,50.0,69.0,2450.0,3381.0,49.0,882.0
BST-027,PROD-029,Pillsbury Chocolate Flavour Pancake Mix,Instant Food,39,SUP-029-A,MTR Food Packers,78.0,102.0,3042.0,3978.0,60.84,875.16
BST-029,PROD-024,Orbit Mixed Fruit Flavour Chewing Gum (Sugar Free),Sweets & Chocolates,94,SUP-024-A,Parle Confectioners,35.0,45.0,3290.0,4230.0,65.8,874.2
BST-051,PROD-014,DOMS Max Water Colour Sketch Pens (Multicolour),Stationery & Games,92,SUP-014-A,DOMS Industries Delhi,25.0,35.0,2300.0,3220.0,46.0,874.0
BST-071,PROD-013,Creative Space Assignment A4 Sheets (One Side Ruled) (White),Stationery & Games,71,SUP-013-A,DOMS Industries Delhi,35.0,48.0,2485.0,3408.0,49.7,873.3
BST-020,PROD-013,Creative Space Assignment A4 Sheets (One Side Ruled) (White),Stationery & Games,71,SUP-013-A,DOMS Industries Delhi,35.0,48.0,2485.0,3408.0,49.7,873.3
BST-073,PROD-014,DOMS Max Water Colour Sketch Pens (Multicolour),Stationery & Games,91,SUP-014-A,DOMS Industries Delhi,25.0,35.0,2275.0,3185.0,45.5,864.5
BST-068,PROD-016,Nayasa Frosty Bathroom Mug (Blue),Home & Lifestyle,48,SUP-016-A,Nayasa Household Plastics,50.0,69.0,2400.0,3312.0,48.0,864.0
BST-007,PROD-016,Nayasa Frosty Bathroom Mug (Blue),Home & Lifestyle,48,SUP-016-A,Nayasa Household Plastics,50.0,69.0,2400.0,3312.0,48.0,864.0
BST-064,PROD-027,Kellogg's Chocos Fills Double Chocolaty Cereal,Dry Fruits & Cereals,40,SUP-027-A,Kellogg Cereal Packers,72.0,95.0,2880.0,3800.0,57.6,862.4
BST-012,PROD-013,Creative Space Assignment A4 Sheets (One Side Ruled) (White),Stationery & Games,70,SUP-013-A,DOMS Industries Delhi,35.0,48.0,2450.0,3360.0,49.0,861.0
BST-057,PROD-009,Real Activ 100% Tender Coconut Water,Drinks & Juices,76,SUP-009-A,Real Beverages India,38.0,50.0,2888.0,3800.0,57.76,854.24
BST-032,PROD-006,Haldiram's Lite Mixture Namkeen,Chips & Namkeen,116,SUP-006-A,Haldiram Packers Limited,32.0,40.0,3712.0,4640.0,74.24,853.76
BST-069,PROD-006,Haldiram's Lite Mixture Namkeen,Chips & Namkeen,116,SUP-006-A,Haldiram Packers Limited,32.0,40.0,3712.0,4640.0,74.24,853.76
BST-071,PROD-029,Pillsbury Chocolate Flavour Pancake Mix,Instant Food,38,SUP-029-A,MTR Food Packers,78.0,102.0,2964.0,3876.0,59.28,852.72
BST-050,PROD-029,Pillsbury Chocolate Flavour Pancake Mix,Instant Food,38,SUP-029-A,MTR Food Packers,78.0,102.0,2964.0,3876.0,59.28,852.72
BST-050,PROD-013,Creative Space Assignment A4 Sheets (One Side Ruled) (White),Stationery & Games,69,SUP-013-A,DOMS Industries Delhi,35.0,48.0,2415.0,3312.0,48.300000000000004,848.7
BST-036,PROD-013,Creative Space Assignment A4 Sheets (One Side Ruled) (White),Stationery & Games,69,SUP-013-A,DOMS Industries Delhi,35.0,48.0,2415.0,3312.0,48.300000000000004,848.7
BST-026,PROD-001,English Oven Milk Bread,"Dairy, Bread & Eggs",92,SUP-001-A,Modern Bakeries Delhi,40.0,50.0,3680.0,4600.0,73.60000000000001,846.4
BST-072,PROD-024,Orbit Mixed Fruit Flavour Chewing Gum (Sugar Free),Sweets & Chocolates,91,SUP-024-A,Parle Confectioners,35.0,45.0,3185.0,4095.0,63.7,846.3
BST-030,PROD-016,Nayasa Frosty Bathroom Mug (Blue),Home & Lifestyle,47,SUP-016-A,Nayasa Household Plastics,50.0,69.0,2350.0,3243.0,47.0,846.0
BST-053,PROD-016,Nayasa Frosty Bathroom Mug (Blue),Home & Lifestyle,47,SUP-016-A,Nayasa Household Plastics,50.0,69.0,2350.0,3243.0,47.0,846.0
BST-064,PROD-013,Creative Space Assignment A4 Sheets (One Side Ruled) (White),Stationery & Games,68,SUP-013-A,DOMS Industries Delhi,35.0,48.0,2380.0,3264.0,47.6,836.4
BST-028,PROD-014,DOMS Max Water Colour Sketch Pens (Multicolour),Stationery & Games,88,SUP-014-A,DOMS Industries Delhi,25.0,35.0,2200.0,3080.0,44.0,836.0
BST-014,PROD-015,Creative Space 2mm Graph A4 Sheets (Green),Stationery & Games,68,SUP-015-A,DOMS Industries Delhi,36.0,49.0,2448.0,3332.0,48.96,835.04
BST-046,PROD-029,Pillsbury Chocolate Flavour Pancake Mix,Instant Food,37,SUP-029-A,MTR Food Packers,78.0,102.0,2886.0,3774.0,57.72,830.28
BST-081,PROD-029,Pillsbury Chocolate Flavour Pancake Mix,Instant Food,37,SUP-029-A,MTR Food Packers,78.0,102.0,2886.0,3774.0,57.72,830.28
BST-017,PROD-016,Nayasa Frosty Bathroom Mug (Blue),Home & Lifestyle,46,SUP-016-A,Nayasa Household Plastics,50.0,69.0,2300.0,3174.0,46.0,828.0
BST-058,PROD-016,Nayasa Frosty Bathroom Mug (Blue),Home & Lifestyle,46,SUP-016-A,Nayasa Household Plastics,50.0,69.0,2300.0,3174.0,46.0,828.0
BST-089,PROD-016,Nayasa Frosty Bathroom Mug (Blue),Home & Lifestyle,46,SUP-016-A,Nayasa Household Plastics,50.0,69.0,2300.0,3174.0,46.0,828.0
BST-088,PROD-003,iD Idli & Dosa Batter - 1 kg,"Dairy, Bread & Eggs",56,SUP-003-A,Modern Bakeries Delhi,64.0,80.0,3584.0,4480.0,71.68,824.3199999999999
BST-016,PROD-006,Haldiram's Lite Mixture Namkeen,Chips & Namkeen,112,SUP-006-A,Haldiram Packers Limited,32.0,40.0,3584.0,4480.0,71.68,824.3199999999999
BST-015,PROD-013,Creative Space Assignment A4 Sheets (One Side Ruled) (White),Stationery & Games,67,SUP-013-A,DOMS Industries Delhi,35.0,48.0,2345.0,3216.0,46.9,824.1
BST-005,PROD-007,Yu 100% Natural Coconut Water,Drinks & Juices,80,SUP-007-A,Real Beverages India,35.0,46.0,2800.0,3680.0,56.0,824.0
BST-035,PROD-007,Yu 100% Natural Coconut Water,Drinks & Juices,80,SUP-007-A,Real Beverages India,35.0,46.0,2800.0,3680.0,56.0,824.0
BST-093,PROD-015,Creative Space 2mm Graph A4 Sheets (Green),Stationery & Games,67,SUP-015-A,DOMS Industries Delhi,36.0,49.0,2412.0,3283.0,48.24,822.76
BST-009,PROD-014,DOMS Max Water Colour Sketch Pens (Multicolour),Stationery & Games,86,SUP-014-A,DOMS Industries Delhi,25.0,35.0,2150.0,3010.0,43.0,817.0
BST-042,PROD-015,Creative Space 2mm Graph A4 Sheets (Green),Stationery & Games,66,SUP-015-A,DOMS Industries Delhi,36.0,49.0,2376.0,3234.0,47.52,810.48
BST-074,PROD-015,Creative Space 2mm Graph A4 Sheets (Green),Stationery & Games,66,SUP-015-A,DOMS Industries Delhi,36.0,49.0,2376.0,3234.0,47.52,810.48
BST-095,PROD-016,Nayasa Frosty Bathroom Mug (Blue),Home & Lifestyle,45,SUP-016-A,Nayasa Household Plastics,50.0,69.0,2250.0,3105.0,45.0,810.0
BST-083,PROD-016,Nayasa Frosty Bathroom Mug (Blue),Home & Lifestyle,45,SUP-016-A,Nayasa Household Plastics,50.0,69.0,2250.0,3105.0,45.0,810.0
BST-018,PROD-029,Pillsbury Chocolate Flavour Pancake Mix,Instant Food,36,SUP-029-A,MTR Food Packers,78.0,102.0,2808.0,3672.0,56.160000000000004,807.84
BST-036,PROD-029,Pillsbury Chocolate Flavour Pancake Mix,Instant Food,36,SUP-029-A,MTR Food Packers,78.0,102.0,2808.0,3672.0,56.160000000000004,807.84
BST-076,PROD-014,DOMS Max Water Colour Sketch Pens (Multicolour),Stationery & Games,84,SUP-014-A,DOMS Industries Delhi,25.0,35.0,2100.0,2940.0,42.0,798.0
BST-062,PROD-014,DOMS Max Water Colour Sketch Pens (Multicolour),Stationery & Games,84,SUP-014-A,DOMS Industries Delhi,25.0,35.0,2100.0,2940.0,42.0,798.0
BST-084,PROD-027,Kellogg's Chocos Fills Double Chocolaty Cereal,Dry Fruits & Cereals,37,SUP-027-A,Kellogg Cereal Packers,72.0,95.0,2664.0,3515.0,53.28,797.72
BST-057,PROD-006,Haldiram's Lite Mixture Namkeen,Chips & Namkeen,108,SUP-006-A,Haldiram Packers Limited,32.0,40.0,3456.0,4320.0,69.12,794.88
BST-075,PROD-003,iD Idli & Dosa Batter - 1 kg,"Dairy, Bread & Eggs",54,SUP-003-A,Modern Bakeries Delhi,64.0,80.0,3456.0,4320.0,69.12,794.88
BST-047,PROD-016,Nayasa Frosty Bathroom Mug (Blue),Home & Lifestyle,44,SUP-016-A,Nayasa Household Plastics,50.0,69.0,2200.0,3036.0,44.0,792.0
BST-031,PROD-016,Nayasa Frosty Bathroom Mug (Blue),Home & Lifestyle,44,SUP-016-A,Nayasa Household Plastics,50.0,69.0,2200.0,3036.0,44.0,792.0
BST-096,PROD-016,Nayasa Frosty Bathroom Mug (Blue),Home & Lifestyle,44,SUP-016-A,Nayasa Household Plastics,50.0,69.0,2200.0,3036.0,44.0,792.0
BST-024,PROD-016,Nayasa Frosty Bathroom Mug (Blue),Home & Lifestyle,44,SUP-016-A,Nayasa Household Plastics,50.0,69.0,2200.0,3036.0,44.0,792.0
BST-075,PROD-025,Kellogg's Original Corn Flakes,Dry Fruits & Cereals,34,SUP-025-A,Kellogg Cereal Packers,90.0,115.0,3060.0,3910.0,61.2,788.8
BST-068,PROD-015,Creative Space 2mm Graph A4 Sheets (Green),Stationery & Games,64,SUP-015-A,DOMS Industries Delhi,36.0,49.0,2304.0,3136.0,46.08,785.92
BST-072,PROD-029,Pillsbury Chocolate Flavour Pancake Mix,Instant Food,35,SUP-029-A,MTR Food Packers,78.0,102.0,2730.0,3570.0,54.6,785.4
BST-026,PROD-007,Yu 100% Natural Coconut Water,Drinks & Juices,76,SUP-007-A,Real Beverages India,35.0,46.0,2660.0,3496.0,53.2,782.8
BST-006,PROD-003,iD Idli & Dosa Batter - 1 kg,"Dairy, Bread & Eggs",53,SUP-003-A,Modern Bakeries Delhi,64.0,80.0,3392.0,4240.0,67.84,780.16
BST-088,PROD-002,Bonn White Bread,"Dairy, Bread & Eggs",104,SUP-002-A,Modern Bakeries Delhi,25.0,33.0,2600.0,3432.0,52.0,780.0
BST-087,PROD-030,Brown & Polson Vanilla Custard Powder,Instant Food,82,SUP-030-A,MTR Food Packers,28.0,38.0,2296.0,3116.0,45.92,774.08
BST-041,PROD-016,Nayasa Frosty Bathroom Mug (Blue),Home & Lifestyle,43,SUP-016-A,Nayasa Household Plastics,50.0,69.0,2150.0,2967.0,43.0,774.0
BST-035,PROD-006,Haldiram's Lite Mixture Namkeen,Chips & Namkeen,105,SUP-006-A,Haldiram Packers Limited,32.0,40.0,3360.0,4200.0,67.2,772.8
BST-006,PROD-008,Raw Pressery Coconut Water,Drinks & Juices,55,SUP-008-A,Real Beverages India,50.0,65.0,2750.0,3575.0,55.0,770.0
BST-023,PROD-014,DOMS Max Water Colour Sketch Pens (Multicolour),Stationery & Games,81,SUP-014-A,DOMS Industries Delhi,25.0,35.0,2025.0,2835.0,40.5,769.5
BST-027,PROD-016,Nayasa Frosty Bathroom Mug (Blue),Home & Lifestyle,42,SUP-016-A,Nayasa Household Plastics,50.0,69.0,2100.0,2898.0,42.0,756.0
BST-010,PROD-016,Nayasa Frosty Bathroom Mug (Blue),Home & Lifestyle,42,SUP-016-A,Nayasa Household Plastics,50.0,69.0,2100.0,2898.0,42.0,756.0
BST-004,PROD-016,Nayasa Frosty Bathroom Mug (Blue),Home & Lifestyle,42,SUP-016-A,Nayasa Household Plastics,50.0,69.0,2100.0,2898.0,42.0,756.0
BST-075,PROD-022,Parle Melody Bigger Chocolaty Toffee,Sweets & Chocolates,67,SUP-022-A,Parle Confectioners,38.0,50.0,2546.0,3350.0,50.92,753.08
BST-006,PROD-007,Yu 100% Natural Coconut Water,Drinks & Juices,73,SUP-007-A,Real Beverages India,35.0,46.0,2555.0,3358.0,51.1,751.9
BST-029,PROD-014,DOMS Max Water Colour Sketch Pens (Multicolour),Stationery & Games,79,SUP-014-A,DOMS Industries Delhi,25.0,35.0,1975.0,2765.0,39.5,750.5
BST-009,PROD-013,Creative Space Assignment A4 Sheets (One Side Ruled) (White),Stationery & Games,61,SUP-013-A,DOMS Industries Delhi,35.0,48.0,2135.0,2928.0,42.7,750.3
BST-023,PROD-013,Creative Space Assignment A4 Sheets (One Side Ruled) (White),Stationery & Games,61,SUP-013-A,DOMS Industries Delhi,35.0,48.0,2135.0,2928.0,42.7,750.3
BST-080,PROD-015,Creative Space 2mm Graph A4 Sheets (Green),Stationery & Games,61,SUP-015-A,DOMS Industries Delhi,36.0,49.0,2196.0,2989.0,43.92,749.08
BST-057,PROD-024,Orbit Mixed Fruit Flavour Chewing Gum (Sugar Free),Sweets & Chocolates,80,SUP-024-A,Parle Confectioners,35.0,45.0,2800.0,3600.0,56.0,744.0
BST-043,PROD-029,Pillsbury Chocolate Flavour Pancake Mix,Instant Food,33,SUP-029-A,MTR Food Packers,78.0,102.0,2574.0,3366.0,51.480000000000004,740.52
BST-062,PROD-029,Pillsbury Chocolate Flavour Pancake Mix,Instant Food,33,SUP-029-A,MTR Food Packers,78.0,102.0,2574.0,3366.0,51.480000000000004,740.52
BST-051,PROD-016,Nayasa Frosty Bathroom Mug (Blue),Home & Lifestyle,41,SUP-016-A,Nayasa Household Plastics,50.0,69.0,2050.0,2829.0,41.0,738.0
BST-025,PROD-016,Nayasa Frosty Bathroom Mug (Blue),Home & Lifestyle,41,SUP-016-A,Nayasa Household Plastics,50.0,69.0,2050.0,2829.0,41.0,738.0
BST-094,PROD-013,Creative Space Assignment A4 Sheets (One Side Ruled) (White),Stationery & Games,60,SUP-013-A,DOMS Industries Delhi,35.0,48.0,2100.0,2880.0,42.0,738.0
BST-067,PROD-013,Creative Space Assignment A4 Sheets (One Side Ruled) (White),Stationery & Games,60,SUP-013-A,DOMS Industries Delhi,35.0,48.0,2100.0,2880.0,42.0,738.0
BST-055,PROD-030,Brown & Polson Vanilla Custard Powder,Instant Food,78,SUP-030-A,MTR Food Packers,28.0,38.0,2184.0,2964.0,43.68,736.32
BST-016,PROD-027,Kellogg's Chocos Fills Double Chocolaty Cereal,Dry Fruits & Cereals,34,SUP-027-A,Kellogg Cereal Packers,72.0,95.0,2448.0,3230.0,48.96,733.04
BST-035,PROD-027,Kellogg's Chocos Fills Double Chocolaty Cereal,Dry Fruits & Cereals,34,SUP-027-A,Kellogg Cereal Packers,72.0,95.0,2448.0,3230.0,48.96,733.04
BST-076,PROD-013,Creative Space Assignment A4 Sheets (One Side Ruled) (White),Stationery & Games,59,SUP-013-A,DOMS Industries Delhi,35.0,48.0,2065.0,2832.0,41.300000000000004,725.7
BST-005,PROD-023,Wrigley's Doublemint Peppermint Chewy Mint Candies,Sweets & Chocolates,78,SUP-023-A,Parle Confectioners,35.0,45.0,2730.0,3510.0,54.6,725.4
BST-020,PROD-016,Nayasa Frosty Bathroom Mug (Blue),Home & Lifestyle,40,SUP-016-A,Nayasa Household Plastics,50.0,69.0,2000.0,2760.0,40.0,720.0
BST-063,PROD-016,Nayasa Frosty Bathroom Mug (Blue),Home & Lifestyle,40,SUP-016-A,Nayasa Household Plastics,50.0,69.0,2000.0,2760.0,40.0,720.0
BST-062,PROD-013,Creative Space Assignment A4 Sheets (One Side Ruled) (White),Stationery & Games,58,SUP-013-A,DOMS Industries Delhi,35.0,48.0,2030.0,2784.0,40.6,713.4
BST-022,PROD-015,Creative Space 2mm Graph A4 Sheets (Green),Stationery & Games,58,SUP-015-A,DOMS Industries Delhi,36.0,49.0,2088.0,2842.0,41.76,712.24
BST-091,PROD-016,Nayasa Frosty Bathroom Mug (Blue),Home & Lifestyle,39,SUP-016-A,Nayasa Household Plastics,50.0,69.0,1950.0,2691.0,39.0,702.0
BST-043,PROD-016,Nayasa Frosty Bathroom Mug (Blue),Home & Lifestyle,39,SUP-016-A,Nayasa Household Plastics,50.0,69.0,1950.0,2691.0,39.0,702.0
BST-090,PROD-014,DOMS Max Water Colour Sketch Pens (Multicolour),Stationery & Games,73,SUP-014-A,DOMS Industries Delhi,25.0,35.0,1825.0,2555.0,36.5,693.5
BST-069,PROD-014,DOMS Max Water Colour Sketch Pens (Multicolour),Stationery & Games,73,SUP-014-A,DOMS Industries Delhi,25.0,35.0,1825.0,2555.0,36.5,693.5
BST-026,PROD-006,Haldiram's Lite Mixture Namkeen,Chips & Namkeen,94,SUP-006-A,Haldiram Packers Limited,32.0,40.0,3008.0,3760.0,60.160000000000004,691.84
BST-092,PROD-015,Creative Space 2mm Graph A4 Sheets (Green),Stationery & Games,55,SUP-015-A,DOMS Industries Delhi,36.0,49.0,1980.0,2695.0,39.6,675.4
BST-088,PROD-007,Yu 100% Natural Coconut Water,Drinks & Juices,65,SUP-007-A,Real Beverages India,35.0,46.0,2275.0,2990.0,45.5,669.5
BST-057,PROD-027,Kellogg's Chocos Fills Double Chocolaty Cereal,Dry Fruits & Cereals,31,SUP-027-A,Kellogg Cereal Packers,72.0,95.0,2232.0,2945.0,44.64,668.36
BST-038,PROD-013,Creative Space Assignment A4 Sheets (One Side Ruled) (White),Stationery & Games,54,SUP-013-A,DOMS Industries Delhi,35.0,48.0,1890.0,2592.0,37.800000000000004,664.2
BST-037,PROD-015,Creative Space 2mm Graph A4 Sheets (Green),Stationery & Games,54,SUP-015-A,DOMS Industries Delhi,36.0,49.0,1944.0,2646.0,38.88,663.12
BST-025,PROD-015,Creative Space 2mm Graph A4 Sheets (Green),Stationery & Games,54,SUP-015-A,DOMS Industries Delhi,36.0,49.0,1944.0,2646.0,38.88,663.12
BST-075,PROD-001,English Oven Milk Bread,"Dairy, Bread & Eggs",72,SUP-001-A,Modern Bakeries Delhi,40.0,50.0,2880.0,3600.0,57.6,662.4
BST-033,PROD-030,Brown & Polson Vanilla Custard Powder,Instant Food,70,SUP-030-A,MTR Food Packers,28.0,38.0,1960.0,2660.0,39.2,660.8
BST-076,PROD-029,Pillsbury Chocolate Flavour Pancake Mix,Instant Food,29,SUP-029-A,MTR Food Packers,78.0,102.0,2262.0,2958.0,45.24,650.76
BST-032,PROD-029,Pillsbury Chocolate Flavour Pancake Mix,Instant Food,29,SUP-029-A,MTR Food Packers,78.0,102.0,2262.0,2958.0,45.24,650.76
BST-085,PROD-029,Pillsbury Chocolate Flavour Pancake Mix,Instant Food,29,SUP-029-A,MTR Food Packers,78.0,102.0,2262.0,2958.0,45.24,650.76
BST-090,PROD-029,Pillsbury Chocolate Flavour Pancake Mix,Instant Food,29,SUP-029-A,MTR Food Packers,78.0,102.0,2262.0,2958.0,45.24,650.76
BST-071,PROD-016,Nayasa Frosty Bathroom Mug (Blue),Home & Lifestyle,36,SUP-016-A,Nayasa Household Plastics,50.0,69.0,1800.0,2484.0,36.0,648.0
BST-081,PROD-016,Nayasa Frosty Bathroom Mug (Blue),Home & Lifestyle,36,SUP-016-A,Nayasa Household Plastics,50.0,69.0,1800.0,2484.0,36.0,648.0
BST-021,PROD-016,Nayasa Frosty Bathroom Mug (Blue),Home & Lifestyle,36,SUP-016-A,Nayasa Household Plastics,50.0,69.0,1800.0,2484.0,36.0,648.0
BST-009,PROD-016,Nayasa Frosty Bathroom Mug (Blue),Home & Lifestyle,36,SUP-016-A,Nayasa Household Plastics,50.0,69.0,1800.0,2484.0,36.0,648.0
BST-042,PROD-030,Brown & Polson Vanilla Custard Powder,Instant Food,68,SUP-030-A,MTR Food Packers,28.0,38.0,1904.0,2584.0,38.08,641.92
BST-057,PROD-013,Creative Space Assignment A4 Sheets (One Side Ruled) (White),Stationery & Games,52,SUP-013-A,DOMS Industries Delhi,35.0,48.0,1820.0,2496.0,36.4,639.6
BST-016,PROD-013,Creative Space Assignment A4 Sheets (One Side Ruled) (White),Stationery & Games,52,SUP-013-A,DOMS Industries Delhi,35.0,48.0,1820.0,2496.0,36.4,639.6
BST-069,PROD-015,Creative Space 2mm Graph A4 Sheets (Green),Stationery & Games,52,SUP-015-A,DOMS Industries Delhi,36.0,49.0,1872.0,2548.0,37.44,638.56
BST-041,PROD-015,Creative Space 2mm Graph A4 Sheets (Green),Stationery & Games,52,SUP-015-A,DOMS Industries Delhi,36.0,49.0,1872.0,2548.0,37.44,638.56
BST-093,PROD-030,Brown & Polson Vanilla Custard Powder,Instant Food,67,SUP-030-A,MTR Food Packers,28.0,38.0,1876.0,2546.0,37.52,632.48
BST-023,PROD-016,Nayasa Frosty Bathroom Mug (Blue),Home & Lifestyle,35,SUP-016-A,Nayasa Household Plastics,50.0,69.0,1750.0,2415.0,35.0,630.0
BST-028,PROD-016,Nayasa Frosty Bathroom Mug (Blue),Home & Lifestyle,35,SUP-016-A,Nayasa Household Plastics,50.0,69.0,1750.0,2415.0,35.0,630.0
BST-084,PROD-014,DOMS Max Water Colour Sketch Pens (Multicolour),Stationery & Games,66,SUP-014-A,DOMS Industries Delhi,25.0,35.0,1650.0,2310.0,33.0,627.0
BST-008,PROD-015,Creative Space 2mm Graph A4 Sheets (Green),Stationery & Games,51,SUP-015-A,DOMS Industries Delhi,36.0,49.0,1836.0,2499.0,36.72,626.28
BST-026,PROD-015,Creative Space 2mm Graph A4 Sheets (Green),Stationery & Games,51,SUP-015-A,DOMS Industries Delhi,36.0,49.0,1836.0,2499.0,36.72,626.28
BST-074,PROD-030,Brown & Polson Vanilla Custard Powder,Instant Food,66,SUP-030-A,MTR Food Packers,28.0,38.0,1848.0,2508.0,36.96,623.04
BST-039,PROD-030,Brown & Polson Vanilla Custard Powder,Instant Food,66,SUP-030-A,MTR Food Packers,28.0,38.0,1848.0,2508.0,36.96,623.04
BST-075,PROD-007,Yu 100% Natural Coconut Water,Drinks & Juices,60,SUP-007-A,Real Beverages India,35.0,46.0,2100.0,2760.0,42.0,618.0
BST-035,PROD-024,Orbit Mixed Fruit Flavour Chewing Gum (Sugar Free),Sweets & Chocolates,66,SUP-024-A,Parle Confectioners,35.0,45.0,2310.0,2970.0,46.2,613.8
BST-026,PROD-024,Orbit Mixed Fruit Flavour Chewing Gum (Sugar Free),Sweets & Chocolates,65,SUP-024-A,Parle Confectioners,35.0,45.0,2275.0,2925.0,45.5,604.5
BST-070,PROD-015,Creative Space 2mm Graph A4 Sheets (Green),Stationery & Games,49,SUP-015-A,DOMS Industries Delhi,36.0,49.0,1764.0,2401.0,35.28,601.72
BST-016,PROD-015,Creative Space 2mm Graph A4 Sheets (Green),Stationery & Games,49,SUP-015-A,DOMS Industries Delhi,36.0,49.0,1764.0,2401.0,35.28,601.72
BST-027,PROD-015,Creative Space 2mm Graph A4 Sheets (Green),Stationery & Games,49,SUP-015-A,DOMS Industries Delhi,36.0,49.0,1764.0,2401.0,35.28,601.72
BST-089,PROD-015,Creative Space 2mm Graph A4 Sheets (Green),Stationery & Games,49,SUP-015-A,DOMS Industries Delhi,36.0,49.0,1764.0,2401.0,35.28,601.72
BST-035,PROD-014,DOMS Max Water Colour Sketch Pens (Multicolour),Stationery & Games,63,SUP-014-A,DOMS Industries Delhi,25.0,35.0,1575.0,2205.0,31.5,598.5
BST-057,PROD-014,DOMS Max Water Colour Sketch Pens (Multicolour),Stationery & Games,63,SUP-014-A,DOMS Industries Delhi,25.0,35.0,1575.0,2205.0,31.5,598.5
BST-016,PROD-014,DOMS Max Water Colour Sketch Pens (Multicolour),Stationery & Games,63,SUP-014-A,DOMS Industries Delhi,25.0,35.0,1575.0,2205.0,31.5,598.5
BST-085,PROD-013,Creative Space Assignment A4 Sheets (One Side Ruled) (White),Stationery & Games,48,SUP-013-A,DOMS Industries Delhi,35.0,48.0,1680.0,2304.0,33.6,590.4
BST-035,PROD-013,Creative Space Assignment A4 Sheets (One Side Ruled) (White),Stationery & Games,48,SUP-013-A,DOMS Industries Delhi,35.0,48.0,1680.0,2304.0,33.6,590.4
BST-088,PROD-006,Haldiram's Lite Mixture Namkeen,Chips & Namkeen,80,SUP-006-A,Haldiram Packers Limited,32.0,40.0,2560.0,3200.0,51.2,588.8
BST-069,PROD-013,Creative Space Assignment A4 Sheets (One Side Ruled) (White),Stationery & Games,47,SUP-013-A,DOMS Industries Delhi,35.0,48.0,1645.0,2256.0,32.9,578.1
BST-071,PROD-015,Creative Space 2mm Graph A4 Sheets (Green),Stationery & Games,47,SUP-015-A,DOMS Industries Delhi,36.0,49.0,1692.0,2303.0,33.84,577.16
BST-046,PROD-015,Creative Space 2mm Graph A4 Sheets (Green),Stationery & Games,47,SUP-015-A,DOMS Industries Delhi,36.0,49.0,1692.0,2303.0,33.84,577.16
BST-077,PROD-015,Creative Space 2mm Graph A4 Sheets (Green),Stationery & Games,47,SUP-015-A,DOMS Industries Delhi,36.0,49.0,1692.0,2303.0,33.84,577.16
BST-075,PROD-006,Haldiram's Lite Mixture Namkeen,Chips & Namkeen,77,SUP-006-A,Haldiram Packers Limited,32.0,40.0,2464.0,3080.0,49.28,566.72
BST-080,PROD-030,Brown & Polson Vanilla Custard Powder,Instant Food,60,SUP-030-A,MTR Food Packers,28.0,38.0,1680.0,2280.0,33.6,566.4
BST-082,PROD-030,Brown & Polson Vanilla Custard Powder,Instant Food,60,SUP-030-A,MTR Food Packers,28.0,38.0,1680.0,2280.0,33.6,566.4
BST-075,PROD-013,Creative Space Assignment A4 Sheets (One Side Ruled) (White),Stationery & Games,46,SUP-013-A,DOMS Industries Delhi,35.0,48.0,1610.0,2208.0,32.2,565.8
BST-043,PROD-015,Creative Space 2mm Graph A4 Sheets (Green),Stationery & Games,46,SUP-015-A,DOMS Industries Delhi,36.0,49.0,1656.0,2254.0,33.12,564.88
BST-009,PROD-015,Creative Space 2mm Graph A4 Sheets (Green),Stationery & Games,46,SUP-015-A,DOMS Industries Delhi,36.0,49.0,1656.0,2254.0,33.12,564.88
BST-062,PROD-015,Creative Space 2mm Graph A4 Sheets (Green),Stationery & Games,46,SUP-015-A,DOMS Industries Delhi,36.0,49.0,1656.0,2254.0,33.12,564.88
BST-075,PROD-015,Creative Space 2mm Graph A4 Sheets (Green),Stationery & Games,46,SUP-015-A,DOMS Industries Delhi,36.0,49.0,1656.0,2254.0,33.12,564.88
BST-075,PROD-023,Wrigley's Doublemint Peppermint Chewy Mint Candies,Sweets & Chocolates,60,SUP-023-A,Parle Confectioners,35.0,45.0,2100.0,2700.0,42.0,558.0
BST-029,PROD-016,Nayasa Frosty Bathroom Mug (Blue),Home & Lifestyle,31,SUP-016-A,Nayasa Household Plastics,50.0,69.0,1550.0,2139.0,31.0,558.0
BST-088,PROD-013,Creative Space Assignment A4 Sheets (One Side Ruled) (White),Stationery & Games,45,SUP-013-A,DOMS Industries Delhi,35.0,48.0,1575.0,2160.0,31.5,553.5
BST-076,PROD-015,Creative Space 2mm Graph A4 Sheets (Green),Stationery & Games,45,SUP-015-A,DOMS Industries Delhi,36.0,49.0,1620.0,2205.0,32.4,552.6
BST-003,PROD-030,Brown & Polson Vanilla Custard Powder,Instant Food,58,SUP-030-A,MTR Food Packers,28.0,38.0,1624.0,2204.0,32.480000000000004,547.52
BST-060,PROD-030,Brown & Polson Vanilla Custard Powder,Instant Food,58,SUP-030-A,MTR Food Packers,28.0,38.0,1624.0,2204.0,32.480000000000004,547.52
BST-079,PROD-030,Brown & Polson Vanilla Custard Powder,Instant Food,58,SUP-030-A,MTR Food Packers,28.0,38.0,1624.0,2204.0,32.480000000000004,547.52
BST-005,PROD-014,DOMS Max Water Colour Sketch Pens (Multicolour),Stationery & Games,57,SUP-014-A,DOMS Industries Delhi,25.0,35.0,1425.0,1995.0,28.5,541.5
BST-098,PROD-015,Creative Space 2mm Graph A4 Sheets (Green),Stationery & Games,44,SUP-015-A,DOMS Industries Delhi,36.0,49.0,1584.0,2156.0,31.68,540.32
BST-057,PROD-015,Creative Space 2mm Graph A4 Sheets (Green),Stationery & Games,44,SUP-015-A,DOMS Industries Delhi,36.0,49.0,1584.0,2156.0,31.68,540.32
BST-090,PROD-016,Nayasa Frosty Bathroom Mug (Blue),Home & Lifestyle,30,SUP-016-A,Nayasa Household Plastics,50.0,69.0,1500.0,2070.0,30.0,540.0
BST-029,PROD-015,Creative Space 2mm Graph A4 Sheets (Green),Stationery & Games,43,SUP-015-A,DOMS Industries Delhi,36.0,49.0,1548.0,2107.0,30.96,528.04
BST-035,PROD-015,Creative Space 2mm Graph A4 Sheets (Green),Stationery & Games,43,SUP-015-A,DOMS Industries Delhi,36.0,49.0,1548.0,2107.0,30.96,528.04
BST-026,PROD-014,DOMS Max Water Colour Sketch Pens (Multicolour),Stationery & Games,55,SUP-014-A,DOMS Industries Delhi,25.0,35.0,1375.0,1925.0,27.5,522.5
BST-041,PROD-030,Brown & Polson Vanilla Custard Powder,Instant Food,55,SUP-030-A,MTR Food Packers,28.0,38.0,1540.0,2090.0,30.8,519.2
BST-026,PROD-013,Creative Space Assignment A4 Sheets (One Side Ruled) (White),Stationery & Games,42,SUP-013-A,DOMS Industries Delhi,35.0,48.0,1470.0,2016.0,29.400000000000002,516.6
BST-038,PROD-015,Creative Space 2mm Graph A4 Sheets (Green),Stationery & Games,42,SUP-015-A,DOMS Industries Delhi,36.0,49.0,1512.0,2058.0,30.240000000000002,515.76
BST-090,PROD-015,Creative Space 2mm Graph A4 Sheets (Green),Stationery & Games,42,SUP-015-A,DOMS Industries Delhi,36.0,49.0,1512.0,2058.0,30.240000000000002,515.76
BST-094,PROD-015,Creative Space 2mm Graph A4 Sheets (Green),Stationery & Games,42,SUP-015-A,DOMS Industries Delhi,36.0,49.0,1512.0,2058.0,30.240000000000002,515.76
BST-012,PROD-030,Brown & Polson Vanilla Custard Powder,Instant Food,54,SUP-030-A,MTR Food Packers,28.0,38.0,1512.0,2052.0,30.240000000000002,509.76
BST-005,PROD-013,Creative Space Assignment A4 Sheets (One Side Ruled) (White),Stationery & Games,41,SUP-013-A,DOMS Industries Delhi,35.0,48.0,1435.0,1968.0,28.7,504.3
BST-047,PROD-015,Creative Space 2mm Graph A4 Sheets (Green),Stationery & Games,41,SUP-015-A,DOMS Industries Delhi,36.0,49.0,1476.0,2009.0,29.52,503.48
BST-066,PROD-030,Brown & Polson Vanilla Custard Powder,Instant Food,53,SUP-030-A,MTR Food Packers,28.0,38.0,1484.0,2014.0,29.68,500.32
BST-075,PROD-027,Kellogg's Chocos Fills Double Chocolaty Cereal,Dry Fruits & Cereals,23,SUP-027-A,Kellogg Cereal Packers,72.0,95.0,1656.0,2185.0,33.12,495.88
BST-015,PROD-030,Brown & Polson Vanilla Custard Powder,Instant Food,52,SUP-030-A,MTR Food Packers,28.0,38.0,1456.0,1976.0,29.12,490.88
BST-001,PROD-030,Brown & Polson Vanilla Custard Powder,Instant Food,51,SUP-030-A,MTR Food Packers,28.0,38.0,1428.0,1938.0,28.560000000000002,481.44
BST-089,PROD-030,Brown & Polson Vanilla Custard Powder,Instant Food,49,SUP-030-A,MTR Food Packers,28.0,38.0,1372.0,1862.0,27.44,462.56
BST-059,PROD-030,Brown & Polson Vanilla Custard Powder,Instant Food,49,SUP-030-A,MTR Food Packers,28.0,38.0,1372.0,1862.0,27.44,462.56
BST-020,PROD-030,Brown & Polson Vanilla Custard Powder,Instant Food,49,SUP-030-A,MTR Food Packers,28.0,38.0,1372.0,1862.0,27.44,462.56
BST-030,PROD-030,Brown & Polson Vanilla Custard Powder,Instant Food,48,SUP-030-A,MTR Food Packers,28.0,38.0,1344.0,1824.0,26.88,453.12
BST-018,PROD-030,Brown & Polson Vanilla Custard Powder,Instant Food,48,SUP-030-A,MTR Food Packers,28.0,38.0,1344.0,1824.0,26.88,453.12
BST-075,PROD-014,DOMS Max Water Colour Sketch Pens (Multicolour),Stationery & Games,47,SUP-014-A,DOMS Industries Delhi,25.0,35.0,1175.0,1645.0,23.5,446.5
BST-050,PROD-030,Brown & Polson Vanilla Custard Powder,Instant Food,46,SUP-030-A,MTR Food Packers,28.0,38.0,1288.0,1748.0,25.76,434.24
BST-067,PROD-030,Brown & Polson Vanilla Custard Powder,Instant Food,46,SUP-030-A,MTR Food Packers,28.0,38.0,1288.0,1748.0,25.76,434.24
BST-027,PROD-030,Brown & Polson Vanilla Custard Powder,Instant Food,46,SUP-030-A,MTR Food Packers,28.0,38.0,1288.0,1748.0,25.76,434.24
BST-073,PROD-030,Brown & Polson Vanilla Custard Powder,Instant Food,46,SUP-030-A,MTR Food Packers,28.0,38.0,1288.0,1748.0,25.76,434.24
BST-016,PROD-016,Nayasa Frosty Bathroom Mug (Blue),Home & Lifestyle,24,SUP-016-A,Nayasa Household Plastics,50.0,69.0,1200.0,1656.0,24.0,432.0
BST-047,PROD-030,Brown & Polson Vanilla Custard Powder,Instant Food,45,SUP-030-A,MTR Food Packers,28.0,38.0,1260.0,1710.0,25.2,424.8
BST-043,PROD-030,Brown & Polson Vanilla Custard Powder,Instant Food,45,SUP-030-A,MTR Food Packers,28.0,38.0,1260.0,1710.0,25.2,424.8
BST-083,PROD-030,Brown & Polson Vanilla Custard Powder,Instant Food,45,SUP-030-A,MTR Food Packers,28.0,38.0,1260.0,1710.0,25.2,424.8
BST-098,PROD-030,Brown & Polson Vanilla Custard Powder,Instant Food,45,SUP-030-A,MTR Food Packers,28.0,38.0,1260.0,1710.0,25.2,424.8
BST-031,PROD-030,Brown & Polson Vanilla Custard Powder,Instant Food,45,SUP-030-A,MTR Food Packers,28.0,38.0,1260.0,1710.0,25.2,424.8
BST-084,PROD-015,Creative Space 2mm Graph A4 Sheets (Green),Stationery & Games,34,SUP-015-A,DOMS Industries Delhi,36.0,49.0,1224.0,1666.0,24.48,417.52
BST-081,PROD-030,Brown & Polson Vanilla Custard Powder,Instant Food,44,SUP-030-A,MTR Food Packers,28.0,38.0,1232.0,1672.0,24.64,415.36
BST-072,PROD-030,Brown & Polson Vanilla Custard Powder,Instant Food,44,SUP-030-A,MTR Food Packers,28.0,38.0,1232.0,1672.0,24.64,415.36
BST-090,PROD-030,Brown & Polson Vanilla Custard Powder,Instant Food,44,SUP-030-A,MTR Food Packers,28.0,38.0,1232.0,1672.0,24.64,415.36
BST-028,PROD-030,Brown & Polson Vanilla Custard Powder,Instant Food,44,SUP-030-A,MTR Food Packers,28.0,38.0,1232.0,1672.0,24.64,415.36
BST-088,PROD-014,DOMS Max Water Colour Sketch Pens (Multicolour),Stationery & Games,43,SUP-014-A,DOMS Industries Delhi,25.0,35.0,1075.0,1505.0,21.5,408.5
BST-038,PROD-030,Brown & Polson Vanilla Custard Powder,Instant Food,43,SUP-030-A,MTR Food Packers,28.0,38.0,1204.0,1634.0,24.080000000000002,405.92
BST-026,PROD-029,Pillsbury Chocolate Flavour Pancake Mix,Instant Food,18,SUP-029-A,MTR Food Packers,78.0,102.0,1404.0,1836.0,28.080000000000002,403.92
BST-071,PROD-030,Brown & Polson Vanilla Custard Powder,Instant Food,42,SUP-030-A,MTR Food Packers,28.0,38.0,1176.0,1596.0,23.52,396.48
BST-094,PROD-030,Brown & Polson Vanilla Custard Powder,Instant Food,41,SUP-030-A,MTR Food Packers,28.0,38.0,1148.0,1558.0,22.96,387.04
BST-076,PROD-030,Brown & Polson Vanilla Custard Powder,Instant Food,39,SUP-030-A,MTR Food Packers,28.0,38.0,1092.0,1482.0,21.84,368.16
BST-029,PROD-030,Brown & Polson Vanilla Custard Powder,Instant Food,39,SUP-030-A,MTR Food Packers,28.0,38.0,1092.0,1482.0,21.84,368.16
BST-006,PROD-016,Nayasa Frosty Bathroom Mug (Blue),Home & Lifestyle,17,SUP-016-A,Nayasa Household Plastics,50.0,69.0,850.0,1173.0,17.0,306.0
BST-016,PROD-030,Brown & Polson Vanilla Custard Powder,Instant Food,32,SUP-030-A,MTR Food Packers,28.0,38.0,896.0,1216.0,17.92,302.08
BST-067,PROD-031,Roli Chawal Set with Chandan & Mishri by ServD...,Festive Specials,16,SUP-031-A,ServD Pooja Decoratives,40.0,59.0,640.0,944.0,12.8,291.2
BST-023,PROD-031,Roli Chawal Set with Chandan & Mishri by ServD...,Festive Specials,16,SUP-031-A,ServD Pooja Decoratives,40.0,59.0,640.0,944.0,12.8,291.2
BST-059,PROD-031,Roli Chawal Set with Chandan & Mishri by ServD...,Festive Specials,16,SUP-031-A,ServD Pooja Decoratives,40.0,59.0,640.0,944.0,12.8,291.2
BST-033,PROD-031,Roli Chawal Set with Chandan & Mishri by ServD...,Festive Specials,16,SUP-031-A,ServD Pooja Decoratives,40.0,59.0,640.0,944.0,12.8,291.2
BST-057,PROD-030,Brown & Polson Vanilla Custard Powder,Instant Food,30,SUP-030-A,MTR Food Packers,28.0,38.0,840.0,1140.0,16.8,283.2
BST-063,PROD-031,Roli Chawal Set with Chandan & Mishri by ServD...,Festive Specials,15,SUP-031-A,ServD Pooja Decoratives,40.0,59.0,600.0,885.0,12.0,273.0
BST-100,PROD-031,Roli Chawal Set with Chandan & Mishri by ServD...,Festive Specials,15,SUP-031-A,ServD Pooja Decoratives,40.0,59.0,600.0,885.0,12.0,273.0
BST-043,PROD-031,Roli Chawal Set with Chandan & Mishri by ServD...,Festive Specials,15,SUP-031-A,ServD Pooja Decoratives,40.0,59.0,600.0,885.0,12.0,273.0
BST-094,PROD-031,Roli Chawal Set with Chandan & Mishri by ServD...,Festive Specials,15,SUP-031-A,ServD Pooja Decoratives,40.0,59.0,600.0,885.0,12.0,273.0
BST-038,PROD-031,Roli Chawal Set with Chandan & Mishri by ServD...,Festive Specials,15,SUP-031-A,ServD Pooja Decoratives,40.0,59.0,600.0,885.0,12.0,273.0
BST-073,PROD-031,Roli Chawal Set with Chandan & Mishri by ServD...,Festive Specials,15,SUP-031-A,ServD Pooja Decoratives,40.0,59.0,600.0,885.0,12.0,273.0
BST-029,PROD-031,Roli Chawal Set with Chandan & Mishri by ServD...,Festive Specials,14,SUP-031-A,ServD Pooja Decoratives,40.0,59.0,560.0,826.0,11.200000000000001,254.8
BST-014,PROD-031,Roli Chawal Set with Chandan & Mishri by ServD...,Festive Specials,14,SUP-031-A,ServD Pooja Decoratives,40.0,59.0,560.0,826.0,11.200000000000001,254.8
BST-016,PROD-031,Roli Chawal Set with Chandan & Mishri by ServD...,Festive Specials,14,SUP-031-A,ServD Pooja Decoratives,40.0,59.0,560.0,826.0,11.200000000000001,254.8
BST-013,PROD-031,Roli Chawal Set with Chandan & Mishri by ServD...,Festive Specials,14,SUP-031-A,ServD Pooja Decoratives,40.0,59.0,560.0,826.0,11.200000000000001,254.8
BST-084,PROD-031,Roli Chawal Set with Chandan & Mishri by ServD...,Festive Specials,14,SUP-031-A,ServD Pooja Decoratives,40.0,59.0,560.0,826.0,11.200000000000001,254.8
BST-083,PROD-031,Roli Chawal Set with Chandan & Mishri by ServD...,Festive Specials,14,SUP-031-A,ServD Pooja Decoratives,40.0,59.0,560.0,826.0,11.200000000000001,254.8
BST-012,PROD-031,Roli Chawal Set with Chandan & Mishri by ServD...,Festive Specials,14,SUP-031-A,ServD Pooja Decoratives,40.0,59.0,560.0,826.0,11.200000000000001,254.8
BST-001,PROD-031,Roli Chawal Set with Chandan & Mishri by ServD...,Festive Specials,14,SUP-031-A,ServD Pooja Decoratives,40.0,59.0,560.0,826.0,11.200000000000001,254.8
BST-081,PROD-031,Roli Chawal Set with Chandan & Mishri by ServD...,Festive Specials,14,SUP-031-A,ServD Pooja Decoratives,40.0,59.0,560.0,826.0,11.200000000000001,254.8
BST-072,PROD-031,Roli Chawal Set with Chandan & Mishri by ServD...,Festive Specials,14,SUP-031-A,ServD Pooja Decoratives,40.0,59.0,560.0,826.0,11.200000000000001,254.8
BST-053,PROD-032,Raksha Bandhan Roli Chawal by Vidya,Festive Specials,18,SUP-032-A,ServD Pooja Decoratives,25.0,39.0,450.0,702.0,9.0,243.0
BST-046,PROD-032,Raksha Bandhan Roli Chawal by Vidya,Festive Specials,18,SUP-032-A,ServD Pooja Decoratives,25.0,39.0,450.0,702.0,9.0,243.0
BST-019,PROD-032,Raksha Bandhan Roli Chawal by Vidya,Festive Specials,16,SUP-032-A,ServD Pooja Decoratives,25.0,39.0,400.0,624.0,8.0,216.0
BST-078,PROD-032,Raksha Bandhan Roli Chawal by Vidya,Festive Specials,16,SUP-032-A,ServD Pooja Decoratives,25.0,39.0,400.0,624.0,8.0,216.0
BST-066,PROD-032,Raksha Bandhan Roli Chawal by Vidya,Festive Specials,16,SUP-032-A,ServD Pooja Decoratives,25.0,39.0,400.0,624.0,8.0,216.0
BST-085,PROD-032,Raksha Bandhan Roli Chawal by Vidya,Festive Specials,16,SUP-032-A,ServD Pooja Decoratives,25.0,39.0,400.0,624.0,8.0,216.0
BST-073,PROD-032,Raksha Bandhan Roli Chawal by Vidya,Festive Specials,15,SUP-032-A,ServD Pooja Decoratives,25.0,39.0,375.0,585.0,7.5,202.5
BST-063,PROD-032,Raksha Bandhan Roli Chawal by Vidya,Festive Specials,15,SUP-032-A,ServD Pooja Decoratives,25.0,39.0,375.0,585.0,7.5,202.5
BST-099,PROD-032,Raksha Bandhan Roli Chawal by Vidya,Festive Specials,15,SUP-032-A,ServD Pooja Decoratives,25.0,39.0,375.0,585.0,7.5,202.5
BST-012,PROD-032,Raksha Bandhan Roli Chawal by Vidya,Festive Specials,15,SUP-032-A,ServD Pooja Decoratives,25.0,39.0,375.0,585.0,7.5,202.5
BST-100,PROD-032,Raksha Bandhan Roli Chawal by Vidya,Festive Specials,15,SUP-032-A,ServD Pooja Decoratives,25.0,39.0,375.0,585.0,7.5,202.5
BST-093,PROD-032,Raksha Bandhan Roli Chawal by Vidya,Festive Specials,14,SUP-032-A,ServD Pooja Decoratives,25.0,39.0,350.0,546.0,7.0,189.0
BST-035,PROD-032,Raksha Bandhan Roli Chawal by Vidya,Festive Specials,14,SUP-032-A,ServD Pooja Decoratives,25.0,39.0,350.0,546.0,7.0,189.0
BST-092,PROD-032,Raksha Bandhan Roli Chawal by Vidya,Festive Specials,14,SUP-032-A,ServD Pooja Decoratives,25.0,39.0,350.0,546.0,7.0,189.0
BST-081,PROD-032,Raksha Bandhan Roli Chawal by Vidya,Festive Specials,14,SUP-032-A,ServD Pooja Decoratives,25.0,39.0,350.0,546.0,7.0,189.0
BST-060,PROD-032,Raksha Bandhan Roli Chawal by Vidya,Festive Specials,14,SUP-032-A,ServD Pooja Decoratives,25.0,39.0,350.0,546.0,7.0,189.0
BST-058,PROD-032,Raksha Bandhan Roli Chawal by Vidya,Festive Specials,14,SUP-032-A,ServD Pooja Decoratives,25.0,39.0,350.0,546.0,7.0,189.0
BST-083,PROD-033,Creative Space Satin Decoration Ribbon (7 m) (Red),Festive Specials,18,SUP-033-A,ServD Pooja Decoratives,15.0,21.0,270.0,378.0,5.4,102.6
BST-077,PROD-033,Creative Space Satin Decoration Ribbon (7 m) (Red),Festive Specials,18,SUP-033-A,ServD Pooja Decoratives,15.0,21.0,270.0,378.0,5.4,102.6
BST-090,PROD-033,Creative Space Satin Decoration Ribbon (7 m) (Red),Festive Specials,18,SUP-033-A,ServD Pooja Decoratives,15.0,21.0,270.0,378.0,5.4,102.6
BST-097,PROD-033,Creative Space Satin Decoration Ribbon (7 m) (Red),Festive Specials,17,SUP-033-A,ServD Pooja Decoratives,15.0,21.0,255.0,357.0,5.1000000000000005,96.9
BST-017,PROD-033,Creative Space Satin Decoration Ribbon (7 m) (Red),Festive Specials,17,SUP-033-A,ServD Pooja Decoratives,15.0,21.0,255.0,357.0,5.1000000000000005,96.9
BST-058,PROD-033,Creative Space Satin Decoration Ribbon (7 m) (Red),Festive Specials,17,SUP-033-A,ServD Pooja Decoratives,15.0,21.0,255.0,357.0,5.1000000000000005,96.9
BST-024,PROD-033,Creative Space Satin Decoration Ribbon (7 m) (Red),Festive Specials,16,SUP-033-A,ServD Pooja Decoratives,15.0,21.0,240.0,336.0,4.8,91.2
BST-047,PROD-033,Creative Space Satin Decoration Ribbon (7 m) (Red),Festive Specials,16,SUP-033-A,ServD Pooja Decoratives,15.0,21.0,240.0,336.0,4.8,91.2
BST-079,PROD-033,Creative Space Satin Decoration Ribbon (7 m) (Red),Festive Specials,16,SUP-033-A,ServD Pooja Decoratives,15.0,21.0,240.0,336.0,4.8,91.2
BST-007,PROD-033,Creative Space Satin Decoration Ribbon (7 m) (Red),Festive Specials,16,SUP-033-A,ServD Pooja Decoratives,15.0,21.0,240.0,336.0,4.8,91.2
BST-065,PROD-033,Creative Space Satin Decoration Ribbon (7 m) (Red),Festive Specials,16,SUP-033-A,ServD Pooja Decoratives,15.0,21.0,240.0,336.0,4.8,91.2
BST-085,PROD-033,Creative Space Satin Decoration Ribbon (7 m) (Red),Festive Specials,16,SUP-033-A,ServD Pooja Decoratives,15.0,21.0,240.0,336.0,4.8,91.2
BST-092,PROD-033,Creative Space Satin Decoration Ribbon (7 m) (Red),Festive Specials,15,SUP-033-A,ServD Pooja Decoratives,15.0,21.0,225.0,315.0,4.5,85.5
BST-082,PROD-033,Creative Space Satin Decoration Ribbon (7 m) (Red),Festive Specials,15,SUP-033-A,ServD Pooja Decoratives,15.0,21.0,225.0,315.0,4.5,85.5
BST-059,PROD-033,Creative Space Satin Decoration Ribbon (7 m) (Red),Festive Specials,15,SUP-033-A,ServD Pooja Decoratives,15.0,21.0,225.0,315.0,4.5,85.5
BST-034,PROD-033,Creative Space Satin Decoration Ribbon (7 m) (Red),Festive Specials,15,SUP-033-A,ServD Pooja Decoratives,15.0,21.0,225.0,315.0,4.5,85.5
BST-054,PROD-033,Creative Space Satin Decoration Ribbon (7 m) (Red),Festive Specials,15,SUP-033-A,ServD Pooja Decoratives,15.0,21.0,225.0,315.0,4.5,85.5
BST-043,PROD-033,Creative Space Satin Decoration Ribbon (7 m) (Red),Festive Specials,15,SUP-033-A,ServD Pooja Decoratives,15.0,21.0,225.0,315.0,4.5,85.5
BST-096,PROD-033,Creative Space Satin Decoration Ribbon (7 m) (Red),Festive Specials,15,SUP-033-A,ServD Pooja Decoratives,15.0,21.0,225.0,315.0,4.5,85.5
BST-029,PROD-033,Creative Space Satin Decoration Ribbon (7 m) (Red),Festive Specials,15,SUP-033-A,ServD Pooja Decoratives,15.0,21.0,225.0,315.0,4.5,85.5
BST-098,PROD-033,Creative Space Satin Decoration Ribbon (7 m) (Red),Festive Specials,14,SUP-033-A,ServD Pooja Decoratives,15.0,21.0,210.0,294.0,4.2,79.8
BST-099,PROD-033,Creative Space Satin Decoration Ribbon (7 m) (Red),Festive Specials,14,SUP-033-A,ServD Pooja Decoratives,15.0,21.0,210.0,294.0,4.2,79.8
BST-084,PROD-033,Creative Space Satin Decoration Ribbon (7 m) (Red),Festive Specials,14,SUP-033-A,ServD Pooja Decoratives,15.0,21.0,210.0,294.0,4.2,79.8
BST-033,PROD-033,Creative Space Satin Decoration Ribbon (7 m) (Red),Festive Specials,14,SUP-033-A,ServD Pooja Decoratives,15.0,21.0,210.0,294.0,4.2,79.8
BST-076,PROD-033,Creative Space Satin Decoration Ribbon (7 m) (Red),Festive Specials,14,SUP-033-A,ServD Pooja Decoratives,15.0,21.0,210.0,294.0,4.2,79.8
BST-045,PROD-033,Creative Space Satin Decoration Ribbon (7 m) (Red),Festive Specials,14,SUP-033-A,ServD Pooja Decoratives,15.0,21.0,210.0,294.0,4.2,79.8
BST-031,PROD-033,Creative Space Satin Decoration Ribbon (7 m) (Red),Festive Specials,14,SUP-033-A,ServD Pooja Decoratives,15.0,21.0,210.0,294.0,4.2,79.8
BST-040,PROD-033,Creative Space Satin Decoration Ribbon (7 m) (Red),Festive Specials,14,SUP-033-A,ServD Pooja Decoratives,15.0,21.0,210.0,294.0,4.2,79.8
